<?xml version="1.0" encoding="utf-8" standalone="no" ?>
<wheel>
	<default>
        <physics 	radius="0.37" width="0.3" mass="0.01" tireType="street" frictionScale="6.0" maxLongStiffness="4" maxLatStiffness="100" maxLatStiffnessLoad="2" />
        <tire filename="-" nodeLeft="-" nodeRight="-" maxDeformation="-" isCareWheel="-" tireTrackAtlasIndex="-" />
        <outerRim filename="-" node="-" widthAndDiam="-" />
        <innerRim filename="-" nodeLeft="-" nodeRight="-" widthAndDiam="-" scale="-" />
    </default>
    <configurations>
<!-- stock/-->
		<configuration id="stock" >
			<tire 		filename="wheels/wheel240z.i3d" nodeLeft="0|0" nodeRight="0|0" maxDeformation="0.06" isCareWheel="false" tireTrackAtlasIndex="12"/>
			<innerRim 	filename="wheels/wheel240z.i3d" nodeLeft="1|0" nodeRight="1|1" />        
        </configuration>
<!-- stock/-->
		<configuration id="stockW/Ocap" >
			<tire 		filename="wheels/wheel240z.i3d" nodeLeft="0|0" nodeRight="0|0" maxDeformation="0.06" isCareWheel="false" tireTrackAtlasIndex="12"/>
			<innerRim 	filename="wheels/wheel240z.i3d" nodeLeft="1|2" nodeRight="1|3" />        
        </configuration>
		
<!-- watanabe front/-->
		<configuration id="watsf" >
			<tire 		filename="wheels/wheel240z.i3d" nodeLeft="0|1" nodeRight="0|1" maxDeformation="0.06" isCareWheel="false" tireTrackAtlasIndex="12"/>
			<innerRim 	filename="wheels/wheel240z.i3d" nodeLeft="2|0" nodeRight="2|1" />        
        </configuration>
<!-- watanabe rear/-->
		<configuration id="watsr" >
			<tire 		filename="wheels/wheel240z.i3d" nodeLeft="0|2" nodeRight="0|2" maxDeformation="0.06" isCareWheel="false" tireTrackAtlasIndex="12"/>
			<innerRim 	filename="wheels/wheel240z.i3d" nodeLeft="4|0" nodeRight="4|1" />        
        </configuration>
		
<!-- watanabe front chrome lip/-->
		<configuration id="watsfch" >
			<tire 		filename="wheels/wheel240z.i3d" nodeLeft="0|1" nodeRight="0|1" maxDeformation="0.06" isCareWheel="false" tireTrackAtlasIndex="12"/>
			<innerRim 	filename="wheels/wheel240z.i3d" nodeLeft="2|2" nodeRight="2|3" />        
        </configuration>
<!-- watanabe rear chrome lip/-->
		<configuration id="watsrch" >
			<tire 		filename="wheels/wheel240z.i3d" nodeLeft="0|2" nodeRight="0|2" maxDeformation="0.06" isCareWheel="false" tireTrackAtlasIndex="12"/>
			<innerRim 	filename="wheels/wheel240z.i3d" nodeLeft="4|2" nodeRight="4|3" />        
        </configuration>
		
<!-- te37 15 front/-->
		<configuration id="te3715f" >
			<tire 		filename="wheels/wheel240z.i3d" nodeLeft="0|1" nodeRight="0|1" maxDeformation="0.06" isCareWheel="false" tireTrackAtlasIndex="12"/>
			<innerRim 	filename="wheels/wheel240z.i3d" nodeLeft="2|4" nodeRight="2|5" />        
        </configuration>
<!-- te37 15 rear/-->
		<configuration id="te3715r" >
			<tire 		filename="wheels/wheel240z.i3d" nodeLeft="0|2" nodeRight="0|2" maxDeformation="0.06" isCareWheel="false" tireTrackAtlasIndex="12"/>
			<innerRim 	filename="wheels/wheel240z.i3d" nodeLeft="4|4" nodeRight="4|5" />        
        </configuration>
		
<!-- te37 15 front chrome lip/-->
		<configuration id="te3715fch" >
			<tire 		filename="wheels/wheel240z.i3d" nodeLeft="0|1" nodeRight="0|1" maxDeformation="0.06" isCareWheel="false" tireTrackAtlasIndex="12"/>
			<innerRim 	filename="wheels/wheel240z.i3d" nodeLeft="2|6" nodeRight="2|7" />        
        </configuration>
<!-- te37 15 rear chrome lip/-->
		<configuration id="te3715rch" >
			<tire 		filename="wheels/wheel240z.i3d" nodeLeft="0|2" nodeRight="0|2" maxDeformation="0.06" isCareWheel="false" tireTrackAtlasIndex="12"/>
			<innerRim 	filename="wheels/wheel240z.i3d" nodeLeft="4|6" nodeRight="4|7" />        
        </configuration>
		
<!-- formula mesh front/-->
		<configuration id="meshf" >
			<tire 		filename="wheels/wheel240z.i3d" nodeLeft="0|1" nodeRight="0|1" maxDeformation="0.06" isCareWheel="false" tireTrackAtlasIndex="12"/>
			<innerRim 	filename="wheels/wheel240z.i3d" nodeLeft="2|8" nodeRight="2|9" />        
        </configuration>
<!-- formula mesh rear/-->
		<configuration id="meshr" >
			<tire 		filename="wheels/wheel240z.i3d" nodeLeft="0|2" nodeRight="0|2" maxDeformation="0.06" isCareWheel="false" tireTrackAtlasIndex="12"/>
			<innerRim 	filename="wheels/wheel240z.i3d" nodeLeft="4|8" nodeRight="4|9" />        
        </configuration>
		
<!-- advan ada front/-->
		<configuration id="adaf" >
			<tire 		filename="wheels/wheel240z.i3d" nodeLeft="0|1" nodeRight="0|1" maxDeformation="0.06" isCareWheel="false" tireTrackAtlasIndex="12"/>
			<innerRim 	filename="wheels/wheel240z2.i3d" nodeLeft="0|0" nodeRight="0|1" />        
        </configuration>
<!-- advan ada rear/-->
		<configuration id="adar" >
			<tire 		filename="wheels/wheel240z.i3d" nodeLeft="0|2" nodeRight="0|2" maxDeformation="0.06" isCareWheel="false" tireTrackAtlasIndex="12"/>
			<innerRim 	filename="wheels/wheel240z2.i3d" nodeLeft="1|0" nodeRight="1|1" />        
        </configuration>
		
<!-- advan br1 front/-->
		<configuration id="br1f" >
			<tire 		filename="wheels/wheel240z.i3d" nodeLeft="0|1" nodeRight="0|1" maxDeformation="0.06" isCareWheel="false" tireTrackAtlasIndex="12"/>
			<innerRim 	filename="wheels/wheel240z2.i3d" nodeLeft="0|2" nodeRight="0|3" />        
        </configuration>
<!-- advan br1 rear/-->
		<configuration id="br1r" >
			<tire 		filename="wheels/wheel240z.i3d" nodeLeft="0|2" nodeRight="0|2" maxDeformation="0.06" isCareWheel="false" tireTrackAtlasIndex="12"/>
			<innerRim 	filename="wheels/wheel240z2.i3d" nodeLeft="1|2" nodeRight="1|3" />        
        </configuration>
		
<!-- advan a3e front/-->
		<configuration id="a3ef" >
			<tire 		filename="wheels/wheel240z.i3d" nodeLeft="0|1" nodeRight="0|1" maxDeformation="0.06" isCareWheel="false" tireTrackAtlasIndex="12"/>
			<innerRim 	filename="wheels/wheel240z2.i3d" nodeLeft="0|4" nodeRight="0|5" />        
        </configuration>
<!-- advan a3e rear/-->
		<configuration id="a3er" >
			<tire 		filename="wheels/wheel240z.i3d" nodeLeft="0|2" nodeRight="0|2" maxDeformation="0.06" isCareWheel="false" tireTrackAtlasIndex="12"/>
			<innerRim 	filename="wheels/wheel240z2.i3d" nodeLeft="1|4" nodeRight="1|5" />        
        </configuration>
		
<!-- advan a3c front/-->
		<configuration id="a3cf" >
			<tire 		filename="wheels/wheel240z.i3d" nodeLeft="0|1" nodeRight="0|1" maxDeformation="0.06" isCareWheel="false" tireTrackAtlasIndex="12"/>
			<innerRim 	filename="wheels/wheel240z2.i3d" nodeLeft="0|8" nodeRight="0|9" />        
        </configuration>
<!-- advan a3c rear/-->
		<configuration id="a3cr" >
			<tire 		filename="wheels/wheel240z.i3d" nodeLeft="0|2" nodeRight="0|2" maxDeformation="0.06" isCareWheel="false" tireTrackAtlasIndex="12"/>
			<innerRim 	filename="wheels/wheel240z2.i3d" nodeLeft="1|8" nodeRight="1|9" />        
        </configuration>
		
<!-- advan a3a front/-->
		<configuration id="a3af" >
			<tire 		filename="wheels/wheel240z.i3d" nodeLeft="0|1" nodeRight="0|1" maxDeformation="0.06" isCareWheel="false" tireTrackAtlasIndex="12"/>
			<innerRim 	filename="wheels/wheel240z2.i3d" nodeLeft="0|12" nodeRight="0|13" />        
        </configuration>
<!-- advan a3a rear/-->
		<configuration id="a3ar" >
			<tire 		filename="wheels/wheel240z.i3d" nodeLeft="0|2" nodeRight="0|2" maxDeformation="0.06" isCareWheel="false" tireTrackAtlasIndex="12"/>
			<innerRim 	filename="wheels/wheel240z2.i3d" nodeLeft="1|12" nodeRight="1|13" />        
        </configuration>
		
<!-- advan oni front/-->
		<configuration id="onif" >
			<tire 		filename="wheels/wheel240z.i3d" nodeLeft="0|1" nodeRight="0|1" maxDeformation="0.06" isCareWheel="false" tireTrackAtlasIndex="12"/>
			<innerRim 	filename="wheels/wheel240z2.i3d" nodeLeft="4" nodeRight="5" />        
        </configuration>
<!-- advan oni rear/-->
		<configuration id="onir" >
			<tire 		filename="wheels/wheel240z.i3d" nodeLeft="0|2" nodeRight="0|2" maxDeformation="0.06" isCareWheel="false" tireTrackAtlasIndex="12"/>
			<innerRim 	filename="wheels/wheel240z2.i3d" nodeLeft="6" nodeRight="7" />        
        </configuration>
		
<!-- enkei riverge front/-->
		<configuration id="rivergef" >
			<tire 		filename="wheels/wheel240z.i3d" nodeLeft="0|1" nodeRight="0|1" maxDeformation="0.06" isCareWheel="false" tireTrackAtlasIndex="12"/>
			<innerRim 	filename="wheels/wheel240z2.i3d" nodeLeft="2|0" nodeRight="2|1" />        
        </configuration>
<!-- enkei riverge rear/-->
		<configuration id="riverger" >
			<tire 		filename="wheels/wheel240z.i3d" nodeLeft="0|2" nodeRight="0|2" maxDeformation="0.06" isCareWheel="false" tireTrackAtlasIndex="12"/>
			<innerRim 	filename="wheels/wheel240z2.i3d" nodeLeft="3|0" nodeRight="3|1" />        
        </configuration>
		
<!-- te37 16 front/-->
		<configuration id="te3716f" >
			<tire 		filename="wheels/wheel240z.i3d" nodeLeft="0|3" nodeRight="0|3" maxDeformation="0.06" isCareWheel="false" tireTrackAtlasIndex="12"/>
			<innerRim 	filename="wheels/wheel240z.i3d" nodeLeft="3|0" nodeRight="3|1" />        
        </configuration>
<!-- te37 16 rear/-->
		<configuration id="te3716r" >
			<tire 		filename="wheels/wheel240z.i3d" nodeLeft="0|4" nodeRight="0|4" maxDeformation="0.06" isCareWheel="false" tireTrackAtlasIndex="12"/>
			<innerRim 	filename="wheels/wheel240z.i3d" nodeLeft="5|0" nodeRight="5|1" />        
        </configuration>
		
<!-- te37 16 front chrome lip/-->
		<configuration id="te3716fch" >
			<tire 		filename="wheels/wheel240z.i3d" nodeLeft="0|3" nodeRight="0|3" maxDeformation="0.06" isCareWheel="false" tireTrackAtlasIndex="12"/>
			<innerRim 	filename="wheels/wheel240z.i3d" nodeLeft="3|2" nodeRight="3|3" />        
        </configuration>
<!-- te37 16 rear chrome lip/-->
		<configuration id="te3716rch" >
			<tire 		filename="wheels/wheel240z.i3d" nodeLeft="0|4" nodeRight="0|4" maxDeformation="0.06" isCareWheel="false" tireTrackAtlasIndex="12"/>
			<innerRim 	filename="wheels/wheel240z.i3d" nodeLeft="5|2" nodeRight="5|3" />        
        </configuration>
    </configurations>
</wheel>

	