<?xml version="1.0" encoding="utf-8" standalone="no" ?>
<l10n>
	<texts>
		<text name="input_IC_SPACE"><pl>Przełącz IC</pl><en>Switch IC State</en><de>IC-Status wechseln</de><fr>Commutateur IC</fr></text>
        <text name="input_IC_MOUSE"><pl>Aktywuj IC</pl> <en>Change IC State</en><de>IC aktivieren</de><fr>Activer IC</fr></text>
        <text name="InteractiveControl_Off"><pl>Wyłącz IC</pl><en>Disable IC</en><de>IC deaktivieren</de><fr>Éteignez l'IC</fr></text>
        <text name="InteractiveControl_On"><pl>Włącz IC</pl><en>Enable IC</en><de>IC aktivieren</de><fr>Allumer le IC</fr></text>
        <text name="ic_component_close"><pl>Zamknij %s</pl> <en>Close %s</en><de>Schließen %s</de><fr>Proche %s</fr></text>
        <text name="ic_component_open"><pl>Otwórz %s</pl><en>Open %s</en><de>Öffnen %s</de><fr>Ouvert %s</fr></text>
        <text name="ic_button_on"><pl>Aktywuj %s</pl><en>Activate %s</en><de>Aktivieren %s</de><fr>Activer %s</fr></text>
        <text name="ic_button_off"><pl>Dezaktywuj %s</pl><en>Deactivate %s</en><de>Deaktivieren %s</de><fr>Désactiver %s</fr></text>
		<text name="Up"><pl>Prawe drzwi</pl><en>Up</en><de>Rechte Tür</de><fr>Porte droite</fr></text>
	</texts>
</l10n>
