﻿<?xml version="1.0" encoding="utf-8" standalone="no" ?>
<modDesc descVersion="40">
    <author>Expendables, Stooges Mafia, itssdot93, Bo850</author>
    <version>0.1.0.0</version>
    <title>
        <en>Ram Helltruck</en>
    </title>
    <description>Dodge Hell Truck</description>
    <iconFilename>store.dds</iconFilename>
    <multiplayer supported="true" />

    <storeItems>
        <storeItem xmlFilename="RAM.xml"/>
    </storeItems>
	
	<brands>
		<brand name="RAM" title="RAM" image="brand_RAM.dds" />
	</brands>
	
    <specializations>
        <specialization name="interactiveControl" className="InteractiveControl" filename="Scripts/InteractiveControl.lua" />
        <specialization name="interactiveWindows" className="InteractiveWindows" filename="Scripts/InteractiveWindows.lua" />
    </specializations>

    <vehicleTypes>
        <type name="RamHell" parent="baseDrivable" className="Vehicle" filename="$dataS/scripts/vehicles/Vehicle.lua">
            <specialization name="interactiveControl" />
            <specialization name="interactiveWindows" />    
        </type>
    </vehicleTypes>

    <l10n filenamePrefix="l10n">
        <text name="input_IC_SPACE"><pl>Przełącz IC</pl><en>Switch IC State</en><de>IC-Status wechseln</de><fr>Commutateur IC</fr></text>
        <text name="input_IC_MOUSE"><pl>Aktywuj IC</pl> <en>Change IC State</en><de>IC aktivieren</de><fr>Activer IC</fr></text>
        <text name="InteractiveControl_Off"><pl>Wyłącz IC</pl><en>Disable IC</en><de>IC deaktivieren</de><fr>Éteignez l'IC</fr></text>
        <text name="InteractiveControl_On"><pl>Włącz IC</pl><en>Enable IC</en><de>IC aktivieren</de><fr>Allumer le IC</fr></text>
        <text name="ic_component_close"><pl>Zamknij %s</pl> <en>Close %s</en><de>Schließen %s</de><fr>Proche %s</fr></text>
        <text name="ic_component_open"><pl>Otwórz %s</pl><en>Open %s</en><de>Öffnen %s</de><fr>Ouvert %s</fr></text>
        <text name="ic_button_on"><pl>Aktywuj %s</pl><en>Activate %s</en><de>Aktivieren %s</de><fr>Activer %s</fr></text>
        <text name="ic_button_off"><pl>Dezaktywuj %s</pl><en>Deactivate %s</en><de>Deaktivieren %s</de><fr>Désactiver %s</fr></text>
        <text name="Middle"><pl>Lewe drzwi</pl><en>Middle</en><de>Linke Tür</de><fr>Porte gauche</fr></text>
        <text name="Up"><pl>Prawe drzwi</pl><en>Up</en><de>Rechte Tür</de><fr>Porte droite</fr></text>
    </l10n>

    <actions>   
        <action name="IC_SPACE"                 category="VEHICLE"      axisType="HALF"/>
        <action name="IC_MOUSE"                 category="VEHICLE"      axisType="HALF"/>
    </actions>
    <inputBinding>
        <actionBinding action="IC_SPACE">
            <binding device="KB_MOUSE_DEFAULT"  input="KEY_lctrl" axisComponent="+" neutralInput="0" index="1"/>
        </actionBinding>
        <actionBinding action="IC_MOUSE">
            <binding device="KB_MOUSE_DEFAULT" input="MOUSE_BUTTON_LEFT" index="3"/>
        </actionBinding>
    </inputBinding>     
</modDesc>
