﻿<?xml version="1.0" encoding="utf-8" standalone="no" ?>
<vehicle type="RamHell">
    <annotation>Copyright (C) GIANTS Software GmbH, All Rights Reserved.</annotation>

    <storeData>
        <name>Ram Helltruck</name>
        <specs>
            <power>700</power>
            <maxSpeed>258</maxSpeed>
        </specs>
        <functions>
            <function>$l10n_function_truck</function>
        </functions>
        <image>store.dds</image>
        <price>30000</price>
        <lifetime>600</lifetime>
        <rotation>0</rotation>
        <brand>RAM</brand>
        <category>cars</category>
        <vertexBufferMemoryUsage>1484212</vertexBufferMemoryUsage>
        <indexBufferMemoryUsage>360324</indexBufferMemoryUsage>
        <textureMemoryUsage>14330864</textureMemoryUsage>
        <instanceVertexBufferMemoryUsage>0</instanceVertexBufferMemoryUsage>
        <instanceIndexBufferMemoryUsage>0</instanceIndexBufferMemoryUsage>
    </storeData>

    <base>
        <typeDesc>$l10n_typeDesc_car</typeDesc>
        <filename>RAM.i3d</filename>
        <size width="2.5" length="6"/>
        <components count="1">
            <component centerOfMass="0 .65 0" solverIterationCount="20" mass="8500" />
			
        </components>
        <schemaOverlay attacherJointPosition="0 0">
            <default name="DEFAULT_VEHICLE"/>
            <selected name="DEFAULT_VEHICLE_SELECTED"/>
        </schemaOverlay>
    </base>

    <wheels>
        <wheelConfigurations>
			<wheelConfiguration name="$l10n_configuration_valueDefault" price="0">
				<wheels autoRotateBackSpeed="2.5">
                    <wheel filename="wheels/wheels.xml" configId="front" isLeft="true" hasParticles="true" hasTireTracks="true">
                        <physics rotSpeed="1" restLoad="0.5" repr="wheelFrontLeft" forcePointRatio="0.5" initialCompression="10" suspTravel="0.65" spring="15" damper="2.8" />
                    </wheel>
                    <wheel filename="wheels/wheels.xml" configId="front" isLeft="false" hasParticles="true" hasTireTracks="true">
                        <physics rotSpeed="1" restLoad="0.5" repr="wheelFrontRight" forcePointRatio="0.5" initialCompression="10" suspTravel="0.65" spring="15" damper="2.8" />
                    </wheel>
                    <wheel filename="wheels/wheels.xml" configId="rear" isLeft="true" hasParticles="true" hasTireTracks="true">
                        <physics rotSpeed="0" restLoad="0.5" repr="wheelBackLeft" forcePointRatio="0.5" initialCompression="10" suspTravel="0.55" spring="25" damper="2.9" />
						<additionalWheel filename="wheels/wheels.xml" configId="dual" offset="0.075" hasParticles="true" hasTireTracks="true" />
                    </wheel>
                    <wheel filename="wheels/wheels.xml" configId="rear" isLeft="false" hasParticles="true" hasTireTracks="true">
                        <physics rotSpeed="0" restLoad="0.5" repr="wheelBackRight" forcePointRatio="0.5" initialCompression="10" suspTravel="0.55" spring="25" damper="2.9" />
						<additionalWheel filename="wheels/wheels.xml" configId="dual" offset="0.075" hasParticles="true" hasTireTracks="true" />
                    </wheel>
				</wheels>
								
				<!-- <objectChange node="DRW_fenders" visibilityActive="false" visibilityInactive="true"/>
				<objectChange node="DRW_lights" visibilityActive="false" visibilityInactive="true"/> -->
            </wheelConfiguration>
			<wheelConfiguration name="Fuel Wheels" price="2000">
				<wheels autoRotateBackSpeed="2.5">
                    <wheel filename="wheels/wheels.xml" configId="front_fuel" isLeft="true" hasParticles="true" hasTireTracks="true">
                        <physics rotSpeed="1" restLoad="0.5" repr="wheelFrontLeft"  forcePointRatio="0.5" initialCompression="10" suspTravel="0.65" spring="15" damper="3.8" />
                    </wheel>
                    <wheel filename="wheels/wheels.xml" configId="front_fuel" isLeft="false" hasParticles="true" hasTireTracks="true">
                        <physics rotSpeed="1" restLoad="0.5" repr="wheelFrontRight" forcePointRatio="0.5" initialCompression="10" suspTravel="0.65" spring="15" damper="3.8" />
                    </wheel>
                    <wheel filename="wheels/wheels.xml" configId="rear_fuel" isLeft="true" hasParticles="true" hasTireTracks="true">
                        <physics rotSpeed="0" restLoad="0.5" repr="wheelBackLeft" forcePointRatio="0.5" initialCompression="10" suspTravel="0.55" spring="25" damper="3.9" />
						<additionalWheel filename="wheels/wheels.xml" configId="dual" offset="0.075" hasParticles="true" hasTireTracks="true" />
                    </wheel>
                    <wheel filename="wheels/wheels.xml" configId="rear_fuel" isLeft="false" hasParticles="true" hasTireTracks="true">
                        <physics rotSpeed="0" restLoad="0.5" repr="wheelBackRight" forcePointRatio="0.5" initialCompression="10" suspTravel="0.55" spring="25" damper="3.9" />
						<additionalWheel filename="wheels/wheels.xml" configId="dual" offset="0.075" hasParticles="true" hasTireTracks="true" />
                    </wheel>
				</wheels>
				
			<!-- 	<objectChange node="DRW_fenders" visibilityActive="false" visibilityInactive="true"/>
				<objectChange node="DRW_lights" visibilityActive="false" visibilityInactive="true"/> -->
            </wheelConfiguration>
						<wheelConfiguration name="Mayhem Wheels" price="2000">
				<wheels autoRotateBackSpeed="2.5">
                    <wheel filename="wheels/wheels.xml" configId="front_mayhem" isLeft="true" hasParticles="true" hasTireTracks="true">
                        <physics rotSpeed="1" restLoad="0.5" repr="wheelFrontLeft"  forcePointRatio="0.5" initialCompression="10" suspTravel="0.65" spring="15" damper="2.8" />
                    </wheel>
                    <wheel filename="wheels/wheels.xml" configId="front_mayhem" isLeft="false" hasParticles="true" hasTireTracks="true">
                        <physics rotSpeed="1" restLoad="0.5" repr="wheelFrontRight" forcePointRatio="0.5" initialCompression="10" suspTravel="0.65" spring="15" damper="2.8" />
                    </wheel>
                    <wheel filename="wheels/wheels.xml" configId="rear_mayhem" isLeft="true" hasParticles="true" hasTireTracks="true">
                        <physics rotSpeed="0" restLoad="0.5" repr="wheelBackLeft" forcePointRatio="0.5" initialCompression="10" suspTravel="0.55" spring="25" damper="2.9" />
						<additionalWheel filename="wheels/wheels.xml" configId="dual" offset="0.075" hasParticles="true" hasTireTracks="true" />
                    </wheel>
                    <wheel filename="wheels/wheels.xml" configId="rear_mayhem" isLeft="false" hasParticles="true" hasTireTracks="true">
                        <physics rotSpeed="0" restLoad="0.5" repr="wheelBackRight" forcePointRatio="0.5" initialCompression="10" suspTravel="0.55" spring="25" damper="2.9" />
						<additionalWheel filename="wheels/wheels.xml" configId="dual" offset="0.075" hasParticles="true" hasTireTracks="true" />
                    </wheel>
				</wheels>
				
			<!-- 	<objectChange node="DRW_fenders" visibilityActive="false" visibilityInactive="true"/>
				<objectChange node="DRW_lights" visibilityActive="false" visibilityInactive="true"/> -->
            </wheelConfiguration>
        </wheelConfigurations>
        <ackermannSteeringConfigurations>
            <ackermannSteering rotSpeed="45" rotMax="42" rotCenterWheel1="3" rotCenterWheel2="4" />
        </ackermannSteeringConfigurations>

        <rimColor material="8">0.98 0.98 0.98</rimColor>
    </wheels>

    <rimColorConfigurations price="600" useDefaultColors="false">
        <rimColorConfiguration name="New Silver" color="SHARED_GREY2" material="27"/>
        <rimColorConfiguration name="Scarlet Red"  color="CASEIH_RED1" material="27"/>
        <rimColorConfiguration name="Pearl White"  color="STOLL_WHITE2" material="27"/>
        <rimColorConfiguration name="Gun Metal"  color="SHARED_GREY5" material="27"/>
        <rimColorConfiguration name="Blaze Orange"  color="FLIEGL_ORANGE1" material="27"/>
        <rimColorConfiguration name="Nitro Blue"  color="NEWHOLLAND_BLUE1" material="27"/>
        <rimColorConfiguration name="Deep Blue"  color="HATZENBICHLER_DARKBLUE1" material="27"/>
        <rimColorConfiguration name="Deer Green"  color="JOHNDEERE_GREEN1" material="27"/>
        <rimColorConfiguration name="Deer Yellow"  color="JOHNDEERE_YELLOW1" material="27"/>
        <rimColorConfiguration color="0.8 0 1 1" />
        <rimColorConfiguration color="0.25 0.8 0.01 1" />
        <rimColorConfiguration color="0 0.2 0.3 1" />
        <rimColorConfiguration color="0.1 0.2 0.5 1" />
        <rimColorConfiguration color="0 0.8 1 1" />
        <rimColorConfiguration color="0.9 0 0 1" />
        <rimColorConfiguration color="0.1 0 0.01 1" />
        <rimColorConfiguration color="0 1 0 1" />
        <rimColorConfiguration color="0 0 0.1 1" />
        <rimColorConfiguration color="0 0 0.3 1" />
        <rimColorConfiguration color="0 0 0 1" />
        <rimColorConfiguration color="1 0 1 1" />
        <rimColorConfiguration color="0 0.357 0.627 1" />
        <rimColorConfiguration color="0.8 0 1 35" />
        <rimColorConfiguration color="0.25 0.8 0.01 35" />
        <rimColorConfiguration color="0 0.2 0.3 35" />
        <rimColorConfiguration color="0.1 0.2 0.5 35" />
        <rimColorConfiguration color="0 0.8 1 35" />
        <rimColorConfiguration color="0.9 0 0 35" />
        <rimColorConfiguration color="0.1 0 0.01 35" />
        <rimColorConfiguration color="0 1 0 35" />
        <rimColorConfiguration color="0 0 0.1 35" />
        <rimColorConfiguration color="0 0 0.3 35" />
        <rimColorConfiguration color="0 0 0 35" />
        <rimColorConfiguration color="1 0 1 35" />
        <rimColorConfiguration color="0 0.357 0.627 35" />
        <colorNode node="0>1|0" />
    </rimColorConfigurations>
	<lights>
        <states>
            <state lightTypes="0"/>
            <state lightTypes="0 1"/>
            <state lightTypes="0 1 2"/>
            <state lightTypes="0 1 2 3"/>
		        <state lightTypes="0 1 2 3 4"/>
        </states>
        <realLights>
            <low>
                <light node="frontLightLow" lightTypes="2"/>
                <light node="highBeamHigh" lightTypes="3"/>
				<light node="BedRunning1Light" lightTypes="1"/>
				<light node="BedRunning2Light" lightTypes="1"/>
				<light node="CabLights" lightTypes="1"/>
				<light node="CabLightsRear" lightTypes="1"/>
				<light node="front_marker" lightTypes="1"/>
                                <light node="TDR" lightTypes="4"/>
				<light node="TDL" lightTypes="4"/>
				<light node="TDR2" lightTypes="4"/>
				<light node="TDL2" lightTypes="4"/>
				<light node="TDC" lightTypes="4"/>
				<light node="frontLightLow" lightTypes="4"/>
                <brakeLight node="backLightsHigh1"/>
                <turnLightLeft node="turnLightLeftFront"/>
                <turnLightLeft node="turnLightLeftBack"/>
                <turnLightRight node="turnLightRightFront"/>
                <turnLightRight node="turnLightRightBack"/>
                <reverseLight node="reverseLight"/>
				<reverseLight node="CabReverseLight"/> 
            </low>
            <high>
                <light node="frontLightLow" lightTypes="1"/>
                <light node="highBeamHigh" lightTypes="2"/>
				<light node="BedRunning1Light" lightTypes="0"/>
				<light node="BedRunning2Light" lightTypes="0"/>
				<light node="CabLights" lightTypes="0"/>
				<light node="CabLightsRear" lightTypes="0"/>
				<light node="front_marker" lightTypes="0"/>
				<light node="TDR" lightTypes="3"/>
				<light node="TDL" lightTypes="3"/>
				<light node="TDR2" lightTypes="3"/>
				<light node="TDL2" lightTypes="3"/>
				<light node="TDC" lightTypes="3"/>
                <brakeLight node="backLightsHigh1"/>
                <turnLightLeft node="turnLightLeftFront"/>
                <turnLightLeft node="turnLightLeftBack"/>
                <turnLightRight node="turnLightRightFront"/>
                <turnLightRight node="turnLightRightBack"/>
                <reverseLight node="reverseLight"/>
				<reverseLight node="CabReverseLight"/> 
            </high>
        </realLights>
		
        <defaultLights>
		    <defaultLight shaderNode="defaultLightStatic1" lightTypes="1" intensity="80"/>
			<defaultLight shaderNode="defaultLightStatic2" lightTypes="1" intensity="80"/>
			<defaultLight shaderNode="defaultLightStatic3" lightTypes="1" intensity="80"/>
			<defaultLight shaderNode="defaultLightStatic4" lightTypes="1" intensity="80"/>
			<defaultLight shaderNode="defaultLightStatic5" lightTypes="1" intensity="80"/>
			<defaultLight shaderNode="0>14|2" lightTypes="0" intensity="100"/>
			<defaultLight shaderNode="0>13|2" lightTypes="0" intensity="100"/>
			<defaultLight shaderNode="0>12|2" lightTypes="0" intensity="100"/>
			<defaultLight shaderNode="0>11|2" lightTypes="0" intensity="100"/>
			<defaultLight shaderNode="0>10|6" lightTypes="0" intensity="100"/>
			<defaultLight shaderNode="0>10|5" lightTypes="0" intensity="100"/>
			<defaultLight shaderNode="0>10|4" lightTypes="0" intensity="100"/>
			<defaultLight shaderNode="0>16|0" lightTypes="0" intensity="100"/>
			<defaultLight shaderNode="0>16|1" lightTypes="0" intensity="100"/>
			<defaultLight shaderNode="0>16|2" lightTypes="0" intensity="100"/>
			<defaultLight shaderNode="0>16|3" lightTypes="0" intensity="100"/>
			<defaultLight shaderNode="0>16|4" lightTypes="0" intensity="100"/>
			<defaultLight shaderNode="0>16|5" lightTypes="0" intensity="100"/>
			<defaultLight shaderNode="white1"  lightTypes="4" intensity="10"/>		
            <defaultLight shaderNode="white2"  lightTypes="4" intensity="10"/>
			<defaultLight shaderNode="white3"  lightTypes="4" intensity="10"/>		
            <defaultLight shaderNode="white4"  lightTypes="4" intensity="10"/>
			<defaultLight shaderNode="white5"  lightTypes="4" intensity="10"/>		
            <defaultLight shaderNode="white6"  lightTypes="4" intensity="10"/>
<!--
            
			<defaultLight shaderNode="defaultLightStatic6" lightTypes="1" intensity="6"/>
		    <defaultLight shaderNode="fog_lights" lightTypes="1" intensity="30"/>
			<defaultLight shaderNode="gauges_white" lightTypes="0" intensity=".5"/>
			<defaultLight shaderNode="gauges_red" lightTypes="0" intensity=".5"/>
			<defaultLight shaderNode="gauges_blue" lightTypes="0" intensity=".5"/>

 -->

            <defaultLight shaderNode="lowBeamLightStatic" lightTypes="1"/>
            <defaultLight shaderNode="highBeamLightStatic" lightTypes="2"/>

<!--

			<defaultLight shaderNode="rpm_needle" lightTypes="0" intensity=".4"/>
			<defaultLight shaderNode="speed_needle" lightTypes="0" intensity=".4"/>
			<defaultLight shaderNode="fuel_needle" lightTypes="0" intensity=".4"/>
			<defaultLight shaderNode="temp_needle" lightTypes="0" intensity=".4"/>
			<defaultLight shaderNode="needle1" lightTypes="0" intensity=".4"/>
			<defaultLight shaderNode="needle2" lightTypes="0" intensity=".4"/>
-->


            <defaultLight shaderNode="0>7|0" lightTypes="0" intensity="0.5"/> <!-- RedButtons -->
            <defaultLight shaderNode="0>7|1" lightTypes="0" intensity="0.5"/> <!-- YellowButtons -->
            <defaultLight shaderNode="0>7|4" lightTypes="0" intensity="0.5"/> <!-- lowScreen -->

        </defaultLights>
		
        <turnLights>
            <turnLightLeft shaderNode="turnlightFrontLeftStatic"/>
            <turnLightRight shaderNode="turnlightFrontRightStatic"/>            
			<turnLightLeft shaderNode="turnLightLeftBackStatic"/>
            <turnLightRight shaderNode="turnLightRightBackStatic"/>
        </turnLights>
		
        <brakeLights>
            <brakeLight shaderNode="backlightStatic1"/>
			<brakeLight shaderNode="backlightStatic2"/>
        </brakeLights>
		
        <reverseLights>
            <reverseLight shaderNode="reverseLightStatic1"/>
            <reverseLight shaderNode="reverseLightStatic2"/>
        </reverseLights>
		
        <sounds>
            <switchLight template="SWITCH_01" linkNode="0>"/>
            <turnLight template="SWITCH_TURNLIGHT" linkNode="0>"/>
        </sounds>

    </lights>


    <enterable isTabbable="true" >
        <enterReferenceNode node="RAM"/>
        <exitPoint node="exitPoint"/>

        <cameras count="2">
            <camera node="outdoorCamera1" rotatable="true" rotateNode="outdoorCameraTarget" limit="true" useWorldXZRotation="true" rotMinX="-1.4" rotMaxX="1" transMin="3.5" transMax="40" translation="0 0 5.75" rotation="-10 180 0">
                <raycastNode node="cameraRaycastNode1"/>
                <raycastNode node="cameraRaycastNode2"/>
            </camera>
            <camera node="indoorCamera1" rotatable="true" limit="true" rotMinX="-1.1" rotMaxX="0.4" transMin="0" transMax="0" useMirror="true" isInside="true" positionSmoothingParameter="0"  shadowFocusBox="shadowFocusBox"/>
        </cameras>

        <characterNode node="player_skin" cameraMinDistance="1.5" spineRotation="-90 0 90" >
            <target ikChain="rightFoot" targetNode="player_rightFoot" />
            <target ikChain="leftFoot"  targetNode="player_leftFoot" />
            <target ikChain="rightArm"  targetNode="0>9|0|2" poseId="wideFingers"/>
            <target ikChain="leftArm"   targetNode="0>9|0|1" poseId="wideFingers"/>
        </characterNode>


    </enterable>

    <attacherJoints>
        <attacherJoint node="trailerAttacherJointBack" jointType="trailer" lowerRotLimit="10 70 50" upperRotationOffset="0" allowsJointLimitMovement="false" canTurnOnImplement="false" comboTime="1">
            <schema position="1 0" rotation="0" invertX="false"/>
            <attachSound template="ATTACH_01" linkNode="0>" />
        </attacherJoint>
        <attacherJoint node="trailerAttacherJointBack" jointType="trailerLow" lowerRotLimit="10 70 50" upperRotationOffset="0" allowsJointLimitMovement="false" canTurnOnImplement="false" comboTime="1">
            <schema position="1 0" rotation="0" invertX="false"/>
            <attachSound template="ATTACH_01" linkNode="0>" />
        </attacherJoint>
		<attacherJoint node="attacherJointSemiTrailer" jointType="semitrailer" allowsJointLimitMovement="false" allowsLowering="false" lowerRotLimit="12 125 12">
                    <schema position="1 0" rotation="0" invertX="false" />
                    <attachSound template="TRUCK_ATTACH_01" linkNode="0>" />
        </attacherJoint>
	    <sounds>
            <attach template="ATTACH_01" linkNode="0>" />
        </sounds>
    </attacherJoints>

    <connectionHoses>
        <target attacherJointIndices="1 2" type="electric" node="electricBack" socket="electric"/>
    </connectionHoses>

    <drivable>
        <sounds>
            <waterSplash template="WATER_SPLASH_01" />
        </sounds>
        <steeringWheel node="0>9|0" indoorRotation="540" outdoorRotation="60" />

    </drivable>

    <fillUnit>
        <fillUnitConfigurations>
            <fillUnitConfiguration>
                <fillUnits>
                    <fillUnit unit="$l10n_unit_literShort" showOnHud="false" showInShop="false" fillTypes="diesel" capacity="80" >
                    <!--    <dashboard displayType="ANIMATION" valueType="fillLevel" animName="loadingBarFuel" minValueAnim="0" maxValueAnim="35" groups="MOTOR_ACTIVE"/> -->
                    </fillUnit>
                </fillUnits>
            </fillUnitConfiguration>
        </fillUnitConfigurations>
    </fillUnit>

    <motorized>
        <consumerConfigurations>
            <consumerConfiguration>
                <consumer fillUnitIndex="1" usage="80" fillType="diesel" /> <!-- usage is per hour at max load and max rpm -->
            </consumerConfiguration>
        </consumerConfigurations>

        <differentialConfigurations>
            <differentialConfiguration>
                <differentials>
                    <differential torqueRatio="1.0" maxSpeedRatio="1.8" wheelIndex1="3" wheelIndex2="4" /> <!-- back left-right -->

                </differentials>
            </differentialConfiguration>
        </differentialConfigurations>

        <motorConfigurations>
            <motorConfiguration name="Stock" hp="500" price="0">
                <motor torqueScale="1.8" minRpm="1000" maxRpm="5000" maxForwardSpeed="180" maxBackwardSpeed="45" brakeForce="5" lowBrakeForceScale="0.2" rotInertia="0.0015">
                    <torque rpm="1000" torque="0.9"/>
                    <torque rpm="2400" torque="1"/>
                    <torque rpm="3480" torque="1"/>
                    <torque rpm="4560" torque="0.75"/>
                    <torque rpm="5280" torque="0.63"/>
                    <torque rpm="6000" torque="0.2"/>
                </motor>
                <transmission minForwardGearRatio="10" maxForwardGearRatio="200" minBackwardGearRatio="40" maxBackwardGearRatio="200" />
            </motorConfiguration>
			<motorConfiguration name="Tow Tune" hp="700" price="0">
                <motor torqueScale="3.9" minRpm="1000" maxRpm="8000" maxForwardSpeed="358" maxBackwardSpeed="45" brakeForce="9" lowBrakeForceScale="0.05" rotInertia="0.0015">
                    <torque rpm="1000" torque="0.9"/>
                    <torque rpm="2400" torque="1"/>
                    <torque rpm="3480" torque="1"/>
                    <torque rpm="4560" torque="0.75"/>
                    <torque rpm="6280" torque="0.63"/>
                    <torque rpm="8000" torque="0.2"/>
                </motor>
                <transmission minForwardGearRatio="10" maxForwardGearRatio="200" minBackwardGearRatio="40" maxBackwardGearRatio="200" />
            </motorConfiguration>
        </motorConfigurations>

        <exhaustEffects>
            <exhaustEffect node="exhaustParticleLeft" filename="$data/particleSystems/shared/exhaust.i3d" minRpmColor="0 0 0 1" maxRpmColor="0.01 0.01 0.01 5" minRpmScale="0.100" maxRpmScale="0.30"/>
			<exhaustEffect node="exhaustParticleRight" filename="$data/particleSystems/shared/exhaust.i3d" minRpmColor="0 0 0 1" maxRpmColor="0.01 0.01 0.01 5" minRpmScale="0.100" maxRpmScale="0.30"/>
        </exhaustEffects>
		
<!--

        <dashboards>
            <dashboard displayType="ANIMATION" valueType="rpm"   animName="rpmDisplay"   minValueAnim="0" maxValueAnim="3500" groups="MOTOR_ACTIVE"/>
            <dashboard displayType="ANIMATION" valueType="speed" animName="speedDisplay" minValueAnim="0" maxValueAnim="140"  groups="MOTOR_ACTIVE"/>
            <dashboard displayType="ANIMATION" valueType="motorTemperature" animName="loadingBarTemperature" minValueAnim="0" maxValueAnim="120" groups="MOTOR_ACTIVE"/>
        </dashboards> 

    -->

       <sounds externalSoundFile="sounds/DodgeSound.xml" />  
    </motorized>

    <animations>
<!--
        <animation name="tailgate">
			<part node="tailgate" startTime="0" endTime="1.5" startRot="0 0 0" endRot="-90 0 0" />
        </animation>
		<animation name="loadingBarFuel">
            <part node="fuel_needle" startTime="0" endTime="1" startRot="0 0 -51.16" endRot="0 0 55" />
        </animation>
		<animation name="rpmDisplay">
            <part node="rpm_needle" startTime="0" endTime="1" startRot="0 0 -108" endRot="0 0 -36" />
        </animation>
        <animation name="speedDisplay">
            <part node="speed_needle" startTime="0" endTime="1" startRot="0 0 -108" endRot="0 0 55" />
        </animation>
        <animation name="loadingBarTemperature">
            <part node="temp_needle" startTime="0" endTime="1" startRot="0 0 -51.16" endRot="0 0 55" />
        </animation>
		
		<animation name="wiperFrontAnimation">
            <part node="wiper_L" startTime="0" endTime="0.6" startRot="35 0 0" endRot="40.799 -25.197 -22.575" />
            <part node="wiper_L" startTime="0.6" endTime="1.2" startRot="40.799 -25.197 -22.575" endRot="76.241 -54.169 -73.122" />
            <part node="wiper_R" startTime="0" endTime="0.6" startRot="35 0 0" endRot="44.277 -24.529 -29.99" />
            <part node="wiper_R" startTime="0.6" endTime="1.2" startRot="44.277 -24.529 -29.99" endRot="68.851 -39.286 -70.353" />
        </animation>
        -->

        <animation name="Up">
            <part node="0>7|5" startTime="0" endTime="5" startTrans="9.883 10 -0.665" endTrans="9.8830 0 -0.665" /> <!-- FoldingDVDScreen -->
            <part node="0>7|5" startTime="5" endTime="8" startRot="-90 0 0" endRot="0 0 0" /> <!-- FoldingDVDScreen -->

            <part node="0>7|5|0" startTime="0"    endTime="10" visibility="false" /> <!-- sonyLogo -->
            <part node="0>7|5|0" startTime="10" endTime="0"  visibility="true" /> <!-- sonyLogo -->

            <part node="0>7|5|2" startTime="0"    endTime="10" visibility="true" /> <!-- BlackScreen -->
            <part node="0>7|5|2" startTime="10" endTime="0"  visibility="false" /> <!-- BlackScreen -->
        </animation>  

    </animations> 
	
    <interactiveComponents>
        <windows>
            <window name="Up"   mark="0>7|6" size="0.2" animName="Up" onMessage="ic_component_open" offMessage="ic_component_close"/> <!-- in Mark Add the IC_Ring Node -->
        </windows> 
    </interactiveComponents>

<!-- 	<foldable>
        <foldingParts>
            <foldingPart animationName="tailgate" speedScale="1"/>
        </foldingParts>
    </foldable>
    
	<wipers>
        <wiper animName="wiperFrontAnimation">
            <state animSpeed="0.75" animPause="2.0" />
            <state animSpeed="0.75" animPause="0.0" />
            <state animSpeed="1.10" animPause="0.0" />
        </wiper>
    </wipers> -->
	
	<cylindered>
        <movingTools>
			<movingTool node="0>0" playSound="true" wheelIndices="1 2">
                <controls axis="AXIS_FRONTLOADER_ARM" invertAxis="false" mouseSpeedFactor="0.4" iconName="CRANE_ARM2_ROTATE_TOOL"/>
                <rotation rotSpeed="10" rotAcceleration="120" rotMax="6" rotMin="0"/>
            </movingTool>
			<movingTool node="0>1" playSound="true" wheelIndices="3 4">
                <controls axis="AXIS_FRONTLOADER_TOOL" invertAxis="true" mouseSpeedFactor="0.4" iconName="CRANE_ARM2_ROTATE_TOOL"/>
                <rotation rotSpeed="10" rotAcceleration="120" rotMax="0" rotMin="-10"/>
            </movingTool>
        </movingTools>
		
        <sounds>
			<hydraulic template="DEFAULT_SOWING_AIR_BLOWER" linkNode="0>"/>
        </sounds>
    </cylindered>

    <suspensions>
        <suspension useCharacterTorso="true" weight="90" minRotation="0 -5 -5" maxRotation="0 5 5" suspensionParametersY="7 1" suspensionParametersZ="7 1" />
    </suspensions>

<!--

    <dashboard>
        <groups>
            <group name="MOTOR_STARTING" isMotorStarting="true"/>
            <group name="MOTOR_ACTIVE"   isMotorStarting="true" isMotorRunning="true"/>
        </groups>
    </dashboard> 

-->

    <ai>
        <collisionTrigger node="aiCollisionTrigger" />
    </ai>

     <honk>
        <sound file="sounds/police_us.ogg" innerRadius="10">
            <volume outdoor="1"/>
        </sound>
    </honk>

    <tensionBelts>
        <tensionBeltsConfigurations>
            <tensionBeltsConfiguration>
                <tensionBelts linkNode="tensionBelts" jointNode="0>" width="0.075" maxEdgeLength="0.1" geometryBias="0.01" ratchetPosition="0.2" defaultOffset="0.1" defaultOffsetSide="0.1" defaultHeight="4" activationTrigger="beltActivationTrigger">
                    <tensionBelt startNode="tensionBeltStart1" endNode="tensionBeltEnd1" offsetLeft="0.2" />
                    <tensionBelt startNode="tensionBeltStart2" endNode="tensionBeltEnd2" />
                    <tensionBelt startNode="tensionBeltStart3" endNode="tensionBeltEnd3" />
                    <tensionBelt startNode="tensionBeltStart4" endNode="tensionBeltEnd4" />                  
                </tensionBelts>
            </tensionBeltsConfiguration>
        </tensionBeltsConfigurations>
    </tensionBelts>

    <foliageBending>
        <bendingNode minX="-1.15" maxX="1.15" minZ="-2.8" maxZ="2.8" yOffset="0" />
    </foliageBending>

	<baseMaterial>
        <material name="cab_color_mat" baseNode="cab_color">
            <shaderParameter name="colorMat0" value="SHARED_BLACK2"/>
        </material>
		<material name="bed_color_mat" baseNode="bed_color">
            <shaderParameter name="colorMat0" value="SHARED_BLACK2"/>
        </material>
		<material name="plate_color_mat" baseNode="plate_color">
            <shaderParameter name="colorMat0" value="SHARED_BLACK2"/>
        </material>	
		<material name="design_color_mat" baseNode="design_color">
            <shaderParameter name="colorMat1" value="SHARED_GREY2"/>
        </material>		
	</baseMaterial>
	 
	<baseMaterialConfigurations price="1000" useDefaultColors="true" defaultColorIndex="0">

		<baseMaterialConfiguration name="New Silver" color="SHARED_GREY2" material="27"/>
		<baseMaterialConfiguration name="Scarlet Red"  color="CASEIH_RED1" material="27"/>
		<baseMaterialConfiguration name="Pearl White"  color="STOLL_WHITE2" material="27"/>
        <baseMaterialConfiguration name="Gun Metal"  color="SHARED_GREY5" material="27"/>
		<baseMaterialConfiguration name="Blaze Orange"  color="FLIEGL_ORANGE1" material="27"/>
		<baseMaterialConfiguration name="Nitro Blue"  color="NEWHOLLAND_BLUE1" material="27"/>
		<baseMaterialConfiguration name="Deep Blue"  color="HATZENBICHLER_DARKBLUE1" material="27"/>
		<baseMaterialConfiguration name="Deer Green"  color="JOHNDEERE_GREEN1" material="27"/>
		<baseMaterialConfiguration name="Deer Yellow"  color="JOHNDEERE_YELLOW1" material="27"/>
		<baseMaterialConfiguration color="0.8 0 1 1" />
		<baseMaterialConfiguration color="0.25 0.8 0.01 1" />
		<baseMaterialConfiguration color="0 0.2 0.3 1" />
		<baseMaterialConfiguration color="0.1 0.2 0.5 1" />
		<baseMaterialConfiguration color="0 0.8 1 1" />
		<baseMaterialConfiguration color="0.9 0 0 1" />
		<baseMaterialConfiguration color="0.1 0 0.01 1" />
		<baseMaterialConfiguration color="0 1 0 1" />
		<baseMaterialConfiguration color="0 0 0.1 1" />
		<baseMaterialConfiguration color="0 0 0.3 1" />
	    <baseMaterialConfiguration color="0 0 0 1" />
		<baseMaterialConfiguration color="1 0 1 1" />
		<baseMaterialConfiguration color="0 0.357 0.627 1" />
		<baseMaterialConfiguration color="0.8 0 1 35" />
		<baseMaterialConfiguration color="0.25 0.8 0.01 35" />
		<baseMaterialConfiguration color="0 0.2 0.3 35" />
		<baseMaterialConfiguration color="0.1 0.2 0.5 35" />
		<baseMaterialConfiguration color="0 0.8 1 35" />
		<baseMaterialConfiguration color="0.9 0 0 35" />
		<baseMaterialConfiguration color="0.1 0 0.01 35" />
		<baseMaterialConfiguration color="0 1 0 35" />
		<baseMaterialConfiguration color="0 0 0.1 35" />
		<baseMaterialConfiguration color="0 0 0.3 35" />
	    <baseMaterialConfiguration color="0 0 0 35" />
		<baseMaterialConfiguration color="1 0 1 35" />
		<baseMaterialConfiguration color="0 0.357 0.627 35" />
		<material name="cab_color_mat" shaderParameter="colorMat0" />
		<material name="bed_color_mat" shaderParameter="colorMat0" />
		<material name="plate_color_mat" shaderParameter="colorMat0" />
    </baseMaterialConfigurations>

    <designMaterialConfigurations price="1000" useDefaultColors="true" defaultColorIndex="0">
	
	    <designMaterialConfiguration name="STAINLESS STEEL" material="8" color="1 1 1 8"/>
        <designMaterialConfiguration name="Black Chrome" material="2" color="0 0 0 0" price="500"/>
		<designMaterialConfiguration name="CHROME" material="2" color="1 1 1 2"  price="500"/>
		<designMaterialConfiguration name="New Silver"  color="SHARED_GREY2" material="27"/>
		<designMaterialConfiguration name="Scarlet Red"  color="CASEIH_RED1" material="27"/>
		<designMaterialConfiguration name="Pearl White"  color="STOLL_WHITE2" material="27"/>
        <designMaterialConfiguration name="Gun Metal"  color="SHARED_GREY5" material="27"/>
		<designMaterialConfiguration name="Blaze Orange"  color="FLIEGL_ORANGE1" material="27"/>
		<designMaterialConfiguration name="Nitro Blue"  color="NEWHOLLAND_BLUE1" material="27"/>
		<designMaterialConfiguration name="Deep Blue"  color="HATZENBICHLER_DARKBLUE1" material="27"/>
		<designMaterialConfiguration name="Deer Green"  color="JOHNDEERE_GREEN1" material="27"/>
		<designMaterialConfiguration name="Deer Yellow"  color="JOHNDEERE_YELLOW1" material="27"/>
		<designMaterialConfiguration name="Metallic Manitou"  color="MANITOU_RED" material="27"/>
		
		<designMaterialConfiguration color="0.8 0 1 1" />
		<designMaterialConfiguration color="0.25 0.8 0.01 1" />
		<designMaterialConfiguration color="0 0.2 0.3 1" />
		<designMaterialConfiguration color="0.1 0.2 0.5 1" />
		<designMaterialConfiguration color="0 0.8 1 1" />
		<designMaterialConfiguration color="0.9 0 0 1" />
		<designMaterialConfiguration color="0.1 0 0.01 1" />
		<designMaterialConfiguration color="0 1 0 1" />
		<designMaterialConfiguration color="0 0 0.1 1" />
		<designMaterialConfiguration color="0 0 0.3 1" />
	    <designMaterialConfiguration color="0 0 0 1" />
		<designMaterialConfiguration color="1 0 1 1" />
		<designMaterialConfiguration color="0 0.357 0.627 1" />
		<designMaterialConfiguration color="0.8 0 1 35" />
		<designMaterialConfiguration color="0.25 0.8 0.01 35" />
		<designMaterialConfiguration color="0 0.2 0.3 35" />
		<designMaterialConfiguration color="0.1 0.2 0.5 35" />
		<designMaterialConfiguration color="0 0.8 1 35" />
		<designMaterialConfiguration color="0.9 0 0 35" />
		<designMaterialConfiguration color="0.1 0 0.01 35" />
		<designMaterialConfiguration color="0 1 0 35" />
		<designMaterialConfiguration color="0 0 0.1 35" />
		<designMaterialConfiguration color="0 0 0.3 35" />
	    <designMaterialConfiguration color="0 0 0 35" />
		<designMaterialConfiguration color="1 0 1 35" />
		<designMaterialConfiguration color="0 0.357 0.627 35" />
		<material name="design_color_mat" shaderParameter="colorMat1" />
    </designMaterialConfigurations>
	
	<!--
	<vehicleTypeConfigurations>
        <vehicleTypeConfiguration name="New Body" price="0" vehicleType="f100">
			<objectChange node="cab.002" visibilityActive="true" visibilityInactive="false"/>
			<objectChange node="cab_color" visibilityActive="true" visibilityInactive="false"/>
			<objectChange node="bed_color" visibilityActive="true" visibilityInactive="false"/>
			<objectChange node="tailgate_color" visibilityActive="true" visibilityInactive="false"/>
			<objectChange node="body_design_color" visibilityActive="true" visibilityInactive="false"/>
			<objectChange node="cab_chrome" visibilityActive="true" visibilityInactive="false"/>
			<objectChange node="front_bumper_chrome" visibilityActive="true" visibilityInactive="false"/>
			<objectChange node="rear_bumper_chrome" visibilityActive="true" visibilityInactive="false"/>
			<objectChange node="tailgate_logo" visibilityActive="true" visibilityInactive="false"/>
			<objectChange node="mirror1chrome" visibilityActive="true" visibilityInactive="false"/>
			<objectChange node="mirror2chrome" visibilityActive="true" visibilityInactive="false"/>
			<objectChange node="Side_Plates" visibilityActive="true" visibilityInactive="false"/>
        </vehicleTypeConfiguration>
		<vehicleTypeConfiguration name="Old & Rusty" price="0" vehicleType="f100">
			<objectChange node="cab_rust" visibilityActive="true" visibilityInactive="false"/>
			<objectChange node="bed_rust" visibilityActive="true" visibilityInactive="false"/>
			<objectChange node="tailgate_rust" visibilityActive="true" visibilityInactive="false"/>
			<objectChange node="body_design_rust" visibilityActive="true" visibilityInactive="false"/>
			<objectChange node="chrome_rust" visibilityActive="true" visibilityInactive="false"/>
			<objectChange node="tailgate_logo_chrome_rust" visibilityActive="true" visibilityInactive="false"/>
			<objectChange node="chrome_rust2" visibilityActive="true" visibilityInactive="false"/>
        </vehicleTypeConfiguration>
	</vehicleTypeConfigurations>
	-->	

    <wearable wearDuration="480" workMultiplier="5" fieldMultiplier="2"/>
    <washable dirtDuration="90" washDuration="1" workMultiplier="3" fieldMultiplier="2"/>

    <i3dMappings>
        <i3dMapping id="RAM" node="0>" />
        <i3dMapping id="wheelFrontLeft" node="0>0|0" />
        <i3dMapping id="wheelBackLeft" node="0>1|0" />
        <i3dMapping id="wheelFrontRight" node="0>0|1" />
        <i3dMapping id="wheelBackRight" node="0>1|1" />
        <i3dMapping id="outdoorCameraTarget" node="0>2|0" />
        <i3dMapping id="outdoorCamera1" node="0>2|0|0" />
        <i3dMapping id="indoorCamera1" node="0>5|4" />
        <i3dMapping id="cameraRaycastNode1" node="0>5|5|0" />
        <i3dMapping id="cameraRaycastNode2" node="0>5|5|1" />
        <i3dMapping id="cameraRaycastNode3" node="0>5|5|2" />
        <i3dMapping id="shadowFocusBox" node="0>5|5|3" />
        <i3dMapping id="steeringWheel" node="0>5|0|0" />
        <i3dMapping id="leftArm" node="0>5|0|0|0" />
        <i3dMapping id="rightArm" node="0>5|0|0|1" />
        <i3dMapping id="player_skin" node="0>5|8|0" />
        <i3dMapping id="player_rightFoot" node="0>5|8|1" />
        <i3dMapping id="player_leftFoot" node="0>5|8|2" />
        <i3dMapping id="exitPoint" node="0>4" />

        <i3dMapping id="tensionBelts" node="0>5|2" />
        <i3dMapping id="tensionBeltStart1" node="0>5|2|0" />
        <i3dMapping id="tensionBeltEnd1" node="0>5|2|0|0" />
        <i3dMapping id="tensionBeltStart2" node="0>5|2|1" />
        <i3dMapping id="tensionBeltEnd2" node="0>5|2|1|0" />
        <i3dMapping id="tensionBeltStart3" node="0>5|2|2" />
        <i3dMapping id="tensionBeltEnd3" node="0>5|2|2|0" />
		<i3dMapping id="tensionBeltStart4" node="0>5|2|3" />
        <i3dMapping id="tensionBeltEnd4" node="0>5|2|3|0" />
        <i3dMapping id="beltActivationTrigger" node="0>5|2|4" />
		
        <i3dMapping id="exhaustParticleRight" node="0>5|1|0" />
		<i3dMapping id="exhaustParticleLeft" node="0>5|1|1" />
        <i3dMapping id="trailerAttacherJointBack" node="0>5|6|0" />
		<i3dMapping id="attacherJointSemiTrailer" node="0>5|6|1" />
        <i3dMapping id="electricBack" node="0>5|6|2" />

<!-- 		<i3dMapping id="rpm_needle" node="0>5|3|2|9|1" />
		<i3dMapping id="speed_needle" node="0>5|3|2|9|0" />
		<i3dMapping id="fuel_needle" node="0>5|3|2|9|2" />
		<i3dMapping id="temp_needle" node="0>5|3|2|9|3" />
		<i3dMapping id="needle1" node="0>5|3|2|9|4" />
		<i3dMapping id="needle2" node="0>5|3|2|9|5" />	
		
		<i3dMapping id="wiper_L" node="0>5|3|0|5"/>
        <i3dMapping id="wiper_R" node="0>5|3|0|7"/>
		<i3dMapping id="tailgate" node="0>5|3|1|4"/> -->
        <i3dMapping id="aiCollisionTrigger" node="0>3" />
		
		<i3dMapping id="highBeamHigh" node="0>5|9|0|1"/>
        <i3dMapping id="frontLightLow" node="0>5|9|0|0"/>
		<i3dMapping id="backLightsHigh1" node="0>5|9|1|2"/>
        <i3dMapping id="reverseLight" node="0>5|9|1|3"/>
        <i3dMapping id="turnLightLeftFront" node="0>5|9|0|3"/>
        <i3dMapping id="turnLightRightFront" node="0>5|9|0|2"/>
        <i3dMapping id="turnLightLeftBack" node="0>5|9|1|5"/>
        <i3dMapping id="turnLightRightBack" node="0>5|9|1|4"/>
        <i3dMapping id="CabLights" node="0>5|9|0|4"/>
        <i3dMapping id="CabLightsRear" node="0>5|9|0|5"/> 
		<i3dMapping id="front_marker" node="0>5|9|0|7"/>
		<i3dMapping id="CabReverseLight" node="0>5|9|0|6"/>
		<i3dMapping id="BedRunning1Light" node="0>5|9|1|0"/>
		<i3dMapping id="BedRunning2Light" node="0>5|9|1|1"/>		

		
	    <i3dMapping id="defaultLightStatic1" node="0>5|3|0|100"/> 
		<i3dMapping id="defaultLightStatic2" node="0>5|3|0|99"/>
		<i3dMapping id="defaultLightStatic3" node="0>5|3|0|110"/>
        <i3dMapping id="defaultLightStatic4" node="0>5|3|0|96"/>
		<i3dMapping id="defaultLightStatic5" node="0>5|3|0|97"/>

	<!--	<i3dMapping id="defaultLightStatic6" node="0>5|3|3|14"/>-->
		
		<i3dMapping id="lowBeamLightStatic" node="0>5|3|0|74"/>
        <i3dMapping id="highBeamLightStatic" node="0>5|3|0|79"/>

        <i3dMapping id="turnlightFrontLeftStatic" node="0>5|3|0|84"/>
        <i3dMapping id="turnlightFrontRightStatic" node="0>5|3|0|82"/>
		<i3dMapping id="turnLightLeftBackStatic" node="0>5|3|0|91"/>
        <i3dMapping id="turnLightRightBackStatic" node="0>5|3|0|112"/>
		
        <i3dMapping id="reverseLightStatic1" node="0>5|3|0|90"/> 
		<i3dMapping id="reverseLightStatic2" node="0>5|3|0|81"/>
        <i3dMapping id="backlightStatic1" node="0>5|3|0|111"/>
		<i3dMapping id="backlightStatic2" node="0>5|3|0|71"/>
		<i3dMapping id="fog_lights" node="0>5|3|0|37"/>
		        
    <!--

		<i3dMapping id="gauges_white" node="0>5|3|3|5" />
		<i3dMapping id="gauges_red" node="0>5|3|3|4" />
		<i3dMapping id="gauges_blue" node="0>5|3|3|3" />

    -->
		
				<!-- Color selectable parts -->
		<i3dMapping id="cab_color" node="0>5|3|0|48"/>
		<i3dMapping id="bed_color" node="0>5|3|0|47"/>
		<i3dMapping id="design_color" node="0>5|3|0|33"/>
		<i3dMapping id="plate_color" node="0>5|3|0|115|0"/>
		

    </i3dMappings>
</vehicle>
