﻿<?xml version="1.0" encoding="utf-8" standalone="no"?>
<vehicle type="implement">
    <annotation>Copyright (C) GIANTS Software GmbH, All Rights Reserved.</annotation>

    <storeData>
        <name>3P LIFTER</name>
        <functions>
            <function>$l10n_function_trailedLifter</function>
        </functions>
        <specs>
            <combination>GATOR 6X4</combination>
        </specs>		
        <image>store_3p.png</image>
        <price>1000</price>
        <lifetime>600</lifetime>
        <rotation>0</rotation>
        <brand>JOHNDEERE</brand>
        <category>misc</category>
        <vertexBufferMemoryUsage>889792</vertexBufferMemoryUsage>
        <indexBufferMemoryUsage>163308</indexBufferMemoryUsage>
        <textureMemoryUsage>2796408</textureMemoryUsage>
        <instanceVertexBufferMemoryUsage>0</instanceVertexBufferMemoryUsage>
        <instanceIndexBufferMemoryUsage>0</instanceIndexBufferMemoryUsage>
    </storeData>	
	
	
    <base>
        <typeDesc>3P LIFTER</typeDesc>
    <filename>3p.i3d</filename>
        <size width="3.5" length="8" lengthOffset="0.75"/>
        <components>
            <component centerOfMass="0 0.2 0.35" solverIterationCount="10" mass="500"/>		
        </components>
        <schemaOverlay attacherJointPosition="0 0">
            <default name="DEFAULT_IMPLEMENT"/>
            <selected name="DEFAULT_IMPLEMENT_SELECTED"/>
        </schemaOverlay>
    </base>	
	
    <wheels>
    </wheels>

    <attachable>
        <inputAttacherJoints>
            <inputAttacherJoint node="attacherJoint" jointType="GatorLift" upperRotationOffset="0"/>
        </inputAttacherJoints>
        <support animationName="moveSupport" delayedOnAttach="false"/>	
        <brakeForce>0.5</brakeForce>
    </attachable>

    <attacherJoints comboDuration="2">
        <attacherJoint node="attacherJointFront" upperRotationOffset="-0.16" moveTime="2.5" comboTime="0">
            <distanceToGround lower="0.33" upper="1.00"/>
            <rotationNode node="attacherJointFrontRot" lowerRotation="20 0 0" upperRotation="-30 0 0"/>
            <rotationNode2 node="attacherJointFrontRot2"/>
            <bottomArm rotationNode="attacherJointFrontArmBottom" translationNode="bottomArmFront" referenceNode="referencePointFrontBottom" zScale="1" startRotation="-30 0 0"/>
            <topArm baseNode="attacherJointFrontArmTop" filename="$data/shared/assets/upperLinks/johnDeereUpperlink.i3d" zScale="1" color="SHARED_BLACK2"/>
            <schema position="1 0" rotation="0" invertX="false"/>
            <objectChange node="3p_main_component1" massActive="1000" massInactive="500"/>	
            <objectChange node="3p_main_component1" centerOfMassActive="0 0.2 1.0" centerOfMassInactive="0 0.2 0.35"/>	
			
        </attacherJoint>
        <sounds>
            <attach template="ATTACH_01" linkNode="3p_main_component1" />
            <hydraulic template="DEFAULT_HYDRAULIC_SOUND" linkNode="3p_main_component1" />
        </sounds>
    </attacherJoints>
    <powerTakeOffs>
        <output attacherJointIndices="1" outputNode="ptoBack"/>
    </powerTakeOffs>		
    <animations>						
        <!-- move support wheel down/up -->
        <animation name="moveSupport">
            <part node="supportCol1" startTime="0.0" endTime="0.001" startTrans="0.194 0.7 0.329" endTrans="0 0.7 0"/>
            <part node="supportCol1" startTime="0.001" endTime="0.01" startTrans="0 0.7 0" endTrans="0 0.0 0"/>			
            <part node="supportCol" startTime="0.0" endTime="0.001" startTrans="-0.194 0.7 0.329" endTrans="0 0.7 0"/>
            <part node="supportCol" startTime="0.001" endTime="0.01" startTrans="0 0.7 0" endTrans="0 0.0 0"/>							
            <part node="support" startTime="0" endTime="0.05" visibility="false"/>
            <part node="support" startTime="0.05" endTime="0.1" visibility="true"/>			
        </animation>
    </animations>		
    <cylindered>
    <movingTools>			
        <movingTool node="attacherJoint">
            <inputAttacherJoint value="true" />		
        </movingTool>		
            <movingTool node="attacherJointFrontArmBottom">
                <dependentPart node="bottomLinkHydraulic"/>
            </movingTool>	
    </movingTools>
    <movingParts>  		
            <movingPart node="bottomLinkHydraulic" referencePoint="bottomLinkHydraulicRef" referenceFrame="bottomLinkHydraulicRef">
                <translatingPart node="bottomLinkHydraulicPunch"/>
            </movingPart>		
        </movingParts>
        <sounds>
            <hydraulic template="DEFAULT_HYDRAULIC_SOUND" linkNode="3p_main_component1"/>
        </sounds>
    </cylindered>
    <connectionHoses>
        <target attacherJointIndices="1" type="airDoubleRed" node="airDoubleOrange" socket="air_red"/>
        <target attacherJointIndices="1" type="airDoubleYellow" node="airDoubleYellow" socket="air_yellow"/>
        <target attacherJointIndices="1" type="electric" node="electricBack" socket="electric"/>		
        <target attacherJointIndices="1" type="hydraulicIn" node="hydraulic03_in" socket="hydraulic01"/>
        <target attacherJointIndices="1" type="hydraulicOut" node="hydraulic03_out" socket="hydraulic01"/>
        <target attacherJointIndices="1" type="hydraulicIn" node="hydraulic02_in" socket="hydraulic01"/>
        <target attacherJointIndices="1" type="hydraulicOut" node="hydraulic02_out" socket="hydraulic01"/>		
    </connectionHoses>

	
    <ai>
        <allowTurnBackward value="false"/>
        <turningRadiusLimitation radius="9"/>
    </ai>


    <foliageBending>
        <bendingNode minX="-0.85" maxX="0.85" minZ="-1.45" maxZ="1.5" yOffset="0.22" />
    </foliageBending>		
    <baseMaterial>
        <material name="Gator_mat" baseNode="mainTool">
            <shaderParameter name="colorMat0" value="JOHNDEERE_GREEN1"/>		
        </material>
        <material name="Gator2_mat" baseNode="movingTool1">
            <shaderParameter name="colorMat0" value="JOHNDEERE_GREEN1"/>		
        </material>		
    </baseMaterial>
    <baseMaterialConfigurations>
        <baseMaterialConfiguration name="GREEN JD" color="JOHNDEERE_GREEN1" />
        <baseMaterialConfiguration name="YELLOW" color="CHALLENGER_YELLOW1" price="200"/>
        <baseMaterialConfiguration name="GREEN FOREST" color="0.07 0.087 0.014 1" price="200"/>		
        <material name="Gator_mat" shaderParameter="colorMat0" />
        <material name="Gator2_mat" shaderParameter="colorMat0" />		
    </baseMaterialConfigurations>	
    <wearable wearDuration="480" workMultiplier="5" fieldMultiplier="2"/>
    <washable dirtDuration="90" washDuration="1" workMultiplier="3" fieldMultiplier="2"/>	
    <i3dMappings>
        <i3dMapping id="3p_main_component1" node="0>" />	
        <i3dMapping id="attacherMove" node="0>0|1" />		
        <i3dMapping id="moveSupport" node="0>1"/>
        <i3dMapping id="moveSupport1" node="0>1|0"/>
        <i3dMapping id="supportCol" node="0>1|0|0"/>
        <i3dMapping id="moveSupport2" node="0>1|1"/>
        <i3dMapping id="supportCol1" node="0>1|1|0"/>
        <i3dMapping id="support" node="0>1|2"/>		
        <i3dMapping id="attacherJoint" node="0>0|1|0" />	
        <i3dMapping id="tensionBelts" node="0>0|0|2" />
        <i3dMapping id="tensionBeltStart1" node="0>0|0|2|0" />
        <i3dMapping id="tensionBeltEnd1" node="0>0|0|2|0|0" />
        <i3dMapping id="tensionBeltStart2" node="0>0|0|2|1" />
        <i3dMapping id="tensionBeltEnd2" node="0>0|0|2|1|0" />	
        <i3dMapping id="attacherJointFrontRot" node="0>3|0|0"/>
        <i3dMapping id="attacherJointFrontRot2" node="0>3|0|0|0"/>
        <i3dMapping id="attacherJointFront" node="0>3|0|0|0|0"/>
        <i3dMapping id="attacherJointFrontArmBottom" node="0>3|0|1"/>
        <i3dMapping id="bottomArmFront" node="0>3|0|1|0"/>
        <i3dMapping id="referencePointFrontBottom" node="0>3|0|1|0|0"/>
        <i3dMapping id="bottomLinkHydraulicRef" node="0>3|0|1|0|1"/>
        <i3dMapping id="attacherJointFrontArmTop" node="0>3|0|2"/>
        <i3dMapping id="bottomLinkHydraulic" node="0>0|0|5|0"/>
        <i3dMapping id="bottomLinkHydraulicPunch" node="0>0|0|5|0|0"/>	
        <i3dMapping id="movingTool1" node="0>3|0|1|0|2"/>	
        <i3dMapping id="ptoBack" node="0>3|1"/>	
        <i3dMapping id="mainTool" node="0>0|0"/>
        <i3dMapping id="airDoubleOrange" node="0>0|4|5" />
        <i3dMapping id="airDoubleYellow" node="0>0|4|6" />
        <i3dMapping id="electricBack" node="0>0|4|0" />
        <i3dMapping id="hydraulic03_in" node="0>0|4|1" />
        <i3dMapping id="hydraulic03_out" node="0>0|4|2" />
        <i3dMapping id="hydraulic02_in" node="0>0|4|3" />		
        <i3dMapping id="hydraulic02_out" node="0>0|4|4" />			
    </i3dMappings>
</vehicle>	
