﻿<?xml version="1.0" encoding="utf-8" standalone="no"?>
<vehicle type="trailer">
    <annotation>Copyright (C) GIANTS Software GmbH, All Rights Reserved.</annotation>

    <storeData>
        <name>
            <en>Bale container</en>
            <de>Ballenaufbau</de>
            <fr>Plateau à balles</fr>
        </name>
        <functions>
            <function>$l10n_function_baleTrailer</function>
        </functions>
        <specs>
            <combination>GATOR 6X4</combination>
        </specs>		
        <image>store_bale.png</image>
        <price>1500</price>
        <lifetime>600</lifetime>
        <rotation>0</rotation>
        <brand>JOHNDEERE</brand>
        <category>baling</category>
        <vertexBufferMemoryUsage>344800</vertexBufferMemoryUsage>
        <indexBufferMemoryUsage>69204</indexBufferMemoryUsage>
        <textureMemoryUsage>5592624</textureMemoryUsage>
        <instanceVertexBufferMemoryUsage>0</instanceVertexBufferMemoryUsage>
        <instanceIndexBufferMemoryUsage>0</instanceIndexBufferMemoryUsage>
    </storeData>	
	
	
    <base>
        <typeDesc>$l10n_typeDesc_baleTrailer</typeDesc>
    <filename>bale.i3d</filename>
        <size width="3.5" length="8" lengthOffset="0.75"/>
        <components>
            <component centerOfMass="0 0.2 0.45" solverIterationCount="10" mass="500"/>		
        </components>
        <schemaOverlay attacherJointPosition="0 0">
            <default name="DEFAULT_IMPLEMENT"/>
            <selected name="DEFAULT_IMPLEMENT_SELECTED"/>
        </schemaOverlay>
    </base>	
	
    <wheels>
    </wheels>

    <attachable>
        <inputAttacherJoints>
            <inputAttacherJoint node="attacherJoint" jointType="GatorLift" upperRotationOffset="0"/>
        </inputAttacherJoints>
        <support animationName="moveSupport" delayedOnAttach="false"/>	
        <brakeForce>0.5</brakeForce>
    </attachable>
		
    <animations>
		<!-- backtipping -->
        <animation name="movingTool2">
            <part node="movingTool2"      startTime="1" endTime="5"   startRot="0 0 0"   endRot="-64 0 0" />
        </animation>						
        <!-- move support wheel down/up -->
        <animation name="moveSupport">
            <part node="supportCol1" startTime="0.0" endTime="0.001" startTrans="0.194 0.7 0.329" endTrans="0 0.7 0"/>
            <part node="supportCol1" startTime="0.001" endTime="0.01" startTrans="0 0.7 0" endTrans="0 0.0 0"/>			
            <part node="supportCol" startTime="0.0" endTime="0.001" startTrans="-0.194 0.7 0.329" endTrans="0 0.7 0"/>
            <part node="supportCol" startTime="0.001" endTime="0.01" startTrans="0 0.7 0" endTrans="0 0.0 0"/>							
            <part node="support" startTime="0" endTime="0.05" visibility="false"/>
            <part node="support" startTime="0.05" endTime="0.1" visibility="true"/>
            <part node="movingTool1" startTime="0" endTime="0.05" visibility="true"/>
            <part node="movingTool1" startTime="0.05" endTime="0.1" visibility="false"/>			
        </animation>
    </animations>		
    <cylindered>
    <movingTools>		
		<!-- backTipping -->	
        <movingTool node="attacherJoint">
            <inputAttacherJoint value="true" />
            <dependentPart node="movingTool1" />			
        </movingTool>		
        <movingTool node="movingTool2" playSound="true">
            <inputAttacherJoint value="true" />
            <dependentPart node="movingTool1" />
                <rotation detachingRotMinLimit="0" />			
        </movingTool>		
    </movingTools>
    <movingParts>  		
		<movingPart node="movingTool1" referencePoint="movingTool3" referenceFrame="movingTool3" lockAxis="3">
            <translatingPart node="movingPart1" />
        </movingPart>
        </movingParts>
        <sounds>
            <hydraulic template="DEFAULT_HYDRAULIC_SOUND" linkNode="Bale_main_component1"/>
        </sounds>
    </cylindered>
			
    <foldable>
        <foldingParts>
            <foldingPart animationName="movingTool2" speedScale="1" />
        </foldingParts>
    </foldable>
	
    <ai>
        <allowTurnBackward value="false"/>
        <turningRadiusLimitation radius="9"/>
    </ai>
    <tensionBelts>
        <tensionBeltsConfigurations>
            <tensionBeltsConfiguration>
                <tensionBelts linkNode="tensionBelts" jointNode="Bale_main_component1" width="0.055" maxEdgeLength="0.1" geometryBias="0.01" ratchetPosition="0.2" defaultOffset="0.1" defaultOffsetSide="0.1" defaultHeight="4" >
                    <tensionBelt startNode="tensionBeltStart1" endNode="tensionBeltEnd1" offsetLeft="0.2" />
                    <tensionBelt startNode="tensionBeltStart2" endNode="tensionBeltEnd2" />
                </tensionBelts>
            </tensionBeltsConfiguration>
        </tensionBeltsConfigurations>
    </tensionBelts>

    <foliageBending>
        <bendingNode minX="-0.85" maxX="0.85" minZ="-1.45" maxZ="1.5" yOffset="0.22" />
    </foliageBending>		
    <baseMaterial>
        <material name="Gator_mat" baseNode="movingTool2">
            <shaderParameter name="colorMat0" value="JOHNDEERE_GREEN1"/>		
        </material>
        <material name="Gator2_mat" baseNode="movingTool1">
            <shaderParameter name="colorMat0" value="JOHNDEERE_GREEN1"/>		
        </material>		
    </baseMaterial>
    <baseMaterialConfigurations>
        <baseMaterialConfiguration name="GREEN JD" color="JOHNDEERE_GREEN1" />
        <baseMaterialConfiguration name="YELLOW" color="CHALLENGER_YELLOW1" price="200"/>
        <baseMaterialConfiguration name="GREEN FOREST" color="0.07 0.087 0.014 1" price="200"/>		
        <material name="Gator_mat" shaderParameter="colorMat0" />
        <material name="Gator2_mat" shaderParameter="colorMat0" />		
    </baseMaterialConfigurations>	
    <wearable wearDuration="480" workMultiplier="5" fieldMultiplier="2"/>
    <washable dirtDuration="90" washDuration="1" workMultiplier="3" fieldMultiplier="2"/>	
    <i3dMappings>
        <i3dMapping id="Bale_main_component1" node="0>" />	
        <i3dMapping id="attacherMove" node="0>0|1" />		
        <i3dMapping id="moveSupport" node="0>1"/>
        <i3dMapping id="moveSupport1" node="0>1|0"/>
        <i3dMapping id="supportCol" node="0>1|0|0"/>
        <i3dMapping id="moveSupport2" node="0>1|1"/>
        <i3dMapping id="supportCol1" node="0>1|1|0"/>
        <i3dMapping id="support" node="0>1|2"/>		
        <i3dMapping id="attacherJoint" node="0>0|1|0" />	
        <i3dMapping id="exactFillRoot" node="0>0|6"/>		
        <i3dMapping id="backDoor" node="0>0|0|0"/>
        <i3dMapping id="movingTool1" node="0>0|4"/>
        <i3dMapping id="movingTool2" node="0>0|0"/>
        <i3dMapping id="movingTool3" node="0>0|0|1"/>		
        <i3dMapping id="movingPart1" node="0>0|4|0" />
        <i3dMapping id="tensionBelts" node="0>0|0|2" />
        <i3dMapping id="tensionBeltStart1" node="0>0|0|2|0" />
        <i3dMapping id="tensionBeltEnd1" node="0>0|0|2|0|0" />
        <i3dMapping id="tensionBeltStart2" node="0>0|0|2|1" />
        <i3dMapping id="tensionBeltEnd2" node="0>0|0|2|1|0" />			
    </i3dMappings>
</vehicle>	
