﻿<?xml version="1.0" encoding="utf-8" standalone="no" ?>
<vehicle type="Gator">
    <annotation>Copyright (C) GIANTS Software GmbH, All Rights Reserved.</annotation>

    <storeData>
        <name>Gator</name>
        <specs>
            <power>23</power>
            <maxSpeed>25</maxSpeed>
        </specs>
        <functions>
            <function>$l10n_function_car</function>
        </functions>
        <image>store_Gator.png</image>
        <price>15000</price>
        <lifetime>600</lifetime>
        <rotation>0</rotation>
        <brand>JOHNDEERE</brand>
        <category>cars</category>
        <vertexBufferMemoryUsage>2720684</vertexBufferMemoryUsage>
        <indexBufferMemoryUsage>511896</indexBufferMemoryUsage>
        <textureMemoryUsage>23069224</textureMemoryUsage>
        <instanceVertexBufferMemoryUsage>0</instanceVertexBufferMemoryUsage>
        <instanceIndexBufferMemoryUsage>0</instanceIndexBufferMemoryUsage>
    </storeData>

    <base>
        <typeDesc>Gator</typeDesc>
        <filename>Gator.i3d</filename>
        <size width="2.5" length="4"/>
        <components count="1">
            <component centerOfMass="0 0.5 0.55" solverIterationCount="10" mass="3000" />
        </components>
        <schemaOverlay attacherJointPosition="0 0">
            <default name="DEFAULT_VEHICLE"/>
            <selected name="DEFAULT_VEHICLE_SELECTED"/>
        </schemaOverlay>
    </base>

    <wheels>
        <wheelConfigurations>
             <wheelConfiguration name="$l10n_configuration_valueDefault" price="0">
                <wheels autoRotateBackSpeed="3">
                    <wheel filename="Wheels/250_Field.xml" isLeft="true" hasTireTracks="true" hasParticles="true" >
                        <physics tipOcclusionAreaGroupId="1" rotSpeed="1" restLoad="0.3" repr="axisFrontLeft"  driveNode="wheelFrontLeft"  forcePointRatio="0.5" initialCompression="20" suspTravel="0.23" spring="28" damper="40" transRatio="1" frictionScale="4" />
                        <steering node="steeringBar" nodeMinTransX="0.08" nodeMaxTransX="-0.08" />
                    </wheel>
                    <wheel filename="Wheels/250_Field.xml" isLeft="false" hasTireTracks="true" hasParticles="true" >
                        <physics tipOcclusionAreaGroupId="1" rotSpeed="1" restLoad="0.3" repr="axisFrontRight" driveNode="wheelFrontRight" forcePointRatio="0.5" initialCompression="20" suspTravel="0.23" spring="28" damper="40" transRatio="1" frictionScale="4" />
                    </wheel>
					
                    <wheel filename="Wheels/250_Field.xml" isLeft="true" hasTireTracks="true" hasParticles="true" >
                        <physics tipOcclusionAreaGroupId="1" rotSpeed="0" restLoad="0.3" repr="wheelMiddleLeft"  forcePointRatio="0.5" initialCompression="10" suspTravel="0.2" spring="28" damper="40" transRatio="1" frictionScale="4" />
                    </wheel>
					
                    <wheel filename="Wheels/250_Field.xml" isLeft="false" hasTireTracks="true" hasParticles="true" >
                        <physics tipOcclusionAreaGroupId="1" rotSpeed="0" restLoad="0.3" repr="wheelMiddleRight"  forcePointRatio="0.5" initialCompression="10" suspTravel="0.2" spring="28" damper="40" transRatio="1" frictionScale="4" />
                    </wheel>
                    <wheel filename="Wheels/250_Field.xml" isLeft="true" hasTireTracks="true" hasParticles="true" >
                        <physics tipOcclusionAreaGroupId="1" rotSpeed="0" restLoad="0.3" repr="wheelBackLeft"  fforcePointRatio="0.5" initialCompression="10" suspTravel="0.2" spring="28" damper="40" transRatio="1" frictionScale="4" />
                    </wheel>
					
                    <wheel filename="Wheels/250_Field.xml" isLeft="false" hasTireTracks="true" hasParticles="true" >
                        <physics tipOcclusionAreaGroupId="1" rotSpeed="0" restLoad="0.3" repr="wheelBackRight"  forcePointRatio="0.5" initialCompression="10" suspTravel="0.2" spring="28" damper="40" transRatio="1" frictionScale="4" />
                    </wheel>					

				
                </wheels>
            </wheelConfiguration>			
             <wheelConfiguration name="$l10n_configuration_valueWheelBroad" price="1200">
                <wheels autoRotateBackSpeed="3">
                    <wheel filename="Wheels/250_Mich.xml" isLeft="true" hasTireTracks="true" hasParticles="true" >
                        <physics tipOcclusionAreaGroupId="1" rotSpeed="1" restLoad="0.3" repr="axisFrontLeft"  driveNode="wheelFrontLeft"  forcePointRatio="0.5" initialCompression="20" suspTravel="0.23" spring="28" damper="40" transRatio="1" frictionScale="4" />
                        <steering node="steeringBar" nodeMinTransX="0.08" nodeMaxTransX="-0.08" />
                    </wheel>
                    <wheel filename="Wheels/250_Mich.xml" isLeft="false" hasTireTracks="true" hasParticles="true" >
                        <physics tipOcclusionAreaGroupId="1" rotSpeed="1" restLoad="0.3" repr="axisFrontRight" driveNode="wheelFrontRight" forcePointRatio="0.5" initialCompression="20" suspTravel="0.23" spring="28" damper="40" transRatio="1" frictionScale="4" />
                    </wheel>
					
                    <wheel filename="Wheels/250_Mich.xml" isLeft="true" hasTireTracks="true" hasParticles="true" >
                        <physics tipOcclusionAreaGroupId="1" rotSpeed="0" restLoad="0.3" repr="wheelMiddleLeft"  forcePointRatio="0.5" initialCompression="10" suspTravel="0.2" spring="28" damper="40" transRatio="1" frictionScale="4" />
                    </wheel>
					
                    <wheel filename="Wheels/250_Mich.xml" isLeft="false" hasTireTracks="true" hasParticles="true" >
                        <physics tipOcclusionAreaGroupId="1" rotSpeed="0" restLoad="0.3" repr="wheelMiddleRight"  forcePointRatio="0.5" initialCompression="10" suspTravel="0.2" spring="28" damper="40" transRatio="1" frictionScale="4" />
                    </wheel>
                    <wheel filename="Wheels/250_Mich.xml" isLeft="true" hasTireTracks="true" hasParticles="true" >
                        <physics tipOcclusionAreaGroupId="1" rotSpeed="0" restLoad="0.3" repr="wheelBackLeft"  forcePointRatio="0.5" initialCompression="10" suspTravel="0.2" spring="28" damper="40" transRatio="1" frictionScale="4" />
                    </wheel>
					
                    <wheel filename="Wheels/250_Mich.xml" isLeft="false" hasTireTracks="true" hasParticles="true" >
                        <physics tipOcclusionAreaGroupId="1" rotSpeed="0" restLoad="0.3" repr="wheelBackRight"  forcePointRatio="0.5" initialCompression="10" suspTravel="0.2" spring="28" damper="40" transRatio="1" frictionScale="4" />
                    </wheel>					

				
                </wheels>
            </wheelConfiguration>
             <wheelConfiguration name="$l10n_configuration_valueWheelCommunal" price="1200">
                <wheels autoRotateBackSpeed="3">
                    <wheel filename="Wheels/250_Road.xml" isLeft="true" hasTireTracks="true" hasParticles="true" >
                        <physics tipOcclusionAreaGroupId="1" rotSpeed="1" restLoad="2.4" repr="axisFrontLeft"  driveNode="wheelFrontLeft"  forcePointRatio="0.5" initialCompression="20" suspTravel="0.23" spring="28" damper="40" transRatio="1" frictionScale="4" />
                        <steering node="steeringBar" nodeMinTransX="0.08" nodeMaxTransX="-0.08" />
                    </wheel>
                    <wheel filename="Wheels/250_Road.xml" isLeft="false" hasTireTracks="true" hasParticles="true" >
                        <physics tipOcclusionAreaGroupId="1" rotSpeed="1" restLoad="2.4" repr="axisFrontRight" driveNode="wheelFrontRight" forcePointRatio="0.5" initialCompression="20" suspTravel="0.23" spring="28" damper="40" transRatio="1" frictionScale="4" />
                    </wheel>
					
                    <wheel filename="Wheels/250_Road.xml" isLeft="true" hasTireTracks="true" hasParticles="true" >
                        <physics tipOcclusionAreaGroupId="1" rotSpeed="0" restLoad="1.6" repr="wheelMiddleLeft"  forcePointRatio="0.5" initialCompression="20" suspTravel="0.23" spring="28" damper="40" transRatio="1" frictionScale="4" />
                    </wheel>
					
                    <wheel filename="Wheels/250_Road.xml" isLeft="false" hasTireTracks="true" hasParticles="true" >
                        <physics tipOcclusionAreaGroupId="1" rotSpeed="0" restLoad="1.6" repr="wheelMiddleRight"  forcePointRatio="0.5" initialCompression="20" suspTravel="0.23" spring="28" damper="40" transRatio="1" frictionScale="4" />
                    </wheel>
                    <wheel filename="Wheels/250_Road.xml" isLeft="true" hasTireTracks="true" hasParticles="true" >
                        <physics tipOcclusionAreaGroupId="1" rotSpeed="0" restLoad="1.6" repr="wheelBackLeft"  forcePointRatio="0.5" initialCompression="20" suspTravel="0.23" spring="28" damper="40" transRatio="1" frictionScale="4" />
                    </wheel>
					
                    <wheel filename="Wheels/250_Road.xml" isLeft="false" hasTireTracks="true" hasParticles="true" >
                        <physics tipOcclusionAreaGroupId="1" rotSpeed="0" restLoad="1.6" repr="wheelBackRight"  forcePointRatio="0.5" initialCompression="20" suspTravel="0.23" spring="28" damper="40" transRatio="1" frictionScale="4" />
                    </wheel>					

				
                </wheels>
            </wheelConfiguration>			
        </wheelConfigurations>

        <ackermannSteeringConfigurations>
            <ackermannSteering rotSpeed="40" rotMax="45" rotCenterWheel1="3" rotCenterWheel2="4" />
        </ackermannSteeringConfigurations>
        <hubs>
            <color0>SHARED_BLACK1</color0>
            <hub linkNode="wheelFrontLeft"  filename="$data/shared/wheels/hubs/hubSmall_n0_1.xml" offset="-0.04" isLeft="true"  scale="0.25 0.22 0.22" />
            <hub linkNode="wheelFrontRight" filename="$data/shared/wheels/hubs/hubSmall_n0_1.xml" offset="-0.04" isLeft="false" scale="0.25 0.22 0.22" />
            <hub linkNode="wheelMiddleLeft"  filename="$data/shared/wheels/hubs/hubSmall_n0_1.xml" offset="-0.04" isLeft="true"  scale="0.15 0.22 0.22" />
            <hub linkNode="wheelMiddleRight" filename="$data/shared/wheels/hubs/hubSmall_n0_1.xml" offset="-0.04" isLeft="false" scale="0.15 0.22 0.22" />
            <hub linkNode="wheelBackLeft"  filename="$data/shared/wheels/hubs/hubSmall_n0_1.xml" offset="-0.04" isLeft="false"  scale="0.15 0.22 0.22" />
            <hub linkNode="wheelBackRight" filename="$data/shared/wheels/hubs/hubSmall_n0_1.xml" offset="-0.04" isLeft="true" scale="0.15 0.22 0.22" />
        </hubs>				
         <rimColor>JOHNDEERE_YELLOW1</rimColor>   		
	</wheels>		
    <rimColorConfigurations useDefaultColors="false" >
        <rimColorConfiguration name="YELLOW" color="JOHNDEERE_YELLOW1" price="0"/>
        <rimColorConfiguration name="BLACK" color="SHARED_BLACK2" material="1" price="300"/>
    </rimColorConfigurations>			
    <speedRotatingParts>
        <speedRotatingPart shaderNode="chain01"         wheelIndex="1" wheelScale="0.5"    activationSpeed="0" useRotation="false" scrollScale="-8.103 0.0" foldMinLimit="0" foldMaxLimit="1.0" />
        <speedRotatingPart shaderNode="chain02"         wheelIndex="1" wheelScale="0.5"    activationSpeed="0" useRotation="false" scrollScale="-8.103 0.0" foldMinLimit="0" foldMaxLimit="1.0" />
    </speedRotatingParts>		

    <lights>

        <states>
            <state lightTypes="0" />
            <state lightTypes="0 1" />
        </states>

        <realLights>
            <low>
                <light node="frontLightLow"       lightTypes="0"/>
                <light node="highBeamLow"       lightTypes="0"/>				
            </low>
            <high>
                <light node="frontLightHigh"        lightTypes="0"/>
                <light node="highBeamHigh"          lightTypes="1"/>
                <light node="backLightsHigh1"       lightTypes="0 3"/>
                <brakeLight node="backLightsHigh1" />
                <turnLightLeft node="turnLightLeftFront" />
                <turnLightRight node="turnLightRightFront" />
            </high>
        </realLights>

        <defaultLights>
            <defaultLight shaderNode="frontlightStatic" lightTypes="0 3" />
            <defaultLight shaderNode="frontlightStatic2" lightTypes="0 3" />			
            <defaultLight shaderNode="brakelightStatic" lightTypes="0" />
            <defaultLight shaderNode="brakelightStatic2" lightTypes="0" />			
        </defaultLights>

        <brakeLights>
            <brakeLight shaderNode="brakelightStatic"/>
            <brakeLight shaderNode="brakelightStatic2"/>			
        </brakeLights>


        <turnLights>
            <turnLightLeft shaderNode="turnlightLeftFrontStatic" />
            <turnLightLeft shaderNode="turnlightLeftBackStatic" />
            <turnLightRight shaderNode="turnlightRightBackStatic" />
            <turnLightRight shaderNode="turnlightRightFrontStatic" />
        </turnLights>

       <beaconLights>
           <beaconLight node="beaconLight" speed="0.015" filename="$data/shared/assets/beaconLights/lizard/beaconLight07.xml" />
       </beaconLights> 

        <dashboards>
        </dashboards>
        <sounds>
            <switchLight template="SWITCH_01"  />
            <turnLight template="SWITCH_TURNLIGHT_OPENCABIN" />
        </sounds>
    </lights>

	<cover>
        <coverConfigurations title="$l10n_lights">
            <coverConfiguration name="$l10n_ui_no" price="0">
            <objectChange node="turnlightFront" visibilityActive="false" />
            <objectChange node="RightBackStatic" visibilityActive="false" />
            <objectChange node="LeftBackStatic" visibilityActive="false" />
            <objectChange node="LightConf01" visibilityActive="false" />
            <objectChange node="LightConf02" visibilityActive="false" />			
            </coverConfiguration>
			<coverConfiguration name="$l10n_ui_yes" price="150">
            <objectChange node="turnlightFront" visibilityActive="true" />
            <objectChange node="RightBackStatic" visibilityActive="true" />
            <objectChange node="LeftBackStatic" visibilityActive="true" />
            <objectChange node="LightConf01" visibilityActive="true" />
            <objectChange node="LightConf02" visibilityActive="true" />
            </coverConfiguration>
        </coverConfigurations>
    </cover>	
	
	
    <attacherJoints comboDuration="2">
        <attacherJointConfigurations title="$l10n_beacons">
            <attacherJointConfiguration name="$l10n_ui_no" price="0">	
        <attacherJoint node="trailerAttacherJointBack" jointType="trailer" lowerRotLimit="10 50 50" upperRotRotationOffset="0" allowsJointLimitMovement="false" comboTime="1" canTurnOnImplement="false">
            <schema position="1 0" rotation="0" invertX="false" />
        </attacherJoint>
        <attacherJoint node="trailerAttacherJointBack" jointType="trailerLow" lowerRotLimit="10 50 50" upperRotRotationOffset="0" allowsJointLimitMovement="false" comboTime="1" canTurnOnImplement="false">
            <schema position="1 0" rotation="0" invertX="false" />
        </attacherJoint>
                <attacherJoint node="TRUCK_ATTACH_04" jointType="GatorLift" allowsLowering="false">
                    <schema position="1 0.5" rotation="0" invertX="false" />
                    <attachSound template="TRUCK_ATTACH_01" linkNode="gator_main_component1" />						
                </attacherJoint>		
                <attacherJoint node="TRUCK_ATTACH_05" jointType="GatorFront" allowsLowering="false">
            <schema position="1 0" rotation="0" invertX="true"/>
                    <attachSound template="TRUCK_ATTACH_01" linkNode="gator_main_component1" />		
            <objectChange node="Design10" visibilityActive="false" visibilityInactive="true" />
            <objectChange node="Design20" visibilityActive="false" visibilityInactive="true" />
            <objectChange node="Design30" visibilityActive="false" visibilityInactive="true" />
            <objectChange node="Design40" visibilityActive="false" visibilityInactive="true" />	
                </attacherJoint>	
            <objectChange node="beaconLight" visibilityActive="false" />
            <objectChange node="beaconSupport01" visibilityActive="false"/>
            <objectChange node="beaconSupport02" visibilityActive="false"/>					
            </attacherJointConfiguration>
            <attacherJointConfiguration name="$l10n_ui_yes" price="50">		
        <attacherJoint node="trailerAttacherJointBack" jointType="trailer" lowerRotLimit="10 50 50" upperRotRotationOffset="0" allowsJointLimitMovement="false" comboTime="1" canTurnOnImplement="false">
            <schema position="1 0" rotation="0" invertX="false" />
        </attacherJoint>
        <attacherJoint node="trailerAttacherJointBack" jointType="trailerLow" lowerRotLimit="10 50 50" upperRotRotationOffset="0" allowsJointLimitMovement="false" comboTime="1" canTurnOnImplement="false">
            <schema position="1 0" rotation="0" invertX="false" />
        </attacherJoint>
                <attacherJoint node="TRUCK_ATTACH_04" jointType="GatorLift" allowsLowering="false">
                    <schema position="1 0.5" rotation="0" invertX="false" />
                    <attachSound template="TRUCK_ATTACH_01" linkNode="gator_main_component1" />
                </attacherJoint>		
                <attacherJoint node="TRUCK_ATTACH_05" jointType="GatorFront" allowsLowering="false">
            <schema position="1 0" rotation="0" invertX="true"/>
                    <attachSound template="TRUCK_ATTACH_01" linkNode="gator_main_component1" />
            <objectChange node="Design10" visibilityActive="false" visibilityInactive="true" />
            <objectChange node="Design20" visibilityActive="false" visibilityInactive="true" />
            <objectChange node="Design30" visibilityActive="false" visibilityInactive="true" />
            <objectChange node="Design40" visibilityActive="false" visibilityInactive="true" />
                </attacherJoint>
            <objectChange node="beaconLight" visibilityActive="true" />
            <objectChange node="beaconSupport01" visibilityActive="true"/>
            <objectChange node="beaconSupport02" visibilityActive="true"/>
            </attacherJointConfiguration>
        </attacherJointConfigurations>

        <sounds>
            <attach template="ATTACH_01" linkNode="0>" />
            <hydraulic template="DEFAULT_HYDRAULIC_SOUND" linkNode="0>" />
        </sounds>
    </attacherJoints>
    <powerTakeOffs>
        <output attacherJointIndices="1 2" outputNode="PTO" />	
    </powerTakeOffs>
    <enterable isTabbable="true" >
        <enterReferenceNode node="gator_main_component1"/>
        <exitPoint node="exitPoint"/>

        <cameras count="2">
            <camera node="outdoorCamera1" rotatable="true" rotateNode="outdoorCameraTarget" limit="true" useWorldXZRotation="true" rotMinX="-1.4" rotMaxX="1" transMin="2.3" transMax="15" translation="0 0 6" rotation="-24 180 0">
                <raycastNode node="cameraRaycastNode1"/>
                <raycastNode node="cameraRaycastNode2"/>
                <raycastNode node="cameraRaycastNode3"/>
            </camera>
            <camera node="indoorCamera1" rotatable="true" limit="true" rotMinX="-1.1" rotMaxX="0.4" transMin="0" transMax="0" useMirror="true" isInside="true" positionSmoothingParameter="0"  shadowFocusBox="shadowFocusBox"/>
        </cameras>
        <enterAnimation name="enterAnimation"/>
        <characterNode node="playerSkin" cameraMinDistance="1.5" spineRotation="-90 0 90" >
            <target ikChain="rightFoot" targetNode="playerRightFootTarget" />
            <target ikChain="leftFoot"  targetNode="playerLeftFootTarget" />
            <target ikChain="rightArm"  targetNode="playerRightHandTarget"/>
            <target ikChain="leftArm"   targetNode="playerLeftHandTarget"/>
        </characterNode>

        <characterTargetNodeModifier node="playerRightFootTarget" transitionTime="0.1" >
            <state node="player_rightFootGas"   referenceNode="gasPedal" directionReferenceNode="playerRightFootTargetGasRef"/>
            <state node="player_rightFootBrake" referenceNode="brakePedal" directionReferenceNode="playerRightFootTargetBrakeRef"/>
        </characterTargetNodeModifier>



        <dashboards>
            <dashboard displayType="NUMBER" valueType="operatingTime" numbers="numbersOperatingTime" numberColor="0.5 0.5 0.5 0.5" precision="1" />
        </dashboards>
    </enterable>
    <animations>
        <animation name="enterAnimation">
            <part node="joystickDirection2"       startTime="0.5"    endTime="1.1" endRot="0 0 0" startRot="-35 0 0" />
        </animation>
    </animations>
    <drivable>
        <sounds>
            <waterSplash template="WATER_SPLASH_01" />
        </sounds>
        <steeringWheel node="steeringWheel" indoorRotation="540" outdoorRotation="40" />

        <dashboards>
            <dashboard displayType="ROT" valueType="accelerationAxis" node="gasPedal"   minRot="0 0 0" maxRot="-20 0 0" doInterpolation="true" groups="MOTOR_ACTIVE"/>
            <dashboard displayType="ROT" valueType="decelerationAxis" node="brakePedal" minRot="0 0 0" maxRot="-10 0 0" doInterpolation="true" groups="MOTOR_ACTIVE"/>
            <dashboard displayType="ROT" valueType="movingDirection" node="joystickDirection" minRot="-35 0 0" maxRot="35 0 0" doInterpolation="true" interpolationSpeed="0.01" groups="MOTOR_ACTIVE"/>
        </dashboards>
    </drivable>

    <motorized>
        <consumerConfigurations>
            <consumerConfiguration>
                <consumer fillUnitIndex="1" usage="13.0" fillType="diesel" /> <!-- usage is per hour at max load and max rpm -->
            </consumerConfiguration>
        </consumerConfigurations>

        <differentialConfigurations>
            <differentialConfiguration>
                <differentials>
                    <differential torqueRatio="0.5" maxSpeedRatio="1.3" wheelIndex1="3" wheelIndex2="4" /> <!-- middle -->
                    <differential torqueRatio="0.5" maxSpeedRatio="1.3" wheelIndex1="5" wheelIndex2="6" /> <!-- back -->
                    <differential torqueRatio="0.5" maxSpeedRatio="1.2" differentialIndex1="1" differentialIndex2="2" /> <!-- middle-back -->
                    <differential torqueRatio="0.5" maxSpeedRatio="1.3" wheelIndex1="1" wheelIndex2="2" /> <!-- front -->
                    <differential torqueRatio="0.5" maxSpeedRatio="1.4"  differentialIndex1="3" differentialIndex2="4" /> <!-- middle-front -->
                </differentials>
            </differentialConfiguration>
        </differentialConfigurations>

        <motorConfigurations>
            <motorConfiguration name="Gator 6x4" hp="23" price="0">
                <motor torqueScale="1.1" minRpm="850" maxRpm="2200" maxForwardSpeed="25" maxBackwardSpeed="15" brakeForce="1.1" lowBrakeForceScale="0.12" lowBrakeForceSpeedLimit="1">
                    <torque normRpm="0.45" torque="0.9"/>
                    <torque normRpm="0.5" torque="0.97"/>
                    <torque normRpm="0.59" torque="1"/>
                    <torque normRpm="0.72" torque="1"/>
                    <torque normRpm="0.86" torque="0.88"/>
                    <torque normRpm="1" torque="0.72"/>
                </motor>
                <transmission minForwardGearRatio="33" maxForwardGearRatio="450" minBackwardGearRatio="48" maxBackwardGearRatio="250" />										
            </motorConfiguration>			
        </motorConfigurations>

        <exhaustEffects>
            <exhaustEffect node="exhaustParticle" filename="$data/particleSystems/shared/exhaust.i3d" minRpmColor="0.9 0.9 0.9 0.1" maxRpmColor="0.9 0.9 0.9 0.4" minRpmScale="0.02" maxRpmScale="0.25" />
        </exhaustEffects>

        <motorStartDuration>3000</motorStartDuration>
         <animationNodes>
         <animationNode class="ScrollingAnimation" node="chain03"  scrollSpeed="-4.85" turnOnFadeTime="3" turnOffFadeTime="3"/>
        </animationNodes> 
        <sounds externalSoundFile="sounds/john_deere_gator.xml" />
    </motorized>

    <animations>
    </animations>

    <cylindered>
        <movingTools>	
        </movingTools>

        <movingParts>		
            <movingPart node="axisFrontArmBottomLeft" referencePoint="axisFrontArmBottomLeftRef" referenceFrame="axisFrontArmBottomLeftRef" isActiveDirty="true" limitedAxis="1">
                <dependentPart node="axisFrontArmTopLeft" />
                <dependentPart node="axisFrontSteeringLeftHydraulic" />
                <dependentPart node="axisFrontDamperLeft" />
                <dependentPart node="axisFrontDamperPartLeft" />
                <dependentPart node="axisFrontLeftSpring" />
            </movingPart>
            <movingPart node="axisFrontArmTopLeft" referencePoint="axisFrontArmTopLeftRef" referenceFrame="axisFrontArmTopLeftRef"  limitedAxis="1"/>
            <movingPart node="axisFrontSteeringLeftHydraulic" referencePoint="axisFrontSteeringLeftHydraulicRef" referenceFrame="axisFrontSteeringLeftHydraulicRef" scaleZ="true" />
            <movingPart node="axisFrontDamperLeft" referencePoint="axisFrontDamperLeftRef" referenceFrame="axisFrontDamperLeftRef" />
            <movingPart node="axisFrontDamperPartLeft" referencePoint="axisFrontDamperPartLeftRef" referenceFrame="axisFrontDamperPartLeftRef" />
            <movingPart node="axisFrontLeftSpring" referencePoint="axisFrontLeftSpringRef" referenceFrame="axisFrontLeftSpringRef" scaleZ="true" />

            <movingPart node="axisFrontArmBottomRight" referencePoint="axisFrontArmBottomRightRef" referenceFrame="axisFrontArmBottomRightRef" isActiveDirty="true" limitedAxis="1">
                <dependentPart node="axisFrontArmTopRight" />
                <dependentPart node="axisFrontSteeringRightHydraulic" />
                <dependentPart node="axisFrontDamperRight" />
                <dependentPart node="axisFrontDamperPartRight" />
                <dependentPart node="axisFrontRightSpring" />
            </movingPart>
			
			
			
            <movingPart node="axisFrontArmTopRight" referencePoint="axisFrontArmTopRightRef" referenceFrame="axisFrontArmTopRightRef"  limitedAxis="1"/>
            <movingPart node="axisFrontSteeringRightHydraulic" referencePoint="axisFrontSteeringRightHydraulicRef" referenceFrame="axisFrontSteeringRightHydraulicRef" scaleZ="true" />
            <movingPart node="axisFrontDamperRight" referencePoint="axisFrontDamperRightRef" referenceFrame="axisFrontDamperRightRef" />
            <movingPart node="axisFrontDamperPartRight" referencePoint="axisFrontDamperPartRightRef" referenceFrame="axisFrontDamperPartRightRef" />
            <movingPart node="axisFrontRightSpring" referencePoint="axisFrontRightSpringRef" referenceFrame="axisFrontRightSpringRef" scaleZ="true" />
            <movingPart node="gasPedalRef" referencePoint="gasPedal2Ref" referenceFrame="gasPedal2Ref" isActiveDirty="true" scaleZ="true" />			
        </movingParts>

        <sounds>
            <hydraulic template="DEFAULT_HYDRAULIC_SOUND" linkNode="gator_main_component1"/>
        </sounds>
    </cylindered>


    <fillUnit>
        <fillUnitConfigurations>
            <fillUnitConfiguration>
                <fillUnits>
                    <fillUnit unit="$l10n_unit_literShort" showOnHud="false" showInShop="false" fillTypes="diesel" capacity="42" />
                </fillUnits>
            </fillUnitConfiguration>
        </fillUnitConfigurations>
    </fillUnit>


    <dashboard>
        <groups>
            <group name="MOTOR_STARTING" isMotorStarting="true"/>
            <group name="MOTOR_ACTIVE"   isMotorStarting="true" isMotorRunning="true"/>	
        </groups>

        <default>
            <dashboard displayType="VISIBILITY" node="numbersOperatingTime"  baseColor="WHITE" emitColor="WHITE" groups="MOTOR_ACTIVE" intensity="1"/>
            <dashboard displayType="EMITTER" node="0>0|11|1"   baseColor="GREY" emitColor="GREEN" groups="MOTOR_ACTIVE" intensity="1"/>
            <dashboard displayType="EMITTER" node="0>0|11|2"   baseColor="GREY" emitColor="GREEN" groups="MOTOR_ACTIVE" intensity="1"/>
            <dashboard displayType="EMITTER" node="0>0|11|3"   baseColor="GREY" emitColor="RED" groups="MOTOR_ACTIVE" intensity="1"/>
            <dashboard displayType="EMITTER" node="0>0|11|4"   baseColor="GREY" emitColor="ORANGE" groups="MOTOR_ACTIVE" intensity="1"/>		
            <dashboard displayType="EMITTER" node="0>0|11|5"   baseColor="GREY" emitColor="GREEN" groups="MOTOR_ACTIVE" intensity="1"/>
            <dashboard displayType="EMITTER" node="0>0|11|6"   baseColor="GREY" emitColor="GREEN" groups="MOTOR_ACTIVE" intensity="0.1"/>	
            <dashboard displayType="EMITTER" node="0>0|11|7"   baseColor="GREY" emitColor="RED" groups="MOTOR_ACTIVE" intensity="0.1"/>				
            <dashboard displayType="EMITTER" node="0>0|11|8"   baseColor="GREY" emitColor="RED" groups="MOTOR_ACTIVE" intensity="0.1"/>				
            <dashboard displayType="EMITTER" node="0>0|11|9"   baseColor="GREY" emitColor="GREEN" groups="MOTOR_ACTIVE" intensity="0.1"/>	
            <dashboard displayType="EMITTER" node="0>0|11|10"   baseColor="GREY" emitColor="RED" groups="MOTOR_ACTIVE" intensity="0.1"/>		
            <dashboard displayType="EMITTER" node="0>0|11|11"   baseColor="GREY" emitColor="GREEN" groups="MOTOR_ACTIVE" intensity="0.02"/>		
        </default>
    </dashboard>

    <ai>
        <collisionTrigger node="aiCollisionTrigger" />
    </ai>

    <honk>
        <sound template="HONK_JD_GATOR" />
    </honk>


    <foliageBending>
        <bendingNode minX="-0.85" maxX="0.85" minZ="-1.45" maxZ="1.5" yOffset="0.22" />
    </foliageBending>




			
    <designConfigurations>
        <designConfiguration name="60">
            <objectChange node="Design1" visibilityActive="false" />
            <objectChange node="Design2" visibilityActive="false" />
            <objectChange node="Design3" visibilityActive="false" />	
            <objectChange node="Design4" visibilityActive="false" />				
        </designConfiguration>
        <designConfiguration name="500" price="400">
            <objectChange node="Design1" visibilityActive="false" />
            <objectChange node="Design2" visibilityActive="false" />
            <objectChange node="Design3" visibilityActive="true" />	
            <objectChange node="Wheight1" visibilityActive="true" />	
            <objectChange node="Wheight2" visibilityActive="true" />
            <objectChange node="Wheight3" visibilityActive="false" />
            <objectChange node="Wheight4" visibilityActive="false" />			
            <objectChange node="Design4" visibilityActive="false" />
            <objectChange node="gator_main_component1" massActive="3000" />
            <objectChange node="gator_main_component1" centerOfMassActive="0 0.5 0.6" />				
        </designConfiguration>
        <designConfiguration name="900" price="800">
            <objectChange node="Design1" visibilityActive="false" />
            <objectChange node="Design2" visibilityActive="false" />
            <objectChange node="Design3" visibilityActive="true" />	
            <objectChange node="Wheight1" visibilityActive="true" />	
            <objectChange node="Wheight2" visibilityActive="true" />
            <objectChange node="Wheight3" visibilityActive="true" />
            <objectChange node="Wheight4" visibilityActive="false" />			
            <objectChange node="Design4" visibilityActive="false" />
            <objectChange node="gator_main_component1" massActive="3200" />
            <objectChange node="gator_main_component1" centerOfMassActive="0 0.5 0.65" />					
        </designConfiguration>
        <designConfiguration name="1200" price="1200">
            <objectChange node="Design1" visibilityActive="false" />
            <objectChange node="Design2" visibilityActive="false" />
            <objectChange node="Design3" visibilityActive="true" />	
            <objectChange node="Wheight1" visibilityActive="true" />	
            <objectChange node="Wheight2" visibilityActive="true" />
            <objectChange node="Wheight3" visibilityActive="true" />
            <objectChange node="Wheight4" visibilityActive="true" />			
            <objectChange node="Design4" visibilityActive="false" />	
            <objectChange node="gator_main_component1" massActive="3300" />
            <objectChange node="gator_main_component1" centerOfMassActive="0 0.5 0.7" />				
        </designConfiguration>
        <designConfiguration name="1011" price="200">
            <objectChange node="Design1" visibilityActive="true" />
            <objectChange node="Design2" visibilityActive="false" />
            <objectChange node="Design3" visibilityActive="false" />	
            <objectChange node="Design4" visibilityActive="false" />				
        </designConfiguration>
        <designConfiguration name="1012" price="400">
            <objectChange node="Design1" visibilityActive="false" />
            <objectChange node="Design2" visibilityActive="true" />
            <objectChange node="Design3" visibilityActive="false" />	
            <objectChange node="Design4" visibilityActive="false" />					
        </designConfiguration>
        <designConfiguration name="1013" price="600">
            <objectChange node="Design1" visibilityActive="false" />
            <objectChange node="Design2" visibilityActive="true" />
            <objectChange node="Design3" visibilityActive="false" />	
            <objectChange node="Design4" visibilityActive="true" />						
        </designConfiguration>
        </designConfigurations>		
      <configurationSets>
        <configurationSet name="$l10n_configuration_valueDefault" params="200">
            <configuration name="design" index="1" />			
        </configurationSet>
        <configurationSet name="$l10n_configuration_frontWeightX" params="600">
            <configuration name="design" index="2" />			
        </configurationSet>
        <configurationSet name="$l10n_configuration_frontWeightX" params="900">
            <configuration name="design" index="3" />		
        </configurationSet>
        <configurationSet name="$l10n_configuration_frontWeightX" params="1200">
            <configuration name="design" index="4" />			
        </configurationSet>
        <configurationSet name="Protection 1" params="1011">
            <configuration name="design" index="5" />	
        </configurationSet>
        <configurationSet name="Protection 2" params="1012">
            <configuration name="design" index="6" />	
        </configurationSet>
        <configurationSet name="Protection 3" params="1013">
            <configuration name="design" index="7" />	
        </configurationSet>	
    </configurationSets> 		
		
		
		
	<vehicleTypeConfigurations title="$l10n_Mudguards" >	
	    <vehicleTypeConfiguration name="Model 1" price="0" vehicleType="Gator">
            <objectChange node="Design5" visibilityActive="false" />	
            <objectChange node="Modell01" visibilityActive="false" />	
            <objectChange node="Modell02" visibilityActive="false" />			
            <objectChange node="Modell03" visibilityActive="false" />				
            <objectChange node="Modell04" visibilityActive="false" />			
            <objectChange node="beaconSupport03" visibilityActive="true" />	
            <objectChange node="beaconSupport04" visibilityActive="false" />	
            <objectChange node="beaconLight" translationActive="0.514 1.833 -0.98" />				
        </vehicleTypeConfiguration>	
	    <vehicleTypeConfiguration name="Model 2" price="100" vehicleType="Gator">
            <objectChange node="Design5" visibilityActive="false" />
            <objectChange node="Modell01" visibilityActive="true" />	
            <objectChange node="Modell02" visibilityActive="false" />			
            <objectChange node="Modell03" visibilityActive="false" />				
            <objectChange node="Modell04" visibilityActive="false" />			
            <objectChange node="beaconSupport03" visibilityActive="true" />	
            <objectChange node="beaconSupport04" visibilityActive="false" />	
            <objectChange node="beaconLight" translationActive="0.514 1.833 -0.98" />				
        </vehicleTypeConfiguration>				
	    <vehicleTypeConfiguration name="Model 3" price="200" vehicleType="Gator">
            <objectChange node="Design5" visibilityActive="true" />		
            <objectChange node="Modell01" visibilityActive="false" />	
            <objectChange node="Modell02" visibilityActive="false" />			
            <objectChange node="Modell03" visibilityActive="false" />				
            <objectChange node="Modell04" visibilityActive="false" />			
            <objectChange node="beaconSupport03" visibilityActive="false" />	
            <objectChange node="beaconSupport04" visibilityActive="true" />	
            <objectChange node="beaconLight" translationActive="0.715 2.086 -0.756" />
            <objectChange node="turnlightFront" translationActive="0 -0.006 0.256" />				
        </vehicleTypeConfiguration>	
	    <vehicleTypeConfiguration name="Model 4" price="300" vehicleType="Gator">
            <objectChange node="Design5" visibilityActive="true" />	
            <objectChange node="Modell02" visibilityActive="true" />				
            <objectChange node="Modell01" visibilityActive="false" />
            <objectChange node="Modell03" visibilityActive="false" />				
            <objectChange node="Modell04" visibilityActive="false" />			
            <objectChange node="beaconSupport03" visibilityActive="false" />	
            <objectChange node="beaconSupport04" visibilityActive="true" />	
            <objectChange node="beaconLight" translationActive="0.715 2.086 -0.756" />	
            <objectChange node="turnlightFront" translationActive="0 -0.006 0.256" />				
        </vehicleTypeConfiguration>	
	    <vehicleTypeConfiguration name="Model 5" price="200" vehicleType="Gator">
            <objectChange node="Design5" visibilityActive="true" />	
            <objectChange node="Modell02" visibilityActive="false" />				
            <objectChange node="Modell01" visibilityActive="false" />	
            <objectChange node="Modell03" visibilityActive="true" />				
            <objectChange node="Modell04" visibilityActive="false" />		
            <objectChange node="beaconSupport03" visibilityActive="false" />	
            <objectChange node="beaconSupport04" visibilityActive="true" />	
            <objectChange node="beaconLight" translationActive="0.715 2.086 -0.756" />	
            <objectChange node="turnlightFront" translationActive="0 -0.006 0.256" />				
        </vehicleTypeConfiguration>
	    <vehicleTypeConfiguration name="Model 6" price="300" vehicleType="Gator">
            <objectChange node="Design5" visibilityActive="true" />	
            <objectChange node="Modell02" visibilityActive="false" />				
            <objectChange node="Modell01" visibilityActive="false" />	
            <objectChange node="Modell03" visibilityActive="true" />				
            <objectChange node="Modell04" visibilityActive="true" />		
            <objectChange node="beaconSupport03" visibilityActive="false" />	
            <objectChange node="beaconSupport04" visibilityActive="true" />	
            <objectChange node="beaconLight" translationActive="0.715 2.086 -0.756" />	
            <objectChange node="turnlightFront" translationActive="0 -0.006 0.256" />				
        </vehicleTypeConfiguration>		
	    <vehicleTypeConfiguration name="Model 7" price="400" vehicleType="Gator">
            <objectChange node="Design5" visibilityActive="true" />	
            <objectChange node="Modell02" visibilityActive="true" />				
            <objectChange node="Modell01" visibilityActive="false" />	
            <objectChange node="Modell03" visibilityActive="true" />				
            <objectChange node="Modell04" visibilityActive="false" />		
            <objectChange node="beaconSupport03" visibilityActive="false" />	
            <objectChange node="beaconSupport04" visibilityActive="true" />	
            <objectChange node="beaconLight" translationActive="0.715 2.086 -0.756" />	
            <objectChange node="turnlightFront" translationActive="0 -0.006 0.256" />				
        </vehicleTypeConfiguration>
	    <vehicleTypeConfiguration name="Model 8" price="500" vehicleType="Gator">
            <objectChange node="Design5" visibilityActive="true" />	
            <objectChange node="Modell02" visibilityActive="true" />				
            <objectChange node="Modell01" visibilityActive="false" />	
            <objectChange node="Modell03" visibilityActive="true" />				
            <objectChange node="Modell04" visibilityActive="true" />		
            <objectChange node="beaconSupport03" visibilityActive="false" />	
            <objectChange node="beaconSupport04" visibilityActive="true" />	
            <objectChange node="beaconLight" translationActive="0.715 2.086 -0.756" />
            <objectChange node="turnlightFront" translationActive="0 -0.006 0.256" />			
        </vehicleTypeConfiguration>		
        </vehicleTypeConfigurations>	

    <connectionHoses>
        <target attacherJointIndices="1 2" type="airDoubleRed" node="airDoubleOrange" socket="air_red"/>
        <target attacherJointIndices="1 2" type="airDoubleYellow" node="airDoubleYellow" socket="air_yellow"/>
        <target attacherJointIndices="1 2" type="electric" node="electricBack" socket="electric"/>		
        <target attacherJointIndices="1 2" type="hydraulicIn" node="hydraulic03_in" socket="hydraulic01"/>
        <target attacherJointIndices="1 2" type="hydraulicOut" node="hydraulic03_out" socket="hydraulic01"/>
        <target attacherJointIndices="1 2" type="hydraulicIn" node="hydraulic02_in" socket="hydraulic01"/>
        <target attacherJointIndices="1 2" type="hydraulicOut" node="hydraulic02_out" socket="hydraulic01"/>		
    </connectionHoses>
    <wearable wearDuration="480" workMultiplier="5" fieldMultiplier="2"/>
    <washable dirtDuration="90" washDuration="1" workMultiplier="3" fieldMultiplier="2"/>			
    <baseMaterial>
        <material name="gator_mat" baseNode="gator_vis">
            <shaderParameter name="colorMat0" value="JOHNDEERE_GREEN1"/>
            <shaderParameter name="colorMat1" value="JOHNDEERE_YELLOW1"/>			
        </material>
        <material name="gator2_mat" baseNode="Wheight1">
            <shaderParameter name="colorMat0" value="JOHNDEERE_GREEN1"/>
        </material>	
        <material name="Decals_color_mat" baseNode="gator_vis3">
            <shaderParameter name="colorMat0" value="JOHNDEERE_GREEN1"/>
        </material>		
    </baseMaterial>
    <baseMaterialConfigurations>
        <baseMaterialConfiguration name="GREEN JD" color="JOHNDEERE_GREEN1"/>
        <baseMaterialConfiguration name="YELLOW" color="CHALLENGER_YELLOW1" price="500"/>
        <baseMaterialConfiguration name="GREEN FOREST" color="0.07 0.087 0.014 1" price="500"/>		
        <material name="gator_mat" shaderParameter="colorMat0" />
        <material name="gator2_mat" shaderParameter="colorMat0" />	
        <material name="Decals_color_mat" shaderParameter="colorMat0" />		
    </baseMaterialConfigurations>
    <designMaterialConfigurations>	
        <designMaterialConfiguration name="YELLOW" color="JOHNDEERE_YELLOW1"/>
        <designMaterialConfiguration name="BLACK" color="SHARED_BLACK2" price="150"/>		
        <material name="gator_mat" shaderParameter="colorMat1" />		
    </designMaterialConfigurations>		
    <i3dMappings>
        <i3dMapping id="gator_main_component1" node="0>" />
        <i3dMapping id="gator_vis" node="0>0" />
        <i3dMapping id="gator_vis3" node="0>0|14" />		
        <i3dMapping id="wheelMiddleRight" node="0>0|1|13" />		
        <i3dMapping id="wheelMiddleLeft" node="0>0|1|12" />	
        <i3dMapping id="wheelBackRight" node="0>0|1|14" />		
        <i3dMapping id="wheelBackLeft" node="0>0|1|15" />		
        <i3dMapping id="trailerAttacherJointBack" node="0>0|0|0" />
        <i3dMapping id="steeringBar" node="0>0|1|0" />
        <i3dMapping id="axisFrontSteeringLeftHydraulicRef" node="0>0|1|0|0" />
        <i3dMapping id="axisFrontSteeringRightHydraulicRef" node="0>0|1|0|1" />
        <i3dMapping id="axisFrontLeft" node="0>0|1|1" />
        <i3dMapping id="axisFrontSteeringLeftHydraulic" node="0>0|1|1|0" />
        <i3dMapping id="axisFrontArmTopLeftRef" node="0>0|1|1|1" />
        <i3dMapping id="axisFrontArmBottomLeftRef" node="0>0|1|1|2" />
        <i3dMapping id="Design1" node="0>0|15|0"/>	
        <i3dMapping id="Design2" node="0>0|15|1"/>		
        <i3dMapping id="Design3" node="0>0|15|2"/>		
        <i3dMapping id="Design4" node="0>0|15|3"/>	
        <i3dMapping id="Design10" node="0>0|15|0|0"/>	
        <i3dMapping id="Design20" node="0>0|15|1|0"/>		
        <i3dMapping id="Design30" node="0>0|15|2|0"/>		
        <i3dMapping id="Design40" node="0>0|15|3|0"/>		
        <i3dMapping id="Design5" node="0>0|15|4"/>		
        <i3dMapping id="Wheight1" node="0>0|15|2|0|0"/>		
        <i3dMapping id="Wheight2" node="0>0|15|2|0|1"/>
        <i3dMapping id="Wheight3" node="0>0|15|2|0|2"/>	
        <i3dMapping id="Wheight4" node="0>0|15|2|0|3"/>		
        <i3dMapping id="wheelFrontLeft" node="0>0|1|1|4" />
        <i3dMapping id="axisFrontArmTopLeft" node="0>0|1|2|0" />
        <i3dMapping id="axisFrontDamperLeft" node="0>0|1|2|0|0" />
        <i3dMapping id="axisFrontLeftSpring" node="0>0|1|2|0|0|0" />
        <i3dMapping id="axisFrontDamperPartLeftRef" node="0>0|1|2|0|1" />
        <i3dMapping id="axisFrontArmBottomLeft" node="0>0|1|4|0" />
        <i3dMapping id="axisFrontDamperPartLeft" node="0>0|1|5" />
        <i3dMapping id="axisFrontDamperLeftRef" node="0>0|1|5|0" />
        <i3dMapping id="axisFrontLeftSpringRef" node="0>0|1|5|1" />
        <i3dMapping id="axisFrontRight" node="0>0|1|6" />
        <i3dMapping id="axisFrontArmBottomRightRef" node="0>0|1|6|0" />
        <i3dMapping id="axisFrontArmTopRightRef" node="0>0|1|6|2" />
        <i3dMapping id="axisFrontSteeringRightHydraulic" node="0>0|1|6|3" />
        <i3dMapping id="wheelFrontRight" node="0>0|1|6|4" />
        <i3dMapping id="axisFrontArmTopRight" node="0>0|1|7|0" />
        <i3dMapping id="axisFrontDamperRight" node="0>0|1|7|0|0" />
        <i3dMapping id="axisFrontRightSpring" node="0>0|1|7|0|0|0" />
        <i3dMapping id="axisFrontDamperPartRightRef" node="0>0|1|7|0|1" />
        <i3dMapping id="axisFrontArmBottomRight" node="0>0|1|9|0" />
        <i3dMapping id="axisFrontDamperPartRight" node="0>0|1|10" />
        <i3dMapping id="axisFrontRightSpringRef" node="0>0|1|10|0" />
        <i3dMapping id="axisFrontDamperRightRef" node="0>0|1|10|1" />
        <i3dMapping id="turnlightRightFrontStatic" node="0>0|2|0|4|3" />
        <i3dMapping id="turnlightLeftFrontStatic" node="0>0|2|0|4|1" />
        <i3dMapping id="turnlightFront" node="0>0|2|0|4" />		
        <i3dMapping id="frontlightStatic" node="0>0|2|0|0|0" />
        <i3dMapping id="frontlightStatic2" node="0>0|2|0|1|0" />		
        <i3dMapping id="frontLightHigh" node="0>0|2|1|0" />
        <i3dMapping id="frontLightLow" node="0>0|2|1|1" />
        <i3dMapping id="highBeamLow" node="0>0|2|1|2" />
        <i3dMapping id="highBeamHigh" node="0>0|2|1|3" />
        <i3dMapping id="backLightsHigh1" node="0>0|2|3|0" />
        <i3dMapping id="turnLightLeftFront" node="0>0|2|4|0" />
        <i3dMapping id="turnLightLeftBack" node="0>0|2|4|0|0" />
        <i3dMapping id="turnLightRightFront" node="0>0|2|4|1" />
        <i3dMapping id="turnLightRightBack" node="0>0|2|4|1|0" />		
        <i3dMapping id="beaconLight" node="0>0|2|5" />
        <i3dMapping id="outdoorCameraTarget" node="0>0|3|0" />
        <i3dMapping id="outdoorCamera1" node="0>0|3|0|0" />
        <i3dMapping id="indoorCamera1" node="0>0|3|1" />
        <i3dMapping id="cameraRaycastNode1" node="0>0|3|2" />
        <i3dMapping id="cameraRaycastNode2" node="0>0|3|3" />
        <i3dMapping id="cameraRaycastNode3" node="0>0|3|4" />
        <i3dMapping id="shadowFocusBox" node="0>0|3|5" />
        <i3dMapping id="steeringWheel" node="0>0|4|0" />
        <i3dMapping id="playerLeftHandTarget" node="0>0|4|0|0" />
        <i3dMapping id="playerRightHandTarget" node="0>0|4|0|1" />
        <i3dMapping id="playerSkin" node="0>0|5|0" />
        <i3dMapping id="playerRightFootTarget" node="0>0|5|1" />
        <i3dMapping id="playerLeftFootTarget" node="0>0|5|2" />
        <i3dMapping id="player_rightFootGas" node="0>0|5|3" />
        <i3dMapping id="player_rightFootBrake" node="0>0|5|4" />
        <i3dMapping id="exitPoint" node="0>0|6" />
        <i3dMapping id="exhaustParticle" node="0>0|7" />
        <i3dMapping id="brakelightStatic" node="0>0|2|0|2|1" />
        <i3dMapping id="brakelightStatic2" node="0>0|2|0|3|1" />		
        <i3dMapping id="turnlightRightBackStatic" node="0>0|2|0|3|0" />
        <i3dMapping id="turnlightLeftBackStatic" node="0>0|2|0|2|0" />
        <i3dMapping id="LeftBackStatic" node="0>0|2|0|2" />
        <i3dMapping id="RightBackStatic" node="0>0|2|0|3" />		
        <i3dMapping id="mainToolHydraulicRef" node="0>0|9" />
        <i3dMapping id="gasPedal" node="0>0|10|0" /> 
        <i3dMapping id="gasPedalRef" node="0>0|10|4|0" /> 
        <i3dMapping id="gasPedal2Ref" node="0>0|10|0|2" />		
        <i3dMapping id="playerRightFootTargetGasRef" node="0>0|10|0|0" />
        <i3dMapping id="brakePedal" node="0>0|10|1" />
        <i3dMapping id="playerRightFootTargetBrakeRef" node="0>0|10|1|0" />
        <i3dMapping id="joystickDirection" node="0>0|10|2" />
        <i3dMapping id="joystickDirection2" node="0>0|10|3|0" />		
        <i3dMapping id="player_joystickDirectionRef" node="0>0|10|2|0" />
        <i3dMapping id="numbersOperatingTime" node="0>0|11|0" />
        <i3dMapping id="aiCollisionTrigger" node="0>0|12|0" />
        <i3dMapping id="chain01" node="0>0|8|1" />		
        <i3dMapping id="chain02" node="0>0|8|2" />	
        <i3dMapping id="chain03" node="0>0|8|3" />	
        <i3dMapping id="TRUCK_ATTACH_04" node="0>0|0|1" />	
        <i3dMapping id="TRUCK_ATTACH_05" node="0>0|0|2|0" />		
        <i3dMapping id="beaconSupport01" node="0>0|16|0|0" />
        <i3dMapping id="beaconSupport02" node="0>0|16|1|0" />
        <i3dMapping id="beaconSupport03" node="0>0|16|0" />
        <i3dMapping id="beaconSupport04" node="0>0|16|1" />
        <i3dMapping id="Modell01" node="0>0|15|5"/>
        <i3dMapping id="Modell02" node="0>0|15|7"/>		
        <i3dMapping id="Modell03" node="0>0|15|6"/>		
        <i3dMapping id="Modell04" node="0>0|15|6|1|0"/>	
        <i3dMapping id="LightConf01" node="0>0|2|3" />			
        <i3dMapping id="LightConf02" node="0>0|2|4" />		
        <i3dMapping id="airDoubleOrange" node="0>2|5" />
        <i3dMapping id="airDoubleYellow" node="0>2|6" />
        <i3dMapping id="electricBack" node="0>2|0" />
        <i3dMapping id="hydraulic03_in" node="0>2|1" />
        <i3dMapping id="hydraulic03_out" node="0>2|2" />
        <i3dMapping id="hydraulic02_in" node="0>2|3" />		
        <i3dMapping id="hydraulic02_out" node="0>2|4" />
        <i3dMapping id="crawlerFrontLeft" node="0>0|1|16" />	
        <i3dMapping id="crawlerFrontRight" node="0>0|1|17" />		
        <i3dMapping id="PTO" node="0>0|0|3" />			
    </i3dMappings>
</vehicle>
