﻿<?xml version="1.0" encoding="utf-8" standalone="no" ?>
<modDesc descVersion="53">
    <author>BlackSheep Modding</author>
    <version>1.0.0.0</version>
    <title>
        <en>John Deere Gator 6x4</en>
    </title>
    <description>
        <en>
            <![CDATA[TOW MORE THAN YOU THOUGHT
Thanks to its diesel engine that combines power and fuel efficiency, the John Deere 6x4 Gator quickly tackles the toughest of jobs.
With six low pressure wheels, the Gator 6x4 travels lightly over your valuable crops.

6x4 Gator:
Price: €15,000
Maximum speed: 25 Kph
Max power: 23hp

Container:
Price: €2,000
Capacity: 800L

Bale tray:
Price: €1,500

3P LIFTER:
Price: €1,000

32A Spreader
Price: €2.000
Working width: 5.0m
Capacity: 400L]]>
        </en>
        <de>
<![CDATA[ZIEHT MEHR ALS DU DENKST
Dank seinem Diesel Motor, der Leistung und Effizienz verbindet, ist der John Deere 6x4 Gator genau der richtige für schwere Aufgaben.
Mit seinen sechs Reifen mit geringen Luftdruck hinterlässt der John Deere 6x4 keine Spuren auf eurem kostbaren Land.

Gator 6x4:
Preis: 15.000 €
Höchstgeschwindigkeit: 25 km/h
Max. Leistung: 23 PS

Container:
Preis 2.000 €
Ladekapazität: 800 l

Ballenaufbau:
Preis: 1.500 €

3P LIFTER:
Preis: 1.000 €

Feldspritze 32A
Preis: 2.000 €
Arbeitsbreite: 5,0 m
Kapazität: 400 l]]>
        </de>
        <fr>
            <![CDATA[TRACTE PLUS QUE VOUS NE L'IMAGINIEZ
Grâce à son moteur diesel alliant puissance et sobriété, le Gator 6x4 vient rapidement à bout des tâches les plus difficiles.
Avec ses six pneus basse pression, le Gator 6x4 ne laisse aucune trace de son passage sur votre précieuses cultures.

Gator 6x4: 
Prix: 15.000,-€
Vitesse maximale: 25 Kmh 
Puissance max: 23hp

Container:
Prix: 2.000,-€
Capacité: 800 l

Plateau à bales: 
Prix: 1.500,-€

3P LIFTER: 
Prix: 1.000,-€

Epandeur 32A
Prix: 2.000,-€
Largeur de travail: 5.0m
Capacité: 400 l]]>
        </fr>		
    </description>
    <iconFilename>icon_Gator.dds</iconFilename>
    <multiplayer supported="true" />
    <jointTypes>
        <jointType name="GatorLift"/>
        <jointType name="GatorFront"/>		
    </jointTypes>	
    <storeItems>
        <storeItem xmlFilename="Gator.xml"/>
        <storeItem xmlFilename="Tipper.xml"/>	
        <storeItem xmlFilename="bale.xml"/>	
        <storeItem xmlFilename="3p.xml"/>
        <storeItem xmlFilename="Sprayer.xml"/>		
    </storeItems>
		<vehicleTypes>
<type name="Gator" parent="baseDrivable" className="Vehicle" filename="$dataS/scripts/vehicles/Vehicle.lua">
<specialization name="cover" />
</type>
		</vehicleTypes>  	
<l10n>
<text name="Mudguards"><en>Design configuration</en><de>Design Konfiguration</de><fr>Design configuration</fr></text>
<text name="beacons"><en>Beacons</en><de>Rundumleuchten</de><fr>Gyrophares</fr></text>
<text name="lights"><en>Additional lights</en><de>Zusatzbeleuchtung</de><fr>Eclairage additionnel</fr></text>
</l10n>	
		
</modDesc>
