﻿<?xml version="1.0" encoding="utf-8" standalone="no"?>
<vehicle type="sprayer">
    <annotation>Copyright (C) GIANTS Software GmbH, All Rights Reserved.</annotation>

    <storeData>
        <name>32A</name>
        <specs>
            <workingWidth>5.0</workingWidth>
        </specs>
        <functions>
            <function>$l10n_function_sprayer</function>
        </functions>
        <specs>
            <combination>GATOR 6X4</combination>
        </specs>		
        <image>store_3Spayer.png</image>
        <price>2000</price>
        <lifetime>600</lifetime>
        <rotation>0</rotation>
        <brand>JOHNDEERE</brand>
        <category>sprayers</category>
        <vertexBufferMemoryUsage>588268</vertexBufferMemoryUsage>
        <indexBufferMemoryUsage>108654</indexBufferMemoryUsage>
        <textureMemoryUsage>16777488</textureMemoryUsage>
        <instanceVertexBufferMemoryUsage>0</instanceVertexBufferMemoryUsage>
        <instanceIndexBufferMemoryUsage>0</instanceIndexBufferMemoryUsage>
    </storeData>	
	
	
    <base>
        <typeDesc>$l10n_typeDesc_sprayer</typeDesc>
    <filename>Sprayer.i3d</filename>
        <size width="3.5" length="8" lengthOffset="0.75"/>
        <speedLimit value="12" />		
        <components>
            <component centerOfMass="0 0.2 0.35" solverIterationCount="10" mass="500"/>		
        </components>
        <schemaOverlay attacherJointPosition="0 0">
            <default name="DEFAULT_IMPLEMENT"/>
            <turnedOn name="DEFAULT_IMPLEMENT_ON"/>
            <selected name="DEFAULT_IMPLEMENT_SELECTED"/>
            <turnedOnSelected name="DEFAULT_IMPLEMENT_SELECTED_ON"/>
        </schemaOverlay>
    </base>	
	
    <wheels>
    </wheels>

    <attachable>
        <inputAttacherJoints>
            <inputAttacherJoint node="attacherJoint" jointType="GatorLift" upperRotationOffset="0"/>
        </inputAttacherJoints>
        <support animationName="moveSupport" delayedOnAttach="false"/>	
        <brakeForce>0.5</brakeForce>
    </attachable>
	<workAreas>
        <workArea type="sprayer" functionName="processSprayerArea" disableBackwards="false" requiresGroundContact="false" >
            <area startNode="workAreaStart" widthNode="workAreaWidth" heightNode="workAreaHeight" />
        </workArea>
    </workAreas>
		
	<foldable>
        <foldingParts startMoveDirection="1" turnOnFoldMaxLimit="0" turnOnFoldMinLimit="0">
            <foldingPart animationName="folding" speedScale="0.7" />
        </foldingParts>
    </foldable>
    <turnOnVehicle turnOffIfNotAllowed="true" >
        <sounds>
            <work template="DEFAULT_SPRAYER" linkNode="Sprayer_main_component1" />
        </sounds>
    </turnOnVehicle>
	<fillUnit>
        <fillUnitConfigurations>
            <fillUnitConfiguration>
                <fillUnits>
                    <unloading width="12" offset="0 1.3 0" />
                    <fillUnit unit="$l10n_unit_literShort" fillTypeCategories="sprayer" capacity="400" >
                    </fillUnit>
                </fillUnits>
            </fillUnitConfiguration>
        </fillUnitConfigurations>
    </fillUnit>
	<sprayer>
        <usageScales workingWidth="5.0" scale="1.5" />
        <effects>
            <effectNode effectNode="effects01"  delay="0.2" materialType="sprayer" materialTypeId="1" />
            <effectNode effectNode="effects02"  delay="0.2" materialType="sprayer" materialTypeId="1" />
            <effectNode effectNode="effects03"  delay="0.2" materialType="sprayer" materialTypeId="1" />
            <effectNode effectNode="effects04"  delay="0.2" materialType="sprayer" materialTypeId="1" />
            <effectNode effectNode="effects05"  delay="0.2" materialType="sprayer" materialTypeId="1" />
            <effectNode effectNode="effects06"  delay="0.2" materialType="sprayer" materialTypeId="1" />
            <effectNode effectNode="effects07"  delay="0.2" materialType="sprayer" materialTypeId="1" />
            <effectNode effectNode="effects08"  delay="0.2" materialType="sprayer" materialTypeId="1" />
            <effectNode effectNode="effects09"  delay="0.2" materialType="sprayer" materialTypeId="1" />
        </effects>
    </sprayer>
	
    <animations>						
        <!-- move support wheel down/up -->
        <animation name="moveSupport">
            <part node="supportCol1" startTime="0.0" endTime="0.001" startTrans="0.194 0.7 0.329" endTrans="0 0.7 0"/>
            <part node="supportCol1" startTime="0.001" endTime="0.01" startTrans="0 0.7 0" endTrans="0 0.0 0"/>			
            <part node="supportCol" startTime="0.0" endTime="0.001" startTrans="-0.194 0.7 0.329" endTrans="0 0.7 0"/>
            <part node="supportCol" startTime="0.001" endTime="0.01" startTrans="0 0.7 0" endTrans="0 0.0 0"/>							
            <part node="support" startTime="0" endTime="0.05" visibility="false"/>
            <part node="support" startTime="0.05" endTime="0.1" visibility="true"/>			
        </animation>
        <animation name="folding">
			<part node="LefttArm"           	startTime="0" endTime="1" startRot="0 0 0" endRot="0 0 90" />
			<part node="RightArm"           	startTime="0" endTime="1" startRot="0 0 0" endRot="0 0 -90" />
        </animation> 		
    </animations>		
    <cylindered>
    <movingTools>			
        <movingTool node="attacherJoint">
            <inputAttacherJoint value="true" />		
        </movingTool>	
        <movingTool node="LefttArm" playSound="true">
            <dependentPart node="Moving01" />	
            <dependentPart node="Moving03" />			
        </movingTool>		
    </movingTools>
    <movingParts>  
			<movingPart node="Moving01" referencePoint="Moving02" referenceFrame="Moving02" scaleZ="true" />
			<movingPart node="Moving03" referencePoint="Moving04" referenceFrame="Moving04" scaleZ="true" />			
    </movingParts> 	
        <sounds>
            <hydraulic template="DEFAULT_HYDRAULIC_SOUND" linkNode="Sprayer_main_component1"/>
        </sounds>
    </cylindered>
    <ai>
        <areaMarkers leftNode="aiMarkerLeft" rightNode="aiMarkerRight" backNode="aiMarkerBack" />
        <sizeMarkers leftNode="sizeMarkerLeft" rightNode="sizeMarkerRight" backNode="sizeMarkerBack" />
        <needsLowering value="false"/>
        <collisionTrigger node="aiCollisionTrigger" />	
    </ai>


    <foliageBending>
        <bendingNode minX="-0.85" maxX="0.85" minZ="-1.45" maxZ="1.5" yOffset="0.22" />
    </foliageBending>		
    <baseMaterial>
        <material name="Gator_mat" baseNode="mainTool">
            <shaderParameter name="colorMat0" value="JOHNDEERE_GREEN1"/>		
        </material>
        <material name="Gator2_mat" baseNode="Spayer">
            <shaderParameter name="colorMat0" value="JOHNDEERE_YELLOW1"/>		
        </material>		
    </baseMaterial>
    <baseMaterialConfigurations>
        <baseMaterialConfiguration name="GREEN JD" color="JOHNDEERE_GREEN1" />
        <baseMaterialConfiguration name="YELLOW" color="CHALLENGER_YELLOW1" price="200"/>
        <baseMaterialConfiguration name="GREEN FOREST" color="0.07 0.087 0.014 1" price="200"/>		
        <material name="Gator_mat" shaderParameter="colorMat0" />		
    </baseMaterialConfigurations>	
    <wearable wearDuration="480" workMultiplier="5" fieldMultiplier="2"/>
    <washable dirtDuration="90" washDuration="1" workMultiplier="3" fieldMultiplier="2"/>	
    <i3dMappings>
        <i3dMapping id="Sprayer_main_component1" node="0>" />	
        <i3dMapping id="attacherMove" node="0>0|1" />		
        <i3dMapping id="moveSupport" node="0>1"/>
        <i3dMapping id="moveSupport1" node="0>1|0"/>
        <i3dMapping id="supportCol" node="0>1|0|0"/>
        <i3dMapping id="moveSupport2" node="0>1|1"/>
        <i3dMapping id="supportCol1" node="0>1|1|0"/>
        <i3dMapping id="support" node="0>1|2"/>		
        <i3dMapping id="attacherJoint" node="0>0|1|0" />	
        <i3dMapping id="mainTool" node="0>0|0"/>	
        <i3dMapping id="LefttArm" node="0>0|2|0"/>	
        <i3dMapping id="RightArm" node="0>0|2|1"/>	
        <i3dMapping id="workAreaStart" node="0>2|0" />
        <i3dMapping id="workAreaWidth" node="0>2|1" />
        <i3dMapping id="workAreaHeight" node="0>2|2" />
        <i3dMapping id="aiMarkers" node="0>3|0" />
        <i3dMapping id="aiMarkerLeft" node="0>3|0|0" />
        <i3dMapping id="aiMarkerRight" node="0>3|0|1" />
        <i3dMapping id="aiMarkerBack" node="0>3|0|2" />
        <i3dMapping id="sizeMarkerLeft" node="0>3|1|0" />
        <i3dMapping id="sizeMarkerRight" node="0>3|1|1" />
        <i3dMapping id="sizeMarkerBack" node="0>3|1|2" />
        <i3dMapping id="aiCollisionTrigger" node="0>3|2" />	
        <i3dMapping id="effects01" node="0>0|2|2" />
        <i3dMapping id="effects02" node="0>0|2|3" />
        <i3dMapping id="effects03" node="0>0|2|4" />
        <i3dMapping id="effects04" node="0>0|2|0|0" />
        <i3dMapping id="effects05" node="0>0|2|0|1" />
        <i3dMapping id="effects06" node="0>0|2|0|2" />	
        <i3dMapping id="effects07" node="0>0|2|1|0" />
        <i3dMapping id="effects08" node="0>0|2|1|1" />
        <i3dMapping id="effects09" node="0>0|2|1|2" />	
        <i3dMapping id="Spayer" node="0>0|2" />		
        <i3dMapping id="Moving01" node="0>0|2|5" />	
        <i3dMapping id="Moving02" node="0>0|2|0|3" />
        <i3dMapping id="Moving03" node="0>0|2|7" />
        <i3dMapping id="Moving04" node="0>0|2|1|3" />		
    </i3dMappings>
</vehicle>	
