﻿<?xml version="1.0" encoding="utf-8" standalone="no"?>
<vehicle type="trailer">
    <annotation>Copyright (C) GIANTS Software GmbH, All Rights Reserved.</annotation>

    <storeData>
        <name>
            <en>Skip</en>
            <de>Mulde</de>
            <fr>Container</fr>
        </name>
        <functions>
            <function>$l10n_function_tipper</function>
        </functions>
        <specs>
            <combination>GATOR 6X4</combination>
        </specs>		
        <image>store_ManTipper.png</image>
        <price>2000</price>
        <lifetime>600</lifetime>
        <rotation>0</rotation>
        <brand>JOHNDEERE</brand>
        <category>trailers</category>
        <vertexBufferMemoryUsage>424280</vertexBufferMemoryUsage>
        <indexBufferMemoryUsage>81474</indexBufferMemoryUsage>
        <textureMemoryUsage>16777488</textureMemoryUsage>
        <instanceVertexBufferMemoryUsage>0</instanceVertexBufferMemoryUsage>
        <instanceIndexBufferMemoryUsage>0</instanceIndexBufferMemoryUsage>
    </storeData>	
	
	
    <base>
        <typeDesc>$l10n_typeDesc_tipper</typeDesc>
    <filename>Tipper.i3d</filename>
        <size width="3.5" length="8" lengthOffset="0.75"/>
        <components>
            <component centerOfMass="0 0.2 0.45" solverIterationCount="10" mass="500"/>		
        </components>
        <schemaOverlay attacherJointPosition="0 0">
            <default name="DEFAULT_IMPLEMENT"/>
            <selected name="DEFAULT_IMPLEMENT_SELECTED"/>
        </schemaOverlay>
    </base>	
	
    <wheels>
    </wheels>

    <attachable>
        <inputAttacherJoints>
            <inputAttacherJoint node="attacherJoint" jointType="GatorLift" upperRotationOffset="0"/>
        </inputAttacherJoints>
        <support animationName="moveSupport" delayedOnAttach="false"/>	
        <brakeForce>0.5</brakeForce>
    </attachable>
		
    <animations>
		<!-- backtipping -->
        <animation name="tipAnimationBack">
            <part node="movingTool2"      startTime="1" endTime="5"   startRot="0 0 0"   endRot="-50 0 0" />
        </animation>		
		
		
        <animation name="backDoorAnim">
            <part node="backDoor"      startTime="0" endTime="1"   startRot="0 0 0"   endRot="-90 0 0" />
        </animation>				
        <!-- move support wheel down/up -->
        <animation name="moveSupport">
            <part node="supportCol1" startTime="0.0" endTime="0.001" startTrans="0.194 0.875 0" endTrans="0 0.875 0"/>
            <part node="supportCol1" startTime="0.001" endTime="0.01" startTrans="0 0.875 0" endTrans="0 0.0 0"/>			
            <part node="supportCol" startTime="0.0" endTime="0.001" startTrans="-0.194 0.875 0" endTrans="0 0.875 0"/>
            <part node="supportCol" startTime="0.001" endTime="0.01" startTrans="0 0.875 0" endTrans="0 0.0 0"/>							
            <part node="support" startTime="0" endTime="0.05" visibility="false"/>
            <part node="support" startTime="0.05" endTime="0.1" visibility="true"/>
            <part node="movingTool1" startTime="0" endTime="0.05" visibility="true"/>
            <part node="movingTool1" startTime="0.05" endTime="0.1" visibility="false"/>			
        </animation>
    </animations>		
    <cylindered>
    <movingTools>		
		<!-- backTipping -->
        <movingTool node="movingTool2" playSound="true" >	
            <inputAttacherJoint value="true" />		
                <rotation detachingRotMinLimit="0" />	
            <dependentPart node="movingTool1" />				
        </movingTool>		
        <movingTool node="attacherJoint">
            <inputAttacherJoint value="true" />
            <dependentPart node="movingTool1" />			
        </movingTool>		
        <movingTool node="attacherMove">
            <inputAttacherJoint value="true" />
        </movingTool>
            <movingTool node="backDoor" playSound="true" fillUnitIndex="1" minFillLevel="0" maxFillLevel="0">
                <controls axis="AXIS_DOOR" invertAxis="true" mouseSpeedFactor="0.5" iconName="TOP_DOOR_ROTATE"/>
                <animation animSpeed="1" animAcceleration="5" animName="backDoorAnim" />
            </movingTool>
		
    </movingTools>
    <movingParts>  		
		<movingPart node="movingTool1" referencePoint="movingTool3" referenceFrame="movingTool3" lockAxis="3">
            <translatingPart node="movingPart1" />
        </movingPart>
            <movingPart node="effectJointAnim" referenceFrame="0>" isActiveDirty="true"/>
        </movingParts>
        <sounds>
            <hydraulic template="DEFAULT_HYDRAULIC_SOUND" linkNode="ManTipper_main_component1"/>
        </sounds>
    </cylindered>
			
    <fillUnit>
        <fillUnitConfigurations>
            <fillUnitConfiguration>
                <fillUnits>
                    <fillUnit unit="$l10n_unit_literShort" fillTypeCategories="bulk" capacity="800" fillAnimation="backDoorAnim" fillAnimationLoadTime="0">
                        <exactFillRootNode node="exactFillRoot"/>
                    </fillUnit>
                </fillUnits>
            </fillUnitConfiguration>
        </fillUnitConfigurations>
    </fillUnit>
		
    <fillVolume>
        <fillVolumeConfigurations>
            <fillVolumeConfiguration>
                <volumes>
                    <volume node="volume" maxDelta="0.40" maxAllowedHeapAngle="8" fillUnitIndex="1" />				
                </volumes>
            </fillVolumeConfiguration>			
        </fillVolumeConfigurations>

        <unloadInfos>
            <unloadInfo fillVolumeIndex="1" >
                <node node="fillVolume1" width="0.4" length="0.4" />			
            </unloadInfo>			
        </unloadInfos>

    </fillVolume>
	
    <dischargeable>
        <dischargeNode node="dischargeable" emptySpeed="450" fillUnitIndex="1" unloadInfoIndex="1" >
            <info width="1.0" length="0.5" />

            <effects>
                <effectNode effectNode="effectGrainBack" materialType="unloading" materialTypeId="1" fadeTime="0.5" />
                <effectNode effectNode="effectSmokeBack" materialType="smoke"     materialTypeId="1" fadeTime="0.5" />
            </effects>
        </dischargeNode>
    </dischargeable>	
    <trailer>
        <trailerConfigurations>
            <trailerConfiguration>
                <trailer>
                    <tipSide name="$l10n_info_tipSideBack" dischargeNodeIndex="1">
                        <animation name="tipAnimationBack" speedScale="1.0" />
                        <doorAnimation name="backDoorAnim" speedScale="1.0" startTipTime="1" delayedClosing="true"/>						
                    </tipSide>
                </trailer>
            </trailerConfiguration>
        </trailerConfigurations>
    </trailer>		
    <ai>
        <allowTurnBackward value="false"/>
        <turningRadiusLimitation radius="9"/>
    </ai>
    <tensionBelts>
        <tensionBeltsConfigurations>
            <tensionBeltsConfiguration>
                <tensionBelts linkNode="tensionBelts" jointNode="0>" width="0.055" maxEdgeLength="0.1" geometryBias="0.01" ratchetPosition="0.2" defaultOffset="0.1" defaultOffsetSide="0.1" defaultHeight="4" >
                    <tensionBelt startNode="tensionBeltStart1" endNode="tensionBeltEnd1" offsetLeft="0.2" />
                    <tensionBelt startNode="tensionBeltStart2" endNode="tensionBeltEnd2" />
                </tensionBelts>
            </tensionBeltsConfiguration>
        </tensionBeltsConfigurations>
    </tensionBelts>

    <foliageBending>
        <bendingNode minX="-0.85" maxX="0.85" minZ="-1.45" maxZ="1.5" yOffset="0.22" />
    </foliageBending>		
    <baseMaterial>
        <material name="Gator_mat" baseNode="movingTool2">
            <shaderParameter name="colorMat0" value="JOHNDEERE_GREEN1"/>		
        </material>
        <material name="Gator2_mat" baseNode="movingTool1">
            <shaderParameter name="colorMat0" value="JOHNDEERE_GREEN1"/>		
        </material>		
    </baseMaterial>
    <baseMaterialConfigurations>
        <baseMaterialConfiguration name="GREEN JD" color="JOHNDEERE_GREEN1" />
        <baseMaterialConfiguration name="YELLOW" color="CHALLENGER_YELLOW1" price="200"/>
        <baseMaterialConfiguration name="GREEN FOREST" color="0.07 0.087 0.014 1" price="200"/>		
        <material name="Gator_mat" shaderParameter="colorMat0" />
        <material name="Gator2_mat" shaderParameter="colorMat0" />		
    </baseMaterialConfigurations>	
<designConfigurations title="$l10n_configuration_valueForestry">
        <designConfiguration name="$l10n_ui_no" price="0">
            <objectChange node="Design1" visibilityActive="false" />
			<objectChange node="Object01" compoundChildActive="false" compoundChildInactive="true"/>
			<objectChange node="Object02" compoundChildActive="false" compoundChildInactive="true"/>	
			<objectChange node="Object03" compoundChildActive="false" compoundChildInactive="true"/>			
        </designConfiguration>	
        <designConfiguration name="$l10n_ui_yes" price="200">
            <objectChange node="Design1" visibilityActive="true" />			
			<objectChange node="Object01" compoundChildActive="true" compoundChildInactive="false"/>
			<objectChange node="Object02" compoundChildActive="true" compoundChildInactive="false"/>	
			<objectChange node="Object03" compoundChildActive="true" compoundChildInactive="false"/>				
        </designConfiguration>			
</designConfigurations>	
    <wearable wearDuration="480" workMultiplier="5" fieldMultiplier="2"/>
    <washable dirtDuration="90" washDuration="1" workMultiplier="3" fieldMultiplier="2"/>	
    <i3dMappings>
        <i3dMapping id="ManTipper_main_component1" node="0>" />	
        <i3dMapping id="attacherMove" node="0>0|1" />		
        <i3dMapping id="moveSupport" node="0>1"/>
        <i3dMapping id="moveSupport1" node="0>1|0"/>
        <i3dMapping id="supportCol" node="0>1|0|0"/>
        <i3dMapping id="moveSupport2" node="0>1|1"/>
        <i3dMapping id="supportCol1" node="0>1|1|0"/>
        <i3dMapping id="support" node="0>1|2"/>		
        <i3dMapping id="attacherJoint" node="0>0|1|0" />	
        <i3dMapping id="exactFillRoot" node="0>0|6"/>	
        <i3dMapping id="backDoor" node="0>0|0|0"/>
        <i3dMapping id="movingTool1" node="0>0|4"/>
        <i3dMapping id="movingTool2" node="0>0|0"/>
        <i3dMapping id="movingTool3" node="0>0|0|1"/>		
        <i3dMapping id="movingPart1" node="0>0|4|0" />
        <i3dMapping id="volume" node="0>0|0|3|0"/>
        <i3dMapping id="fillVolume1" node="0>0|0|3|1"/>
        <i3dMapping id="dischargeable" node="0>0|0|4"/>
        <i3dMapping id="effectGrainBack" node="0>0|0|2|0|0" />
        <i3dMapping id="effectSmokeBack" node="0>0|0|2|0|1" />
        <i3dMapping id="effectJointAnim" node="0>0|0|2|0|3" />	
        <i3dMapping id="tensionBelts" node="0>0|0|5" />
        <i3dMapping id="tensionBeltStart1" node="0>0|0|5|0" />
        <i3dMapping id="tensionBeltEnd1" node="0>0|0|5|0|0" />
        <i3dMapping id="tensionBeltStart2" node="0>0|0|5|1" />
        <i3dMapping id="tensionBeltEnd2" node="0>0|0|5|1|0" />	
        <i3dMapping id="Design1" node="0>0|0|9" />	
        <i3dMapping id="Object01" node="0>0|0|9|1|0" />	
        <i3dMapping id="Object02" node="0>0|0|9|1|1" />	
        <i3dMapping id="Object03" node="0>0|0|9|1|2" />			
    </i3dMappings>
</vehicle>	
