﻿<?xml version="1.0" encoding="utf-8" standalone="no"?>
<vehicle type="tractor">
    <annotation>raulycristi1</annotation>
    <storeData>
        <name>
            <en>PT-281</en>
		</name>
        <specs>
            <power>545</power>
        </specs>
        <functions>
            <function>$l10n_function_truck</function>
        </functions>
        <image>store_peterbilt.dds</image>
        <price>75000</price>
        <lifetime>600</lifetime>
        <rotation>0</rotation>
        <brand>VStRuk</brand>
        <category>trucks</category>
        <vertexBufferMemoryUsage>2852268</vertexBufferMemoryUsage>
        <indexBufferMemoryUsage>412524</indexBufferMemoryUsage>
        <textureMemoryUsage>8042576</textureMemoryUsage>
        <instanceVertexBufferMemoryUsage>0</instanceVertexBufferMemoryUsage>
        <instanceIndexBufferMemoryUsage>0</instanceIndexBufferMemoryUsage>
    </storeData>
    <base>
        <filename>281.i3d</filename>
        <size width="3.5" length="10"/>
        <components>
            <component centerOfMass="0 0.4 -1.4" solverIterationCount="10" mass="8535"/>
        </components>
        <schemaOverlay attacherJointPosition="0.5 0">
            <default name="DEFAULT_VEHICLE"/>
            <selected name="DEFAULT_VEHICLE_SELECTED"/>
        </schemaOverlay>
    </base>
	
    <wheels>
        <wheelConfigurations>
            <wheelConfiguration name="$l10n_configuration_valueDefault" price="0">
                <wheels autoRotateBackSpeed="2.2">
                    <wheel filename="$data/shared/wheels/lizard/implement/315_80R22_5.xml" configId="truck1" isLeft="true"  hasTireTracks="true" hasParticles="true" >
                        <physics rotSpeed="1"  restLoad="1.9" repr="iz"  driveNode="delyzquerda"  forcePointRatio="0.5" initialCompression="25" suspTravel="0.11" spring="66" damper="50" frictionScale="3" />
                    </wheel>
                    <wheel filename="$data/shared/wheels/lizard/implement/315_80R22_5.xml" configId="truck1" isLeft="false" hasTireTracks="true" hasParticles="true" >
                        <physics rotSpeed="1"  restLoad="1.9" repr="de" driveNode="delderecha" forcePointRatio="0.5" initialCompression="25" suspTravel="0.11" spring="66" damper="50" frictionScale="3" />
                    </wheel>
                    <wheel filename="$data/shared/wheels/lizard/implement/315_80R22_5.xml" configId="dual" isLeft="true"  hasTireTracks="true" hasParticles="true" >
                        <physics rotSpeed="0"  restLoad="1.4" repr="medioIzq"  forcePointRatio="0.5" initialCompression="08" suspTravel="0.13" spring="55" damper="50" frictionScale="2" />
                        <additionalWheel filename="$data/shared/wheels/lizard/implement/315_80R22_5.xml" configId="dualConnector" isLeft="true" offset="0.06" />
                    </wheel>
                    <wheel filename="$data/shared/wheels/lizard/implement/315_80R22_5.xml" configId="dual" isLeft="false" hasTireTracks="true" hasParticles="true" >
                        <physics rotSpeed="0"  restLoad="1.4" repr="traseraDer" forcePointRatio="0.5" initialCompression="08" suspTravel="0.13" spring="55" damper="50" frictionScale="2" />
                        <additionalWheel filename="$data/shared/wheels/lizard/implement/315_80R22_5.xml" configId="dualConnector" isLeft="false" offset="0.06" />
                    </wheel>
                    <wheel filename="$data/shared/wheels/lizard/implement/315_80R22_5.xml" configId="dual" isLeft="true"  hasTireTracks="true" hasParticles="true" >
                        <physics rotSpeed="0"  restLoad="1.4" repr="traseraIzq"  forcePointRatio="0.5" initialCompression="16" suspTravel="0.13" spring="55" damper="50" frictionScale="2" />
                        <additionalWheel filename="$data/shared/wheels/lizard/implement/315_80R22_5.xml" configId="dualConnector" isLeft="true" offset="0.06" />
                    </wheel>
                    <wheel filename="$data/shared/wheels/lizard/implement/315_80R22_5.xml" configId="dual" isLeft="false" hasTireTracks="true" hasParticles="true" >
                        <physics rotSpeed="0"  restLoad="1.4" repr="medioder" forcePointRatio="0.5" initialCompression="16" suspTravel="0.13" spring="55" damper="50" frictionScale="2" />
                        <additionalWheel filename="$data/shared/wheels/lizard/implement/315_80R22_5.xml" configId="dualConnector" isLeft="false" offset="0.06" />
                    </wheel>
                </wheels>
            </wheelConfiguration>
        </wheelConfigurations>

        <ackermannSteeringConfigurations>
            <ackermannSteering rotSpeed="35" rotMax="45" rotCenterWheel1="3" rotCenterWheel2="4" />
        </ackermannSteeringConfigurations>

        <rimColor material="8">0.98 0.98 0.98</rimColor>
    </wheels>
    <attacherJoints>
        <attacherJoint node="attacherJoint" jointType="semitrailer" lowerRotLimit="12 175 12" allowsJointLimitMovement="false" allowsLowering="false" enableCollision="true">
            <schema position="1 0" rotation="0" invertX="false"/>
        </attacherJoint>
        <sounds>
            <attach file="audio/truck_attach.ogg">
                <pitch outdoor="1"/>
            </attach>
        </sounds>
    </attacherJoints>
    <attacherJointConfigurations>
        <attacherJointConfiguration name="$l10n_configuration_valueDefault" price="0">
            <attacherJoint node="trailerAttacherJoint"/>
            <objectChange node="trailerAttacher" visibilityActive="false"/>
        </attacherJointConfiguration>
        <attacherJointConfiguration name="$l10n_configuration_trailerAttacherBack" price="700">
            <attacherJoint node="trailerAttacherJoint" jointType="trailer" lowerRotLimit="10 65 65" upperRotationOffset="0" allowsJointLimitMovement="false">
                <transNode node="trailerAttacherTrans" minY="0.55" maxY="0.95"/>
                <schema position="1 0" rotation="0" invertX="false"/>
                <attachSound file="$data/sounds/attach.ogg">
                    <volume indoor="0.75" outdoor="1.10"/>
                    <pitch outdoor="1.20"/>
                    <lowpassGain indoor="0.75"/>
                </attachSound>
            </attacherJoint>
            <attacherJoint jointType="trailerLow" lowerRotLimit="10 65 65" upperRotationOffset="0" allowsJointLimitMovement="false">
                <transNode node="trailerAttacherTrans" minY="0.335" maxY="0.36"/>
                <schema position="1 0" rotation="0" invertX="false"/>
                <attachSound file="$data/sounds/attach.ogg">
                    <volume indoor="0.75" outdoor="1.10"/>
                    <pitch outdoor="1.20"/>
                    <lowpassGain indoor="0.75"/>
                </attachSound>
            </attacherJoint>
            <objectChange node="trailerAttacher" visibilityActive="true"/>
        </attacherJointConfiguration>
    </attacherJointConfigurations>
	
	<lights>
        <states>
            <state lightTypes="0"/>
            <state lightTypes="0 1"/>
            <state lightTypes="0 1 2"/>
            <state lightTypes="0 1 2 3"/>			
            <!--<state lightTypes="0 1 2 3 4"/>-->	
        </states>
		
		<sharedLight linkNode="rear1" node="0" lightTypes="0" filename="$data/shared/assets/lights/lizard/rear3ChamberLight_03_left.xml" >
            <rotationNode name="rotationNode1" rotation="0 0 0" />
        </sharedLight>
		<sharedLight linkNode="rear2" node="0" lightTypes="0" filename="$data/shared/assets/lights/lizard/rear3ChamberLight_03_left.xml" >
            <rotationNode name="rotationNode1" rotation="0 0 0" />
        </sharedLight>
		<sharedLight linkNode="rear3" node="0" lightTypes="0" filename="$data/shared/assets/lights/lizard/rear3ChamberLight_03_left.xml" >
            <rotationNode name="rotationNode1" rotation="0 0 0" />
        </sharedLight>
		<sharedLight linkNode="rear4" node="0" lightTypes="0" filename="$data/shared/assets/lights/lizard/rear3ChamberLight_03_left.xml" >
            <rotationNode name="rotationNode1" rotation="0 0 0" />
        </sharedLight>
		<sharedLight linkNode="rear5" node="0" lightTypes="0" filename="$data/shared/assets/lights/lizard/rear3ChamberLight_03_left.xml" >
            <rotationNode name="rotationNode1" rotation="0 0 0" />
        </sharedLight>
		<sharedLight linkNode="rear7" node="0" lightTypes="0" filename="$data/shared/assets/lights/lizard/rear3ChamberLight_03_right.xml" >
            <rotationNode name="rotationNode1" rotation="0 0 0" />
        </sharedLight>
		<sharedLight linkNode="rear8" node="0" lightTypes="0" filename="$data/shared/assets/lights/lizard/rear3ChamberLight_03_right.xml" >
            <rotationNode name="rotationNode1" rotation="0 0 0" />
        </sharedLight>
		<sharedLight linkNode="rear9" node="0" lightTypes="0" filename="$data/shared/assets/lights/lizard/rear3ChamberLight_03_right.xml" >
            <rotationNode name="rotationNode1" rotation="0 0 0" />
        </sharedLight>
		<sharedLight linkNode="rear10" node="0" lightTypes="0" filename="$data/shared/assets/lights/lizard/rear3ChamberLight_03_right.xml" >
            <rotationNode name="rotationNode1" rotation="0 0 0" />
        </sharedLight>
		<sharedLight linkNode="rear11" node="0" lightTypes="0" filename="$data/shared/assets/lights/lizard/rear3ChamberLight_03_right.xml" >
            <rotationNode name="rotationNode1" rotation="0 0 0" />
        </sharedLight>
		
        <realLights>
            <low>
            </low>
			
            <high>
                <light 				node="frontLightHigh" lightTypes="1" />
				<light 				node="highBeamHigh" lightTypes="2"/>
				<light 				node="highBeamHigh3" lightTypes="3"/>
				<light 				node="backLights1" lightTypes="0"/>
				<light 				node="backLights2" lightTypes="0"/>
				<light 				node="backLights3" lightTypes="0"/>
				<light 				node="backLights4" lightTypes="0"/>
				<light 				node="backLights5" lightTypes="0"/>
				<light 				node="luz_interior" lightTypes="0" />
                <light              node="luz_larga" lightTypes="2" />				
                <light              node="luz_corta" lightTypes="1" />				
                <brakeLight 		node="brakeLights1_0"/>
				<brakeLight 		node="brakeLights2"/>
				<brakeLight 		node="brakeLights3"/>
				<brakeLight 		node="brakeLights4"/>
				<brakeLight 		node="brakeLights5"/>
			    <turnLightLeft 		node="turnLightLeftFront_8"/>
				<turnLightLeft 		node="turnLightLeftBack1"/>
				<turnLightLeft 		node="turnLightLeftBack2"/>
				<turnLightLeft 		node="turnLightLeftBack3"/>
				<turnLightLeft 		node="turnLightLeftBack4"/>
				<turnLightLeft 		node="turnLightLeftBack5"/>
                <turnLightRight 	node="turnLightRightFront"/>
				<turnLightRight 	node="turnLightRightBack7"/>
				<turnLightRight 	node="turnLightRightBack8"/>
				<turnLightRight 	node="turnLightRightBack9"/>
				<turnLightRight 	node="turnLightRightBack10"/>
				<turnLightRight 	node="turnLightRightBack11"/>
                <reverseLight 		node="RearLight_0"/>					
                <reverseLight 		node="RearLight_1"/>					
            </high>
        </realLights>
		
        <defaultLights>
            <defaultLight shaderNode="faro1" lightTypes="1" intensity="5"/>
            <defaultLight shaderNode="focosluz1" lightTypes="2" intensity="5"/>
            <defaultLight shaderNode="faro2" lightTypes="2" intensity="8"/>
            <defaultLight shaderNode="posicion1" lightTypes="0" intensity="12"/>
            <defaultLight shaderNode="posicion2" lightTypes="0" intensity="12"/>
			<defaultLight shaderNode="antinieblas" lightTypes="3" intensity="12"/>
			<defaultLight shaderNode="luzinteriorluz" lightTypes="0" intensity="0.05"/>
		</defaultLights>
 
        <turnLights>
            <turnLightLeft  shaderNode="intIzq" intensity="15"/>
            <turnLightRight shaderNode="intDer" intensity="15"/>					
        </turnLights>
		
        <brakeLights>
        </brakeLights>
		
         <reverseLights>
            <reverseLight shaderNode="marchatras_0"  intensity="5"/>
        </reverseLights>
		
        <sounds>
            <switchLight template="SWITCH_01" linkNode="0>"/>
            <turnLight template="SWITCH_TURNLIGHT" linkNode="0>"/>
        </sounds>
		
        <beaconLights>
            <beaconLight node="beaconLight1" filename="$data/shared/assets/beaconLights/lizard/beaconLight02.xml"/>
		</beaconLights>		
		
        <dashboards>
<!--             <dashboard displayType="EMITTER" valueType="lightState" node="minimarcador" intensity="0.3" lightTypes="0" groups="MOTOR_ACTIVE" />
 -->            <dashboard displayType="EMITTER" valueType="lightState" node="marcador" intensity="0.3" lightTypes="0" groups="MOTOR_ACTIVE" />
                <dashboard displayType="EMITTER" valueType="lightState" node="luz_larga" intensity="0.3" lightTypes="2" groups="MOTOR_ACTIVE" />
                <dashboard displayType="EMITTER" valueType="lightState" node="luz_corta" intensity="0.3" lightTypes="1" groups="MOTOR_ACTIVE" />
<!--                 <dashboard displayType="EMITTER" valueType="lightState" node="luzinteriorluz" intensity="0.1" lightTypes="0" groups="MOTOR_ACTIVE" />
 --><!--             <dashboard displayType="EMITTER" valueType="lightState" node="plane" intensity="0.3" lightTypes="0" groups="MOTOR_ACTIVE" />
 -->            <dashboard displayType="EMITTER" valueType="turnLightRight"  node="treiz" baseColor="BLACK" emitColor="GREEN" groups="MOTOR_ACTIVE"/>			
                <dashboard displayType="EMITTER" valueType="turnLightLeft" node="trede" baseColor="BLACK" emitColor="GREEN" groups="MOTOR_ACTIVE"/>						
        </dashboards>		
		
    </lights>
	
    <enterable>
        <exitPoint node="exitPoint"/>
        <enterReferenceNode node="587"/>
        <characterNode node="player_skin" cameraMinDistance="1.5" spineRotation="-90 0 90">
            <target ikChain="rightFoot" targetNode="player_rightFoot"/>
            <target ikChain="leftFoot" targetNode="player_leftFoot"/>
            <target ikChain="rightArm" targetNode="player_rightHand"/>
            <target ikChain="leftArm" targetNode="player_leftHand"/>
        </characterNode>
        <cameras>
            <camera node="outdoorCamera" rotatable="true" rotateNode="outdoorCameraTarget" limit="true" useWorldXZRotation="true" rotMinX="-1.4" rotMaxX="1" transMin="4.5" transMax="35">
                <raycastNode node="raycastNode1"/>
                <raycastNode node="raycastNode2"/>
                <raycastNode node="raycastNode3"/>
            </camera>
            <camera node="indoorCamera" rotatable="true" limit="true" rotMinX="-1.1" rotMaxX="0.4" transMin="0" transMax="0" useMirror="true" isInside="true"/>
        </cameras>
        <mirrors>
            <mirror node="Mirroiz" prio="1"/>
            <mirror node="Mirrode" prio="2"/>
            <mirror node="Mirrodelantero" prio="3"/>
        </mirrors>
    </enterable>
    <motorized>
        <consumerConfigurations>
            <consumerConfiguration>
                <consumer fillUnitIndex="1" usage="192" fillType="diesel" /> <!-- usage is per hour at max load and max rpm -->
                <consumer fillUnitIndex="2" usage="300" fillType="air" permanentConsumption="false" refillLitersPerSecond="350" refillCapacityPercentage="0.5" /> <!-- usage per second at full brake power -->
            </consumerConfiguration>
        </consumerConfigurations>
        <motorConfigurations>
            <motorConfiguration name="PT 405" hp="405" price="0">
                <motor torqueScale="1.7123" minRpm="1000" maxRpm="2200" maxForwardSpeed="80" maxBackwardSpeed="15" brakeForce="9" lowBrakeForceScale="0.22" lowBrakeForceSpeedLimit="1" rotInertia="0.0015">
                    <torque normRpm="0.45" torque="0.5"/>
                    <torque normRpm="0.5" torque="0.6"/>
                    <torque normRpm="0.59" torque="0.7"/>
                    <torque normRpm="0.72" torque="1"/>
                    <torque normRpm="0.86" torque="0.88"/>
                    <torque normRpm="1" torque="0.7"/>
                </motor>
                <transmission minForwardGearRatio="8.4" maxForwardGearRatio="150" minBackwardGearRatio="40" maxBackwardGearRatio="150"/>
            </motorConfiguration>
            <motorConfiguration name="PT 474" hp="474" price="12125">
                <motor torqueScale="2.0000" minRpm="1000" maxRpm="2200" maxForwardSpeed="80" maxBackwardSpeed="15" brakeForce="9" lowBrakeForceScale="0.22" lowBrakeForceSpeedLimit="1" rotInertia="0.0015">
                    <torque normRpm="0.45" torque="0.5"/>
                    <torque normRpm="0.5" torque="0.6"/>
                    <torque normRpm="0.59" torque="0.7"/>
                    <torque normRpm="0.72" torque="1"/>
                    <torque normRpm="0.86" torque="0.88"/>
                    <torque normRpm="1" torque="0.7"/>
                </motor>
                <transmission minForwardGearRatio="8.4" maxForwardGearRatio="150" minBackwardGearRatio="40" maxBackwardGearRatio="150"/>
            </motorConfiguration>
            <motorConfiguration name="PT 545" hp="545" price="70500">
                <motor torqueScale="2.3000" minRpm="1000" maxRpm="2200" maxForwardSpeed="80" maxBackwardSpeed="15" brakeForce="9" lowBrakeForceScale="0.22" lowBrakeForceSpeedLimit="1" rotInertia="0.0015">
                    <torque normRpm="0.45" torque="0.5"/>
                    <torque normRpm="0.5" torque="0.6"/>
                    <torque normRpm="0.59" torque="0.7"/>
                    <torque normRpm="0.65" torque="1"/>
                    <torque normRpm="0.86" torque="0.88"/>
                    <torque normRpm="1" torque="0.7"/>
                </motor>
                <transmission minForwardGearRatio="8.4" maxForwardGearRatio="150" minBackwardGearRatio="40" maxBackwardGearRatio="150"/>
            </motorConfiguration>
        </motorConfigurations>
        <differentialConfigurations>
            <differentialConfiguration>
                <differentials>
                    <differential torqueRatio="0.5" maxSpeedRatio="1.4" wheelIndex1="3" wheelIndex2="4"/>
                    <differential torqueRatio="0.5" maxSpeedRatio="1.4" wheelIndex1="5" wheelIndex2="6"/>
                    <differential torqueRatio="0.5" maxSpeedRatio="1.2" differentialIndex1="1" differentialIndex2="2"/>
                </differentials>
            </differentialConfiguration>
        </differentialConfigurations>
        <exhaustEffects>
            <exhaustEffect node="exhaustParticlesRight" filename="$data/particleSystems/shared/exhaust.i3d" minRpmColor="0 0 0 0.05" maxRpmColor="0.01 0.01 0.01 5" minRpmScale="0.1" maxRpmScale="0.55" xzRotationsForward="0 0" xzRotationsBackward="0 0" xzRotationsLeft="0 0" xzRotationsRight="0 0"/>
        </exhaustEffects>
        <motorStartDuration>2000</motorStartDuration>
        <sounds externalSoundFile="$data/sounds/vehicles/engine/lizard_truck/lizard_truck.xml"/>
        <dashboards>
            <dashboard displayType="ANIMATION" valueType="speed"            animName="speedDisplay"  minValueAnim="0" maxValueAnim="90" groups="MOTOR_ACTIVE"/>
            <dashboard displayType="ANIMATION" valueType="motorTemperature" animName="fuelDisplay"  minValueAnim="0" maxValueAnim="120" groups="MOTOR_ACTIVE"/>
            <dashboard displayType="ANIMATION" valueType="rpm"              animName="rpmDisplay"  minValueAnim="500" maxValueAnim="3000" groups="MOTOR_ACTIVE"/>
<!--             <dashboard displayType="NUMBER" valueType="speed" numbers="numbers1" precision="1" groups="MOTOR_ACTIVE" />			
 -->        </dashboards>
    </motorized>
	
    <dashboard>
        <groups>
            <group name="MOTOR_STARTING" isMotorStarting="true"/>
            <group name="MOTOR_ACTIVE" isMotorStarting="true" isMotorRunning="true"/>
        </groups>
    </dashboard>	
    <animations>
        <animation name="speedDisplay">
            <part node="speed_1" startTime="0" endTime="1" startRot="0 0 0" endRot="0 -290 0" />
        </animation>
        <animation name="rpmDisplay">
            <part node="rpm_1" startTime="0" endTime="1" startRot="0 0 0" endRot="0 -250 0"/>

        </animation>
        <animation name="fuelDisplay">
            <part node="fuel_1" startTime="0" endTime="1" startRot="0 0 0" endRot="0 -180 0"/>

        </animation>
        <animation name="airDisplay">
            <part node="air_1" startTime="0" endTime="1" startRot="0 0 0" endRot="0 -180 0"/>
            <part node="agujas1_1" startTime="0" endTime="1" startRot="0 0 0" endRot="0 -150 0"/>
            <part node="agujas2_1" startTime="0" endTime="1" startRot="0 0 0" endRot="0 -110 0"/>
            <part node="agujas3_1" startTime="0" endTime="1" startRot="0 0 0" endRot="0 -140 0"/>
            <part node="agujas4_1" startTime="0" endTime="1" startRot="0 0 0" endRot="0 -170 0"/>
            <part node="agujas5_1" startTime="0" endTime="1" startRot="0 0 0" endRot="0 -125 0"/>
<!--             <part node="agujas6_1" startTime="0" endTime="1" startRot="0 0 0" endRot="0 -90 0"/>
            <part node="agujas7_1" startTime="0" endTime="1" startRot="0 0 0" endRot="0 -60 0"/>
            <part node="agujas8_1" startTime="0" endTime="1" startRot="0 0 0" endRot="0 -78 0"/>
            <part node="agujas9_1" startTime="0" endTime="1" startRot="0 0 0" endRot="0 -128 0"/>
            <part node="agujas10_1" startTime="0" endTime="1" startRot="0 0 0" endRot="0 -30 0"/>
 -->            <part node="oil_1" startTime="0" endTime="1" startRot="0 0 0" endRot="0 -60 0"/>

        </animation>		
    </animations>
	
    <cylindered>
        <movingParts>
			<movingPart node="barralarga" referencePoint="punto1" referenceFrame="punto1" isActiveDirty="true" />
			<movingPart node="barracorta" referencePoint="punto3" referenceFrame="punto4" isActiveDirty="true" />
        </movingParts>
    </cylindered>
 
     <suspensions>
        <suspension node="asiento" weight="150" minTranslation="0.006 -0.319 -0.091" maxTranslation="0.006 0.319 -0.091" suspensionParametersX="20 4" suspensionParametersY="5 1" suspensionParametersZ="20 4"/>
        <suspension useCharacterTorso="true" weight="90" minRotation="0 -5 -5" maxRotation="0 5 5" suspensionParametersY="7 1" suspensionParametersZ="7 1"/>
    </suspensions>
	
	<speedRotatingParts>
        <speedRotatingPart node="punto1"   wheelIndex="2" wheelScale="4"/>
        <speedRotatingPart node="punto2"   wheelIndex="2" wheelScale="4"/>
        <speedRotatingPart node="punto3"   wheelIndex="2" wheelScale="4"/>
        <speedRotatingPart node="punto4"   wheelIndex="2" wheelScale="4"/>
    </speedRotatingParts>

	
	
    <drivable>
        <steeringWheel node="volante" indoorRotation="360" outdoorRotation="25"/>
    </drivable>
    <fillUnit>
        <fillUnitConfigurations>
            <fillUnitConfiguration>
                <fillUnits>
                    <fillUnit unit="$l10n_unit_literShort" showOnHud="false" showInShop="false" fillTypes="diesel" capacity="1210">
                        <dashboard displayType="ANIMATION" valueType="fillLevel" animName="fuelDisplay" groups="MOTOR_ACTIVE" />
                    </fillUnit>
                    <fillUnit unit="$l10n_unit_literShort" showOnHud="false" showInShop="false" fillTypes="air" capacity="4000" >
                        <dashboard displayType="ANIMATION" valueType="fillLevel" animName="airDisplay" groups="MOTOR_ACTIVE"/>
                    </fillUnit>
                </fillUnits>
            </fillUnitConfiguration>
        </fillUnitConfigurations>
    </fillUnit>
    <washable dirtDuration="90" washDuration="1" workMultiplier="4"/>
    <honk>
        <sound file="audio/horn.ogg" innerRadius="45">
            <volume outdoor="1"/>
        </sound>
    </honk>
    <ai>
        <collisionTrigger node="trafficCollisionTrigger"/>
    </ai>
	
    <designConfigurations title="$l10n_configuration_beacons">
        <designConfiguration name="$l10n_configuration_valueDefault" price="0" />
        <designConfiguration name="$l10n_configuration_beaconMounted" price="100">
            <objectChange    node="beaconLights" visibilityActive="true" visibilityInactive="false"/>
        </designConfiguration>
<!--         <designConfiguration name="$l10n_configuration_Protection" price="3000">
			<objectChange node="defensa" visibilityActive="true" visibilityInactive="false"/>
            <objectChange    node="beaconLights" visibilityActive="true" visibilityInactive="false"/>
            <objectChange    node="soport" visibilityActive="true" visibilityInactive="false"/>
        </designConfiguration>
 -->    </designConfigurations>	
	
	<baseMaterial>

        <material name="camion_mat_ryc1" baseNode="camion1">
            <shaderParameter name="colorMat0" value="1 1 1 1"/>	
            <shaderParameter name="colorMat1" value="0.9075 0.0316 0.0316 2"/>				
        </material>
        <material name="eje_trasero_mat_ryc1" baseNode="eje_trasero">
            <shaderParameter name="colorMat0" value="0.9075 0.0316 0.0316 2"/>				
        </material>
		
    </baseMaterial>
			
    <baseMaterialConfigurations price="2000" useDefaultColors="true" defaultColorIndex="1">
        <material name="camion_mat_ryc1" shaderParameter="colorMat0" />
		<baseMaterialConfiguration name="Ruby Red" color="0.3 0 0.004" material="0" />
		<baseMaterialConfiguration name="Pure White" color="STOLL_WHITE2" material="0" />
		
		<baseMaterialConfiguration name="Blue Jeans" color="0.004 0.02 0.059" material="0" />
		<baseMaterialConfiguration name="Blue Jeans New Age" color="0.004 0.02 0.059" material="27" />
		<baseMaterialConfiguration name="Blue Jeans Aged" color="0.004 0.02 0.059" material="6" />
		
		<baseMaterialConfiguration name="Ruby Red" color="0.3 0 0.004" material="0" />
		<baseMaterialConfiguration name="Ruby Red New Age" color="0.3 0 0.004" material="27" />
		<baseMaterialConfiguration name="Ruby Red Aged" color="0.3 0 0.004" material="6" />
		
		<baseMaterialConfiguration name="Race Red" color="0.657 0.012 0" material="0" />
		<baseMaterialConfiguration name="Race Red New Age" color="0.657 0.012 0" material="27" />
		<baseMaterialConfiguration name="Race Red Aged" color="0.657 0.012 0" material="6" />
		
		<baseMaterialConfiguration name="White Gold" color="0.973 0.976 0.545" material="27" />
		<baseMaterialConfiguration name="Bronze Fire" color="0.153 0.029 0.01" material="27" />
		
		<baseMaterialConfiguration name="Default" color="0 0.02 0.1" material="0" />
		<baseMaterialConfiguration name="New Age" color="0 0.02 0.1" material="27" />
        
		<baseMaterialConfiguration name="JCB" color="JCB_YELLOW1" material="0" />
		<baseMaterialConfiguration name="JCB New Age" color="JCB_YELLOW1" material="27" />
		
        <baseMaterialConfiguration name="Pearl White" color="STOLL_WHITE2" material="27" />
        <baseMaterialConfiguration name="Aged White" color="STOLL_WHITE2" material="6" />
		
		<baseMaterialConfiguration name="New Silver" color="SHARED_GREY2" material="27" />
		<baseMaterialConfiguration name="Scarlet Red" color="CASEIH_RED1" material="27" />
		<baseMaterialConfiguration name="Pearl White" color="STOLL_WHITE2" material="27" />
        <baseMaterialConfiguration name="Gun Metal" color="SHARED_GREY5" material="27" />
		<baseMaterialConfiguration name="Dark Moon" color="0.02 0.02 0.02" material="27" />
		<baseMaterialConfiguration name="Blaze Orange" color="FLIEGL_ORANGE1" material="27" />
		<baseMaterialConfiguration name="Nitro Blue" color="NEWHOLLAND_BLUE1" material="27" />
		<baseMaterialConfiguration name="Deep Blue" color="HATZENBICHLER_DARKBLUE1" material="27" />
    </baseMaterialConfigurations>
    <designMaterialConfigurations price="1500" useDefaultColors="true" defaultColorIndex="15">
        <material name="camion_mat_ryc1" shaderParameter="colorMat1" />
        <material name="eje_trasero_mat_ryc1" shaderParameter="colorMat0" />
		<designMaterialConfiguration name="Pure White" color="STOLL_WHITE2" material="0" />
		<designMaterialConfiguration name="Chrome" color="1 1 1" material="2" />
		<designMaterialConfiguration name="Gold" color="0.64 0.38 0" material="2" />
		
		<designMaterialConfiguration name="Blue Jeans" color="0.004 0.02 0.059" material="0" />
		<designMaterialConfiguration name="Blue Jeans New Age" color="0.004 0.02 0.059" material="27" />
		<designMaterialConfiguration name="Blue Jeans Aged" color="0.004 0.02 0.059" material="6" />
		
		<designMaterialConfiguration name="Ruby Red" color="0.3 0 0.004" material="0" />
		<designMaterialConfiguration name="Ruby Red New Age" color="0.3 0 0.004" material="27" />
		<designMaterialConfiguration name="Ruby Red Aged" color="0.3 0 0.004" material="6" />
		
		<designMaterialConfiguration name="Race Red" color="0.657 0.012 0" material="0" />
		<designMaterialConfiguration name="Race Red New Age" color="0.657 0.012 0" material="27" />
		<designMaterialConfiguration name="Race Red Aged" color="0.657 0.012 0" material="6" />
		
		<designMaterialConfiguration name="White Gold" color="0.973 0.976 0.545" material="27" />
		<designMaterialConfiguration name="Bronze Fire" color="0.153 0.029 0.01" material="27" />
		
		<designMaterialConfiguration name="Default" color="0 0.02 0.1" material="0" />
		<designMaterialConfiguration name="New Age" color="0 0.02 0.1" material="27" />
        
		<designMaterialConfiguration name="JCB" color="JCB_YELLOW1" material="0" />
		<designMaterialConfiguration name="JCB New Age" color="JCB_YELLOW1" material="27" />
		
        <designMaterialConfiguration name="Pearl White" color="STOLL_WHITE2" material="27" />
        <designMaterialConfiguration name="Aged White" color="STOLL_WHITE2" material="6" />
        
		<designMaterialConfiguration name="New Silver" color="SHARED_GREY2" material="27" />
		<designMaterialConfiguration name="Scarlet Red" color="CASEIH_RED1" material="27" />
		<designMaterialConfiguration name="Pearl White" color="STOLL_WHITE2" material="27" />
        <designMaterialConfiguration name="Gun Metal" color="SHARED_GREY5" material="27" />
		<designMaterialConfiguration name="Dark Moon" color="0.02 0.02 0.02" material="27" />
		<designMaterialConfiguration name="Blaze Orange" color="FLIEGL_ORANGE1" material="27" />
		<designMaterialConfiguration name="Nitro Blue" color="NEWHOLLAND_BLUE1" material="27" />
		<designMaterialConfiguration name="Deep Blue" color="HATZENBICHLER_DARKBLUE1" material="27" />
    </designMaterialConfigurations>
	
	<rimColorConfigurations useDefaultColors="true" price="300">
        <rimColorConfiguration name="Stainless Steel" color="1 1 1" material="8" />
		<rimColorConfiguration name="Dark Steel" color="0.35 0.35 0.40" material="8" />
		<rimColorConfiguration name="Aluminum" color="0.65 0.65 0.75" material="3" />
		<rimColorConfiguration name="Chrome" color="0.9 0.9 1" material="2"  />
		<rimColorConfiguration name="Polished" color="0.95 0.95 1" material="3" />
		<rimColorConfiguration name="Gold" color="0.64 0.38 0" material="2" />
		
		<rimColorConfiguration name="New Silver" color="SHARED_GREY2" material="27" />
		<rimColorConfiguration name="Scarlet Red" color="CASEIH_RED1" material="27" />
		<rimColorConfiguration name="Pearl White" color="STOLL_WHITE2" material="27" />
        <rimColorConfiguration name="Gun Metal" color="SHARED_GREY5" material="27" />
		<rimColorConfiguration name="Blaze Orange" color="FLIEGL_ORANGE1" material="27" />
		<rimColorConfiguration name="Nitro Blue" color="NEWHOLLAND_BLUE1" material="27" />
		<rimColorConfiguration name="Deep Blue" color="HATZENBICHLER_DARKBLUE1" material="27" />
		<rimColorConfiguration name="Deer Green" color="JOHNDEERE_GREEN1" material="27" />
		<rimColorConfiguration name="Deer Yellow" color="JOHNDEERE_YELLOW1" material="27" />
		<rimColorConfiguration name="Metallic Manitou" color="MANITOU_RED" material="27" />
	</rimColorConfigurations>
	
    <wearable wearDuration="480" workMultiplier="5" fieldMultiplier="2"/>
    <washable dirtDuration="90" washDuration="1" workMultiplier="4" fieldMultiplier="2"/>

	
	
    <i3dMappings>
        <i3dMapping id="587" node="0>" />
        <i3dMapping id="weart" node="0>0" />
        <i3dMapping id="traseraIzq" node="0>0|0" />
        <i3dMapping id="traseraDer" node="0>0|1" />
        <i3dMapping id="medioIzq" node="0>0|2" />
        <i3dMapping id="medioder" node="0>0|3" />
        <i3dMapping id="delyzquerda" node="0>0|5|0" />
        <i3dMapping id="izq" node="0>0|4|0" />
        <i3dMapping id="delderecha" node="0>0|4|0" />
        <i3dMapping id="de" node="0>0|5|0" />
        <i3dMapping id="camion" node="0>1" />
        <i3dMapping id="camion1" node="0>1|4" />
        <i3dMapping id="eje_trasero" node="0>1|1" />
        <i3dMapping id="interior" node="0>1|0" />
        <i3dMapping id="transform_0" node="0>1|1" />
        <i3dMapping id="palabrisa_de" node="0>1|1|0" />
        <i3dMapping id="soport" node="0>1|1|1" />
        <i3dMapping id="palabrisa" node="0>1|1|2" />
        <i3dMapping id="calandra.001" node="0>1|2" />
        <i3dMapping id="cristales" node="0>1|3" />
        <i3dMapping id="cristales1" node="0>1|4" />
        <i3dMapping id="col1" node="0>1|5" />
        <i3dMapping id="adorno" node="0>1|6" />
        <i3dMapping id="motor" node="0>1|7" />
        <i3dMapping id="cromado" node="0>1|8" />
        <i3dMapping id="chasis" node="0>1|9" />
        <i3dMapping id="marcos" node="0>1|10" />
        <i3dMapping id="muestra" node="0>1|11" />
        <i3dMapping id="escalones" node="0>1|12" />
        <i3dMapping id="sijetaescape" node="0>1|13" />
        <i3dMapping id="Mangera" node="0>1|14" />
        <i3dMapping id="cable" node="0>1|15" />
        <i3dMapping id="calandra" node="0>1|16" />
        <i3dMapping id="GABINA" node="0>1|17" />
        <i3dMapping id="chasis.001" node="0>1|18" />
        <i3dMapping id="DECA2" node="0>1|19" />
        <i3dMapping id="anti" node="0>1|20" />
        <i3dMapping id="transform_1" node="0>1|21" />
        <i3dMapping id="tremiiz" node="0>1|22" />
        <i3dMapping id="tremide" node="0>1|23" />
        <i3dMapping id="REVERSE_0" node="0>1|24" />
        <i3dMapping id="REVERSE_1" node="0>1|24|0" />
        <i3dMapping id="agujas_marcador" node="0>1|25" />
        <i3dMapping id="agujas1_0" node="0>1|25|0" />
        <i3dMapping id="agujas1_1" node="0>17|0|0" />
        <i3dMapping id="agujas2_0" node="0>1|25|1" />
        <i3dMapping id="agujas2_1" node="0>17|1|0" />
        <i3dMapping id="agujas3_0" node="0>1|25|2" />
        <i3dMapping id="agujas3_1" node="0>17|2|0" />
        <i3dMapping id="agujas4_0" node="0>1|25|3" />
        <i3dMapping id="agujas4_1" node="0>17|3|0" />
        <i3dMapping id="agujas5_0" node="0>1|25|4" />
        <i3dMapping id="agujas5_1" node="0>17|4|0" />
        <i3dMapping id="agujas6_0" node="0>1|25|5" />
        <i3dMapping id="agujas6_1" node="0>1|25|5|0" />
        <i3dMapping id="agujas7_0" node="0>1|25|6" />
        <i3dMapping id="agujas7_1" node="0>1|25|6|0" />
        <i3dMapping id="agujas8_0" node="0>1|25|7" />
        <i3dMapping id="agujas8_1" node="0>1|25|7|0" />
        <i3dMapping id="agujas9_0" node="0>1|25|8" />
        <i3dMapping id="agujas9_1" node="0>1|25|8|0" />
        <i3dMapping id="agujas10_0" node="0>1|25|9" />
        <i3dMapping id="agujas10_1" node="0>1|25|9|0" />
        <i3dMapping id="agujas11_0" node="0>1|25|10" />
        <i3dMapping id="agujas11_1" node="0>1|25|10|0" />
        <i3dMapping id="oil_0" node="0>1|25|11" />
        <i3dMapping id="oil_1" node="0>17|5|0" />
        <i3dMapping id="speed_0" node="0>1|25|12" />
        <i3dMapping id="speed_1" node="0>17|6|0" />
        <i3dMapping id="fuel_0" node="0>1|25|13" />
        <i3dMapping id="fuel_1" node="0>17|7|0" />
        <i3dMapping id="rpm_0" node="0>1|25|14" />
        <i3dMapping id="rpm_1" node="0>17|8|0" />
        <i3dMapping id="air_0" node="0>1|25|15" />
        <i3dMapping id="air_1" node="0>17|9|0" />
        <i3dMapping id="minimarcador" node="0>1|26" />
        <i3dMapping id="Anima_display" node="0>1|27" />
        <i3dMapping id="FONDOMARCA" node="0>1|28" />
        <i3dMapping id="radio" node="0>1|29" />
        <i3dMapping id="numbers1" node="0>1|30" />
        <i3dMapping id="float1" node="0>1|30|0" />
        <i3dMapping id="one" node="0>1|30|1" />
        <i3dMapping id="ten" node="0>1|30|2" />
        <i3dMapping id="plane" node="0>1|31" />
        <i3dMapping id="defensa" node="0>1|32" />
        <i3dMapping id="placa" node="0>1|33" />
        <i3dMapping id="logo1" node="0>1|34" />
        <i3dMapping id="fondologo" node="0>1|35" />
        <i3dMapping id="cameras" node="0>2" />
        <i3dMapping id="outdoorCameraTarget" node="0>2|0" />
        <i3dMapping id="outdoorCamera" node="0>2|0|0" />
        <i3dMapping id="indoorCamera" node="0>2|1" />
        <i3dMapping id="exitPoint" node="0>3" />
        <i3dMapping id="attacherJoint" node="0>4" />
        <i3dMapping id="exhaustParticlesRight" node="0>5" />
        <i3dMapping id="raycastNodes" node="0>6" />
        <i3dMapping id="raycastNode1" node="0>6|0" />
        <i3dMapping id="raycastNode2" node="0>6|1" />
        <i3dMapping id="raycastNode3" node="0>6|2" />
        <i3dMapping id="lights" node="0>7" />
        <i3dMapping id="defaultLights" node="0>7|0" />
        <i3dMapping id="coronas_0" node="0>7|0|0" />
        <i3dMapping id="faro1" node="0>7|0|0|0" />
        <i3dMapping id="faro2" node="0>7|0|0|1" />
        <i3dMapping id="posicion1" node="0>7|0|0|2" />
        <i3dMapping id="posicion2" node="0>7|0|0|3" />
        <i3dMapping id="intIzq" node="0>7|0|0|4" />
        <i3dMapping id="intDer" node="0>7|0|0|5" />
        <i3dMapping id="marchatras_0" node="0>7|0|0|6" />
        <i3dMapping id="marchatras_1" node="0>7|0|0|6|0" />
        <i3dMapping id="antinieblas" node="0>7|0|0|1" />
        <i3dMapping id="frontLightHigh" node="0>7|0|1" />
        <i3dMapping id="frontLightHigh1" node="0>7|0|1|0" />
        <i3dMapping id="highBeamHigh" node="0>7|0|2" />
        <i3dMapping id="highBeamHigh1" node="0>7|0|2|0" />
        <i3dMapping id="highBeamHigh3" node="0>7|0|3" />
        <i3dMapping id="highBeamHigh4" node="0>7|0|3|0" />
        <i3dMapping id="running_orange_0" node="0>7|0|4" />
        <i3dMapping id="turnLightLeftFront_0" node="0>7|0|4|0" />
        <i3dMapping id="turnLightLeftFront_1" node="0>7|0|4|1" />
        <i3dMapping id="turnLightLeftFront_2" node="0>7|0|4|2" />
        <i3dMapping id="turnLightLeftFront_3" node="0>7|0|4|3" />
        <i3dMapping id="running_orange_1" node="0>7|0|5" />
        <i3dMapping id="turnLightLeftFront_4" node="0>7|0|5|0" />
        <i3dMapping id="turnLightLeftFront_5" node="0>7|0|5|1" />
        <i3dMapping id="turnLightLeftFront_6" node="0>7|0|5|2" />
        <i3dMapping id="turnLightLeftFront_7" node="0>7|0|5|3" />
        <i3dMapping id="luz_larga" node="0>7|0|6" />
        <i3dMapping id="luz_corta" node="0>7|0|7" />
        <i3dMapping id="backLights" node="0>7|1" />
        <i3dMapping id="coronas_1" node="0>7|1|0" />
        <i3dMapping id="rear1" node="0>7|1|0|0" />
        <i3dMapping id="rear2" node="0>7|1|0|1" />
        <i3dMapping id="rear3" node="0>7|1|0|2" />
        <i3dMapping id="rear4" node="0>7|1|0|3" />
        <i3dMapping id="rear5" node="0>7|1|0|4" />
        <i3dMapping id="rear6" node="0>7|1|0|5" />
        <i3dMapping id="rear7" node="0>7|1|0|6" />
        <i3dMapping id="rear8" node="0>7|1|0|7" />
        <i3dMapping id="rear9" node="0>7|1|0|8" />
        <i3dMapping id="rear10" node="0>7|1|0|9" />
        <i3dMapping id="rear11" node="0>7|1|0|10" />
        <i3dMapping id="rear12" node="0>7|1|0|11" />
        <i3dMapping id="backLights1" node="0>7|1|1" />
        <i3dMapping id="backLightsHigh1_0" node="0>7|1|1|0" />
        <i3dMapping id="backLights2" node="0>7|1|2" />
        <i3dMapping id="backLightsHigh1_1" node="0>7|1|2|0" />
        <i3dMapping id="backLights3" node="0>7|1|3" />
        <i3dMapping id="backLightsHigh1_2" node="0>7|1|3|0" />
        <i3dMapping id="backLights4" node="0>7|1|4" />
        <i3dMapping id="backLightsHigh1_3" node="0>7|1|4|0" />
        <i3dMapping id="backLights5" node="0>7|1|5" />
        <i3dMapping id="backLightsHigh1_4" node="0>7|1|5|0" />
        <i3dMapping id="backLights6" node="0>7|1|6" />
        <i3dMapping id="backLightsHigh1_5" node="0>7|1|6|0" />
        <i3dMapping id="turnLights" node="0>7|2" />
        <i3dMapping id="turnLeft" node="0>7|2|0" />
        <i3dMapping id="turnLightLeftFront_8" node="0>7|2|0|0" />
        <i3dMapping id="turnLightLeftBack1" node="0>7|2|0|1" />
        <i3dMapping id="turnLightLeftBack2" node="0>7|2|0|2" />
        <i3dMapping id="turnLightLeftBack3" node="0>7|2|0|3" />
        <i3dMapping id="turnLightLeftBack4" node="0>7|2|0|4" />
        <i3dMapping id="turnLightLeftBack5" node="0>7|2|0|5" />
        <i3dMapping id="turnLightLeftBack6" node="0>7|2|0|6" />
        <i3dMapping id="tre_iz" node="0>7|2|0|7" />
        <i3dMapping id="turnRight" node="0>7|2|1" />
        <i3dMapping id="turnLightRightFront" node="0>7|2|1|0" />
        <i3dMapping id="turnLightRightBack7" node="0>7|2|1|1" />
        <i3dMapping id="turnLightRightBack8" node="0>7|2|1|2" />
        <i3dMapping id="turnLightRightBack9" node="0>7|2|1|3" />
        <i3dMapping id="turnLightRightBack10" node="0>7|2|1|4" />
        <i3dMapping id="turnLightRightBack11" node="0>7|2|1|5" />
        <i3dMapping id="turnLightRightBack12" node="0>7|2|1|6" />
        <i3dMapping id="tre_de" node="0>7|2|1|7" />
        <i3dMapping id="brakeLights" node="0>7|3" />
        <i3dMapping id="brakeLights1_0" node="0>7|3|0" />
        <i3dMapping id="brakeLights1_1" node="0>7|3|0|0" />
        <i3dMapping id="brakeLights2" node="0>7|3|1" />
        <i3dMapping id="brakeLights1_2" node="0>7|3|1|0" />
        <i3dMapping id="brakeLights3" node="0>7|3|2" />
        <i3dMapping id="brakeLights1_3" node="0>7|3|2|0" />
        <i3dMapping id="brakeLights4" node="0>7|3|3" />
        <i3dMapping id="brakeLights1_4" node="0>7|3|3|0" />
        <i3dMapping id="brakeLights5" node="0>7|3|4" />
        <i3dMapping id="brakeLights1_5" node="0>7|3|4|0" />
        <i3dMapping id="brakeLights6" node="0>7|3|5" />
        <i3dMapping id="brakeLights1_6" node="0>7|3|5|0" />
        <i3dMapping id="beaconLights" node="0>7|4" />
        <i3dMapping id="beaconLight1" node="0>7|4|0" />
        <i3dMapping id="beaconLight2" node="0>7|4|1" />
        <i3dMapping id="reverseLights" node="0>7|5" />
        <i3dMapping id="coronas_2" node="0>7|5|0" />
        <i3dMapping id="RearLight_0" node="0>7|5|1" />
        <i3dMapping id="RearLight_1" node="0>7|5|2" />
        <i3dMapping id="player_root" node="0>8" />
        <i3dMapping id="player_rightFoot" node="0>8|0" />
        <i3dMapping id="player_leftFoot" node="0>8|1" />
        <i3dMapping id="asiento" node="0>8|2" />
        <i3dMapping id="player_skin" node="0>8|2|0" />
        <i3dMapping id="steeringBase" node="0>9" />
        <i3dMapping id="volante" node="0>9|0" />
        <i3dMapping id="player_rightHand" node="0>9|0|0" />
        <i3dMapping id="player_leftHand" node="0>9|0|1" />
        <i3dMapping id="logovolante" node="0>9|0|2" />
        <i3dMapping id="trafficCollisionTrigger" node="0>10" />
        <i3dMapping id="retrovisores" node="0>11" />
        <i3dMapping id="izquerda" node="0>11|0" />
        <i3dMapping id="izgrande" node="0>11|0|0" />
        <i3dMapping id="izgpec" node="0>11|0|1" />
        <i3dMapping id="derecha" node="0>11|1" />
        <i3dMapping id="dergran" node="0>11|1|0" />
        <i3dMapping id="derpec" node="0>11|1|1" />
        <i3dMapping id="trailerAttacher" node="0>12" />
        <i3dMapping id="trailerAttacherTrans" node="0>12|0" />
        <i3dMapping id="trailerAttacherJoint" node="0>12|0|0" />
        <i3dMapping id="de" node="0>0|4" />
        <i3dMapping id="iz" node="0>0|5" />
        <i3dMapping id="treiz" node="0>7|2|0|8" />
        <i3dMapping id="trede" node="0>7|2|1|8" />
        <i3dMapping id="Mirroiz" node="0>14|0" />
        <i3dMapping id="Mirrode" node="0>15|0" />
        <i3dMapping id="Mirrodelantero" node="0>16|0" />
        <i3dMapping id="marcador" node="0>1|9" />
        <i3dMapping id="guardaporbosdede" node="1>0" />
        <i3dMapping id="guardaporbosdeiz" node="2>0" />
        <i3dMapping id="guardaporbosdetrade" node="3>0" />
        <i3dMapping id="guardaporbostraiz" node="4>0" />
        <i3dMapping id="luzinteriorluz" node="0>7|0|0|7" />
        <i3dMapping id="luz_interior" node="0>7|0|8" />
        <i3dMapping id="focosluz1" node="0>7|0|0|8" />
        <i3dMapping id="punto1" node="0>18|1" />
        <i3dMapping id="punto2" node="0>18|2" />
        <i3dMapping id="punto3" node="0>18|3" />
        <i3dMapping id="punto4" node="0>18|4" />
        <i3dMapping id="barralarga" node="0>18|5|0" />
        <i3dMapping id="barracorta" node="0>18|0" />
        <i3dMapping id="1" node="1>0" />
    </i3dMappings>	
</vehicle>


