﻿<?xml version="1.0" encoding="utf-8" standalone="no"?>
<modDesc descVersion="51">
    <author>raulycristi1</author>
    <version>1.0.0.0</version>
    <title>
        <en>VStRuk PT 281</en>
    </title>
<description>
<en><![CDATA[VStRuk PT-281
Various Store Options and Color Changes.
-Motor: PT 405 PT 474 PT 545
-Main Color Setting
-Secondary Color Settings
-Rims Color Configuration
-Configuration of Beacons
-Marker Lights

Prices:
VStRuk PT 405: € 75,000
VStRuk PT 474: € 87,125
VStRuk PT 545: € 145,500
]]></en>
<de><![CDATA[VStRuk PT-281
Verschiedene Store-Optionen und Farbänderungen.
-Motor: PT 405 PT 474 PT 545
-Hauptfarbeinstellung
-Sekundäre Farbeinstellungen
-Felgen Farbkonfiguration
-Konfiguration von Rundumleuchte
-Markierungslichter

Preise:
VStRuk PT 405: 75.000 €
VStRuk PT 474: 87.125 €
VStRuk PT 545: 145.500 €
]]></de>
<es><![CDATA[VStRuk PT-281
Varias Opciones de Tienda y Cambios de color.
-Motor: PT 405 PT 474 PT 545
-Configuración Color Principal
-Configuración Color Secundario
-Configuración Color Llantas
-Configuración de Balizas
-Luces Marcador

Precios:
VStRuk PT 405: 75000 €
VStRuk PT 474: 87.125 €
VStRuk PT 545: 145.500 €
]]></es>
</description>    <iconFilename>icon_281.dds</iconFilename>
    <multiplayer supported="true"/>
    <storeItems>
        <storeItem xmlFilename="281.xml" rootNode="vehicle"/>
    </storeItems>
    <brands>
        <brand name="VStRuk" title="VStRuk" image="brand_VStRuk.dds"/>
    </brands>
	
    <vehicleTypes>
		<type name="tractor" parent="baseDrivable" className="Vehicle" filename="$dataS/scripts/vehicles/Vehicle.lua">
            <specialization name="foldable"/>			
			<specialization name="hookLiftTrailer"/>
			<specialization name="powerConsumer" />
		</type>		
    </vehicleTypes>
		
    <l10n>
        <text name="configuration_beacons">
            <en>Beacons</en>
            <de>Rundumleuchte</de>
            <es>Balizas</es>
	    </text>
        <text name="configuration_beaconMounted">
            <en>Beacons</en>
            <de>Rundumleuchte</de>
            <es>Balizas</es>
	    </text>
    </l10n>
	
</modDesc>
