<?xml version="1.0" encoding="utf-8" standalone="no" ?>
<wheel>
    <default>
        <physics radius="0.558" width="0.285" mass="0.1" tireType="street" frictionScale="1.64" maxLongStiffness="8" maxLatStiffness="100" maxLatStiffnessLoad="2" />
        <tire filename="wheels/diski.i3d" nodeLeft="0|6" nodeRight="0|6"  maxDeformation="0.07" isCareWheel="false" tireTrackAtlasIndex="11" />
		<innerRim filename="wheels/diski.i3d" nodeLeft="0|0" nodeRight="0|1"/>
    </default>
    <configurations>
        <configuration id="front" >
            <additional filename="wheels/diski.i3d" nodeLeft="0|2" nodeRight="0|3" offset="0"  mass="0.2" />
        </configuration>
        <configuration id="back" >
            <additional filename="wheels/diski.i3d" nodeLeft="0|4" nodeRight="0|5" offset="0.37"  mass="0.1" />
        </configuration>
        <configuration id="dual" >
			<innerRim filename="wheels/diski.i3d" nodeLeft="0|1" nodeRight="0|0"/>		
        </configuration>		
    </configurations>
</wheel>
