﻿<?xml version="1.0" encoding="utf-8" standalone="no" ?>
<modDesc descVersion="51">
    <author>BlackSheep Modding</author>
    <version>1.0.0.1</version>
    <iconFilename>icon.dds</iconFilename>
    
	<title>
        <en>John Deere 40 Series</en>
    </title>
    <description>
        <en>
            <![CDATA[Medium tractors from 1978 - 1982.

US and EU version
2WD and 4WD version
Price: 55,000 €
Power: from 112hp to 203hp
Max speed: 53Km / h

Changelog 1.0.0.1
- Added Mitas wheel configurations
- Added John Deere wheel configurations
- Added wheel chains
- Added forestry protection configurations
- Added beacon configurations
- Fixed opening rear window
- Fixed front attacher
- Fixed Michelin wheel configurations
- Fixed narrow wheels for 2wd
- New motor sounds
- Changed gas pedal to gas lever
- Other minor corrections
]]>
        </en>
        <de><![CDATA[Mittelgroßer Traktor der von 1978 bis 1982 produziert wurde. 

US und EU Version
2WD und 4WD Version
Preis: 55 000 €
Leistung: Von 112ps bis 203ps
Höchstgeschwindigkeit: 53Km/h

Changelog 1.0.0.1
- Mitas Reifenkonfiguration hinzugefügt
- John Deere Reifenkonfiguration hinzugefügt
- Schneeketten hinzugefügt
- Forstkonfigurationen hinzugefügt
- Rundumleuchten hinzugefügt
- Öffnen der Heckscheibe gefixt
- Frontkraftheber gefixt
- Michelin Reifenkonfiguration gefixt
- Kleine Reifen bei 2WD gefixt
- Neue Motorgeräusche
- Mehrere kleine Verbesserungen]]>
        </de>
        <fr><![CDATA[Tracteurs moyen des années 1978 – 1982.

Version US et EU
Version 2WD et 4WD
Prix: 55.000€
Puissance : de 112cv à 203cv
Vitesse max: 53Km/h

Changelog 1.0.0.1
- Ajout de configurations de roues Mitas
- Ajout de configurations de roues John Deere
- Ajout de chaînes de roues
- Ajout de configurations de protection forestière
- Ajout de configurations de balises
- Lunette arrière à ouverture fixe
- Attache avant fixe
- Configurations de roues Michelin fixes
- Roues étroites fixes pour 2 roues motrices
- Nouveaux sons de moteur
- Changement de la pédale d'accélérateur en levier d'accélérateur
- Autres corrections mineures]]> 
        </fr>
    </description>	
    
    <multiplayer supported="true" />       
		<vehicleTypes>
<type name="tractorJD" parent="baseDrivable" className="Vehicle" filename="$dataS/scripts/vehicles/Vehicle.lua">
<specialization name="cover" />
</type>
		</vehicleTypes>    
    <storeItems>
        <storeItem rootNode="vehicle" xmlFilename="JD_4040_2WD.xml"/>		
        <storeItem rootNode="vehicle" xmlFilename="JD_4040.xml"/>
        <storeItem rootNode="vehicle" xmlFilename="JD_4640_2WD.xml"/>		
        <storeItem rootNode="vehicle" xmlFilename="JD_4640.xml"/>		
    </storeItems>
    <l10n>
        <text name="configuration_FR"><en>Front 3-points hitch</en><de>Fronthydraulik</de><fr>3-Points Avant</fr></text>
		<text name="Mudguards"><en>Design configuration</en><de>Design konfiguration</de><fr>Design configuration</fr></text>	
        <text name="configuration_pipes"><en>Exhaust pipe</en><de>Auspuffrohr</de><fr>Pot d'échappements</fr></text>
        <text name="standartUS"><en>Standard US</en><de>Standard US</de><fr>Standard US</fr></text>		
        <text name="DualUS"><en>Rear twin wheels US</en><de>Zwillingsbereifung US</de><fr>Roues jumelées arrière US</fr></text>		
        <text name="standartEU"><en>Standard EU</en><de>Standard EU</de><fr>Standard EU</fr></text>		
        <text name="DualEU"><en>Rear twin wheels EU</en><de>Zwillingsbereifung EU</de><fr>Roues jumelées arrière EU</fr></text>			
        <text name="beacons"><en>Beacons</en><de>Rundumleuchten</de><fr>Gyrophares</fr>
        </text>		
    </l10n>		
</modDesc>
