<?xml version="1.0" encoding="utf-8" standalone="no"?>
<vehicle type="tractor">
    <annotation>Copyright (C) GIANTS Software GmbH, All Rights Reserved.</annotation>

    <storeData>
        <name>Tractor Autonomous</name>
        <specs>
            <power>500</power>
            <maxSpeed>40</maxSpeed>
        </specs>
        <functions>
            <function>$l10n_function_tractor</function>
        </functions>
        <image>store.dds</image>
        <price>300000</price>
        <lifetime>600</lifetime>
        <rotation>0</rotation>
        <brand>JOHNDEERE</brand>
        <category>tractorsL</category>
        <vertexBufferMemoryUsage>2380076</vertexBufferMemoryUsage>
        <indexBufferMemoryUsage>618318</indexBufferMemoryUsage>
        <textureMemoryUsage>76197264</textureMemoryUsage>
        <instanceVertexBufferMemoryUsage>0</instanceVertexBufferMemoryUsage>
        <instanceIndexBufferMemoryUsage>0</instanceIndexBufferMemoryUsage>
    </storeData>

    <base>
        <typeDesc>$l10n_typeDesc_tractor</typeDesc>
        <filename>autonomus.i3d</filename>
        <size width="3.5" length="6.5" lengthOffset="-0.65"/>
        <components>
            <component centerOfMass="0 0 0" solverIterationCount="10" mass="10000" />
        </components>
        <schemaOverlay attacherJointPosition="0 0">
            <default name="DEFAULT_VEHICLE"/>
            <selected name="DEFAULT_VEHICLE_SELECTED"/>
        </schemaOverlay>
    </base>

    <wheels>
        <wheelConfigurations>
            <wheelConfiguration name="3m" price="5000">
                <wheels autoRotateBackSpeed="5.0" speedDependentRotateBack="false">
                    <wheel hasTireTracks="true" hasParticles="true">
                        <physics rotSpeed="1" restLoad="3.3" repr="0>2|0"  driveNode="0>2|0|0"  forcePointRatio="0.5" radius="0.80" width="0.6" mass="0.5" showSteeringAngle="false" initialCompression="25" suspTravel="0.23" spring="48" damper="70" frictionScale="2.5" tireType="crawler" maxWheelSink="0.125"/>
                        <tire tireTrackAtlasIndex="6" isCareWheel="false" />
                    </wheel>
                    <wheel hasTireTracks="true" hasParticles="true">
                        <physics rotSpeed="1" restLoad="3.3" repr="0>2|1" driveNode="0>2|1|0" forcePointRatio="0.5" radius="0.80" width="0.6" mass="0.5" showSteeringAngle="false" initialCompression="25" suspTravel="0.23" spring="48" damper="70" frictionScale="2.5" tireType="crawler" maxWheelSink="0.125"/>
                        <tire tireTrackAtlasIndex="6" isCareWheel="false" />
                    </wheel>
                    <wheel hasTireTracks="true" hasParticles="true"> 
                        <physics rotSpeed="1" restLoad="4.6" repr="0>2|2" driveNode="0>2|2|0" forcePointRatio="0.5" radius="0.45" width="0.6" mass="0.5" initialCompression="50" showSteeringAngle="false" suspTravel="0.23" spring="35" damper="70" isSynchronized="false" frictionScale="2.5" tireType="crawler" maxWheelSink="0.125" transRatio="1"/>
                        <tire isCareWheel="false" />
                    </wheel>
                    <wheel hasTireTracks="true" hasParticles="true">
                        <physics rotSpeed="1" restLoad="4.6" repr="0>2|3" driveNode="0>2|3|0" forcePointRatio="0.5" radius="0.45" width="0.6" mass="0.5" initialCompression="50" showSteeringAngle="false" suspTravel="0.23" spring="35" damper="70" isSynchronized="false" frictionScale="2.5" tireType="crawler" maxWheelSink="0.125" transRatio="1"/>
                        <tire isCareWheel="false" />
                    </wheel>
                </wheels>
                <crawlers>
                    <crawler wheelIndex="1" filename="$data/shared/wheels/crawlers/lizard/crawler02.xml" linkNode="0>2|0|1" isLeft="true"/>
                    <crawler wheelIndex="2" filename="$data/shared/wheels/crawlers/lizard/crawler02.xml" linkNode="0>2|1|1" isLeft="false"/>
                </crawlers>
                <size width="4.5" />
            </wheelConfiguration>
        </wheelConfigurations>

        <ackermannSteeringConfigurations>
            <ackermannSteering rotSpeed="60" rotMax="50" rotCenter="0"/>
        </ackermannSteeringConfigurations>
    </wheels>

    <attacherJoints>
        <attacherJoint node="attacherJointBack" upperRotationOffset="0.16" moveTime="2.5" comboTime="1"> 
            <distanceToGround lower="0.36" upper="1.24" />
            <schema position="1 0" rotation="0" invertX="false" /> 
            <objectChange node="trailerAttacherNode" visibilityActive="false" visibilityInactive="true" />
            <objectChange node="trailerLowNode" visibilityActive="false" visibilityInactive="true" /> 
        </attacherJoint> 
        <attacherJoint node="trailerAttacherJointBack" jointType="trailer" lowerRotLimit="10 50 50" upperRotRotationOffset="0" allowsJointLimitMovement="false" comboTime="1">
            <distanceToGround lower="0.49" upper="1.16" />
            <transNode node="trailerAttacherNode" minY="0.64" maxY="1.183" />
            <schema position="1 0" rotation="0" invertX="false" />
            <objectChange node="trailerLowNode" visibilityActive="false"  visibilityInactive="true" />
        </attacherJoint>
        <attacherJoint node="trailerAttacherJointBackLow" jointType="trailerLow" lowerRotLimit="10 50 50" lowerTransLimit="0 0 0" upperRotRotationOffset="0" allowsJointLimitMovement="false" comboTime="1">
            <distanceToGround lower="0.53" upper="0.778" />
            <transNode node="trailerLowNode" minY="0.54" maxY="0.78" />
            <schema position="1 0" rotation="0" invertX="false" />
            <objectChange node="trailerAttacherNode" visibilityActive="false"  visibilityInactive="true" />
            <steeringBars leftNode="trailerSteeringLeftRef" rightNode="trailerSteeringRightRef" />
        </attacherJoint>

        <sounds>
            <attach template="ATTACH_01" />
            <hydraulic template="DEFAULT_HYDRAULIC_SOUND" />
        </sounds>
    </attacherJoints>

    <powerTakeOffs>
        <output attacherJointIndices="1 2 3" outputNode="0>3|4|0" />
    </powerTakeOffs>

    <enterable>
        <exitPoint node="0>1|1"/>
        <enterReferenceNode node="series8RT_main_component1"/>

        <cameras>
            <camera node="0>1|0|0|0" rotatable="true" rotateNode="0>1|0|0" limit="true" useWorldXZRotation="true" rotMinX="-1.4" rotMaxX="1" transMin="4" transMax="40" translation="0 0 7.25" rotation="-20 180 0">
                <raycastNode node="0>1|0|2"/>
                <raycastNode node="0>1|0|3"/>
                <raycastNode node="0>1|0|4"/>
            </camera>
            <camera node="0>1|0|1" rotatable="true" limit="true" rotMinX="-1.1" rotMaxX="0.4" transMin="0" transMax="0" useMirror="true" isInside="true" shadowFocusBox="0>1|0|5" />
        </cameras>
	</enterable>

    <motorized>
        <consumerConfigurations>
            <consumerConfiguration>
                <consumer fillUnitIndex="1" usage="122" fillType="diesel" />  <!-- usage is per hour at max load and max rpm -->
                <consumer fillUnitIndex="2" usage="3.0" fillType="def" />     <!-- usage is per hour at max load and max rpm -->
                <consumer fillUnitIndex="3" usage="250" fillType="air" permanentConsumption="false" refillLitersPerSecond="350" refillCapacityPercentage="0.5" /> <!-- usage per second at full brake power -->
            </consumerConfiguration>
        </consumerConfigurations>

        <differentialConfigurations>
            <differentialConfiguration>
                <differentials>
                    <differential torqueRatio="0.5" maxSpeedRatio="1.8" wheelIndex1="1" wheelIndex2="2"/>
                    <differential torqueRatio="0.5" maxSpeedRatio="2.8" wheelIndex1="3" wheelIndex2="4"/>
                    <differential torqueRatio="0.5" maxSpeedRatio="1.4" differentialIndex1="1" differentialIndex2="2"/>
                </differentials>
            </differentialConfiguration>
        </differentialConfigurations>

        <motorConfigurations>
            <motorConfiguration name="Eletric" price="0" hp="500">
                <motor torqueScale="1.664" minRpm="900" maxRpm="2200" maxForwardSpeed="43" maxBackwardSpeed="22" brakeForce="18" lowBrakeForceScale="0.5" lowBrakeForceSpeedLimit="1">
                    <torque normRpm="0.45" torque="0.9"/>
                    <torque normRpm="0.5" torque="0.97"/>
                    <torque normRpm="0.59" torque="1"/>
                    <torque normRpm="0.72" torque="1"/>
                    <torque normRpm="0.86" torque="0.88"/>
                    <torque normRpm="1" torque="0.72"/>
                </motor>
                <transmission minForwardGearRatio="14.5" maxForwardGearRatio="250" minBackwardGearRatio="32" maxBackwardGearRatio="250" />
            </motorConfiguration>
        </motorConfigurations>

        <motorStartDuration>3500</motorStartDuration>

        <sounds externalSoundFile="$data/sounds/vehicles/engine/john_deere_8400r/john_deere_8400r.xml" />
    </motorized>

	<lights>
		<states>
			<state lightTypes="0" />
			<state lightTypes="0 1" />
		</states>
		
		<defaultLights>
			<defaultLight shaderNode="0>0|3" lightTypes="0"/>
			<defaultLight shaderNode="0>0|4" lightTypes="0"/>
			<defaultLight shaderNode="0>0|5" lightTypes="1"/>
		</defaultLights>
		<realLights>
			<low>
				<light node="0>3|0"			lightTypes="0" />
				<light node="0>3|1"			lightTypes="1" />
			</low>
			<high>
				<light node="0>3|0"			lightTypes="0" />
				<light node="0>3|1"			lightTypes="1" />
			</high>
		</realLights>
		<sounds>
			<switchLight template="SWITCH_01" linkNode="0>" />
			<turnLight template="SWITCH_TURNLIGHT" linkNode="0>" />
		</sounds>
	</lights>

    <fillUnit>
        <fillUnitConfigurations>
            <fillUnitConfiguration>
                <fillUnits>
                    <fillUnit unit="$l10n_unit_literShort" showOnHud="false" showInShop="false" fillTypes="diesel" capacity="681" >
                    </fillUnit>
                    <fillUnit unit="$l10n_unit_literShort" showOnHud="false" showInShop="false" fillTypes="def" capacity="71" >
                    </fillUnit>
                    <fillUnit unit="$l10n_unit_literShort" showOnHud="false" showInShop="false" fillTypes="air" capacity="4000" />
                </fillUnits>
            </fillUnitConfiguration>
        </fillUnitConfigurations>
    </fillUnit>

    <honk>
        <sound template="HONK_JD8400R"  />
    </honk>

    <ai>
        <collisionTrigger node="0>1|2|0"/>
    </ai>
	
    <wearable wearDuration="480" workMultiplier="5" fieldMultiplier="2"/>
    <washable dirtDuration="90" washDuration="1" workMultiplier="3" fieldMultiplier="2"/>

	<baseMaterial>
        <material name="Autonomus_mat" baseNode="0>0|0">
            <shaderParameter name="colorMat7" value="JOHNDEERE_GREEN1"/>
        </material>
    </baseMaterial>

	<connectionHoses>
        <target attacherJointIndices="1 2 3" type="hydraulicIn" node="0>0|11|0"/>
        <target attacherJointIndices="1 2 3" type="hydraulicOut" node="0>0|11|1"/>
		<target attacherJointIndices="1 2 3" type="hydraulicIn" node="0>0|12|0"/>
        <target attacherJointIndices="1 2 3" type="hydraulicOut" node="0>0|12|1"/>
		<target attacherJointIndices="1 2 3" type="hydraulicIn" node="0>0|13|0"/>
        <target attacherJointIndices="1 2 3" type="hydraulicOut" node="0>0|13|1"/>

        <target attacherJointIndices="1 2 3" type="airDoubleRed" node="0>0|16|0" socket="air_red"/>
        <target attacherJointIndices="1 2 3" type="airDoubleYellow" node="0>0|15|0" socket="air_yellow"/>

        <target attacherJointIndices="1 2 3" type="electric" node="0>0|14|0"/>
    </connectionHoses>

    <i3dMappings>
        <i3dMapping id="series8RT_main_component1" node="0>" />
        
		<i3dMapping id="trailerAttacherNode" node="0>3|3|0" />
        <i3dMapping id="trailerAttacherJointBack" node="0>3|3|0|0" />
		
		<i3dMapping id="trailerLowNode" node="0>3|3|1" />
        <i3dMapping id="trailerAttacherJointBackLow" node="0>3|3|1|0" />
        <i3dMapping id="trailerSteeringLeftRef" node="0>3|3|1|1" />
        <i3dMapping id="trailerSteeringRightRef" node="0>3|3|1|2" />
		<i3dMapping id="trailerAttacherJointFront" node="0>0|6|1|2" />
		
		<i3dMapping id="attacherJointBack" node="0>3|3|0|0" />
    </i3dMappings>
</vehicle>
