﻿<?xml version="1.0" encoding="utf-8" standalone="no" ?>
<modDesc descVersion="53">
    <author>Tailan,YSS Projects,Agro Mods</author>
    <version>1.0.0.0</version>
    <iconFilename>icon.dds</iconFilename>
    <multiplayer supported="true" />
	<title>
        <en>John Deere Autonomous</en>
    </title>    
	
    <description>
<en>
<![CDATA[Hello, how about having an autonomous tractor on your farm and with a futuristic look? Now this is possible thanks to this huge and robust tractor from manufacturer John Deere, the model recently launched by the manufacturer promises economy and durability, in addition to being very beautiful.

Value: 300.000

Manufacturer: Jonh Deere

Power: 500hp]]></en>

<de> 
<![CDATA[Hallo, wie wäre es mit einem autonomen Traktor auf Ihrer Farm und einem futuristischen Look?
Dies ist jetzt möglich dank dieses riesigen und robusten Traktors des Herstellers John Deere. Das kürzlich vom Hersteller vorgestellte Modell verspricht Wirtschaftlichkeit und Langlebigkeit und ist nicht nur sehr schön.

Preis: 300000 €

Hersteller: John Deere

Leistung: 500 PS]]></de>

<fr><![CDATA[Bonjour, que diriez-vous d'avoir un tracteur autonome sur votre ferme et avec un look futuriste? C'est désormais possible grâce à cet énorme tracteur robuste du fabricant John Deere, le modèle récemment lancé par le fabricant promet économie et durabilité, en plus d'être très beau.

Valeur: 300.000

Fabricant: Jonh Deere

Puissance: 500hp]]></fr>
    </description>	
	
    <storeItems>
        <storeItem xmlFilename="autonomus.xml"/>
    </storeItems>
</modDesc>
