﻿<?xml version="1.0" encoding="utf-8" standalone="no"?>
<vehicle type="trailer">
    <annotation>Copyright (C) GIANTS Software GmbH, All Rights Reserved.</annotation>
    <storeData>
        <name>
            <en>Lizard Lowloader</en>
        </name>
        <functions>
            <function>$l10n_function_lowLoader</function>
        </functions>
        <image>store.png</image>
        <price>19995</price>
        <lifetime>600</lifetime>
        <rotation>180</rotation>
        <brand>LIZARD</brand>
        <category>lowloaders</category>
        <vertexBufferMemoryUsage>1799960</vertexBufferMemoryUsage>
        <indexBufferMemoryUsage>258444</indexBufferMemoryUsage>
        <textureMemoryUsage>5592752</textureMemoryUsage>
        <instanceVertexBufferMemoryUsage>0</instanceVertexBufferMemoryUsage>
        <instanceIndexBufferMemoryUsage>0</instanceIndexBufferMemoryUsage>
    </storeData>

    <base>
        <typeDesc>$l10n_typeDesc_lowLoader</typeDesc>
        <filename>dieplader.i3d</filename>
        <size width="3" length="14"/>
        <components>
            <component centerOfMass="0 0 0" solverIterationCount="10" mass="5500"/>
        </components>
        <schemaOverlay attacherJointPosition="0 0">
            <default name="DEFAULT_IMPLEMENT"/>
            <selected name="DEFAULT_IMPLEMENT_SELECTED"/>
        </schemaOverlay>
    </base>

    <wheels>
	    <wheelConfigurations>
            <wheelConfiguration name="$l10n_configuration_valueDefault" brand="LIZARD" price="0">
                <wheels>
                    <wheel filename="extra/_11R24_5.xml" configId="dualRim" isLeft="false" hasTireTracks="true" hasParticles="true" >
                        <physics restLoad="0.7" repr="wheel1left"  forcePointRatio="0.5" initialCompression="10" suspTravel="0.2" spring="100" damper="30" />
                        <additionalWheel filename="extra/_11R24_5.xml" isLeft="false" configId="dual" offset="0.1" hasParticles="true"/>
                    </wheel>
					<wheel filename="extra/_11R24_5.xml" configId="dualRim" isLeft="true" hasTireTracks="true" hasParticles="true" >
                        <physics restLoad="0.7" repr="wheel1right"  forcePointRatio="0.5" initialCompression="10" suspTravel="0.2" spring="100" damper="30" />
                        <additionalWheel filename="extra/_11R24_5.xml" isLeft="true" configId="dual" offset="0.1" hasParticles="true"/>
                    </wheel>
					<wheel filename="extra/_11R24_5.xml" configId="dualRim" isLeft="false" hasTireTracks="true" hasParticles="true" >
                        <physics restLoad="0.7" repr="wheel2left"  forcePointRatio="0.5" initialCompression="10" suspTravel="0.2" spring="100" damper="30" />
                        <additionalWheel filename="extra/_11R24_5.xml" isLeft="false" configId="dual" offset="0.1" hasParticles="true"/>
                    </wheel>
					<wheel filename="extra/_11R24_5.xml" configId="dualRim" isLeft="true" hasTireTracks="true" hasParticles="true" >
                        <physics restLoad="0.7" repr="wheel2right"  forcePointRatio="0.5" initialCompression="10" suspTravel="0.2" spring="100" damper="30" />
                        <additionalWheel filename="extra/_11R24_5.xml" isLeft="true" configId="dual" offset="0.1" hasParticles="true"/>
                    </wheel>
					<wheel filename="extra/_11R24_5.xml" configId="dualRim" isLeft="false" hasTireTracks="true" hasParticles="true" >
                        <physics restLoad="0.7" repr="wheel3left"  forcePointRatio="0.5" initialCompression="10" suspTravel="0.14" spring="100" damper="30" />
                        <additionalWheel filename="extra/_11R24_5.xml" isLeft="false" configId="dual" offset="0.1" hasParticles="true"/>
						<steeringAxle scale="-0.3" rotMax="10" rotMin="-10" />
                    </wheel>
					<wheel filename="extra/_11R24_5.xml" configId="dualRim" isLeft="true" hasTireTracks="true" hasParticles="true" >
                        <physics restLoad="0.7" repr="wheel3right"  forcePointRatio="0.5" initialCompression="10" suspTravel="0.14" spring="100" damper="30" />
                        <additionalWheel filename="extra/_11R24_5.xml" isLeft="true" configId="dual" offset="0.1" hasParticles="true"/>
						<steeringAxle scale="-0.3" rotMax="10" rotMin="-10" />
                    </wheel>
                </wheels>
            </wheelConfiguration>
			<wheelConfiguration name="$l10n_configuration_valueTwinWheelsAll" brand="TRELLEBORG" price="0">
                <wheels>
                    <wheel filename="$data/shared/wheels/trelleborg/TH400/400_70R20.xml" isLeft="false" hasTireTracks="true" hasParticles="true" >
                        <physics restLoad="0.7" repr="wheel1left"  forcePointRatio="0.5" initialCompression="10" suspTravel="0.2" spring="100" damper="30" />
						<additionalWheel filename="extra/400_70R20.xml" isLeft="false" configId="dual" offset="0.1" hasParticles="true"/>
                    </wheel>
					<wheel filename="$data/shared/wheels/trelleborg/TH400/400_70R20.xml" isLeft="true" hasTireTracks="true" hasParticles="true" >
                        <physics restLoad="0.7" repr="wheel1right"  forcePointRatio="0.5" initialCompression="10" suspTravel="0.2" spring="100" damper="30" />
						<additionalWheel filename="extra/400_70R20.xml" isLeft="true" configId="dual" offset="0.1" hasParticles="true"/>
                    </wheel>
					<wheel filename="$data/shared/wheels/trelleborg/TH400/400_70R20.xml" isLeft="false" hasTireTracks="true" hasParticles="true" >
                        <physics restLoad="0.7" repr="wheel2left"  forcePointRatio="0.5" initialCompression="10" suspTravel="0.2" spring="100" damper="30" />
						<additionalWheel filename="extra/400_70R20.xml" isLeft="false" configId="dual" offset="0.1" hasParticles="true"/>
                    </wheel>
					<wheel filename="$data/shared/wheels/trelleborg/TH400/400_70R20.xml" isLeft="true" hasTireTracks="true" hasParticles="true" >
                        <physics restLoad="0.7" repr="wheel2right"  forcePointRatio="0.5" initialCompression="10" suspTravel="0.2" spring="100" damper="30" />
						<additionalWheel filename="extra/400_70R20.xml" isLeft="true" configId="dual" offset="0.1" hasParticles="true"/>
                    </wheel>
					<wheel filename="$data/shared/wheels/trelleborg/TH400/400_70R20.xml" isLeft="false" hasTireTracks="true" hasParticles="true" >
                        <physics restLoad="0.7" repr="wheel3left"  forcePointRatio="0.5" initialCompression="10" suspTravel="0.14" spring="100" damper="30" />
						<additionalWheel filename="extra/400_70R20.xml" isLeft="false" configId="dual" offset="0.1" hasParticles="true"/>
						<steeringAxle scale="-0.3" rotMax="10" rotMin="-10" />
                    </wheel>
					<wheel filename="$data/shared/wheels/trelleborg/TH400/400_70R20.xml" isLeft="true" hasTireTracks="true" hasParticles="true" >
                        <physics restLoad="0.7" repr="wheel3right"  forcePointRatio="0.5" initialCompression="10" suspTravel="0.14" spring="100" damper="30" />
						<additionalWheel filename="extra/400_70R20.xml" isLeft="true" configId="dual" offset="0.1" hasParticles="true"/>
						<steeringAxle scale="-0.3" rotMax="10" rotMin="-10" />
                    </wheel>
                </wheels>
				<objectChange node="wheel1left" translationActive="-0.99 0 -1.253" />
				<objectChange node="wheel2left" translationActive="-0.99 0 -0.004" />
				<objectChange node="wheel3left" translationActive="-0.99 0 1.253" />
				<objectChange node="wheel1right" translationActive="0.99 0 -1.253" />
				<objectChange node="wheel2right" translationActive="0.99 0 -0.004" />
				<objectChange node="wheel3right" translationActive="0.99 0 1.253" />
            </wheelConfiguration>
			<wheelConfiguration name="$l10n_configuration_valueDefault" brand="TRELLEBORG" price="0">
                <wheels>
                    <wheel filename="$data/shared/wheels/trelleborg/TH400/400_70R20.xml" isLeft="false" hasTireTracks="true" hasParticles="true" >
                        <physics restLoad="0.7" repr="wheel1left"  forcePointRatio="0.5" initialCompression="10" suspTravel="0.2" spring="100" damper="30" />
                    </wheel>
					<wheel filename="$data/shared/wheels/trelleborg/TH400/400_70R20.xml" isLeft="true" hasTireTracks="true" hasParticles="true" >
                        <physics restLoad="0.7" repr="wheel1right"  forcePointRatio="0.5" initialCompression="10" suspTravel="0.2" spring="100" damper="30" />
                    </wheel>
					<wheel filename="$data/shared/wheels/trelleborg/TH400/400_70R20.xml" isLeft="false" hasTireTracks="true" hasParticles="true" >
                        <physics restLoad="0.7" repr="wheel2left"  forcePointRatio="0.5" initialCompression="10" suspTravel="0.2" spring="100" damper="30" />
                    </wheel>
					<wheel filename="$data/shared/wheels/trelleborg/TH400/400_70R20.xml" isLeft="true" hasTireTracks="true" hasParticles="true" >
                        <physics restLoad="0.7" repr="wheel2right"  forcePointRatio="0.5" initialCompression="10" suspTravel="0.2" spring="100" damper="30" />
                    </wheel>
					<wheel filename="$data/shared/wheels/trelleborg/TH400/400_70R20.xml" isLeft="false" hasTireTracks="true" hasParticles="true" >
                        <physics restLoad="0.7" repr="wheel3left"  forcePointRatio="0.5" initialCompression="10" suspTravel="0.14" spring="100" damper="30" />
						<steeringAxle scale="-0.3" rotMax="10" rotMin="-10" />
                    </wheel>
					<wheel filename="$data/shared/wheels/trelleborg/TH400/400_70R20.xml" isLeft="true" hasTireTracks="true" hasParticles="true" >
                        <physics restLoad="0.7" repr="wheel3right"  forcePointRatio="0.5" initialCompression="10" suspTravel="0.14" spring="100" damper="30" />
						<steeringAxle scale="-0.3" rotMax="10" rotMin="-10" />
                    </wheel>
                </wheels>
            </wheelConfiguration><wheelConfiguration name="$l10n_configuration_valueDefault" brand="MICHELIN" price="0">
                <wheels>
                    <wheel filename="$data/shared/wheels/michelin/cargoXBibHD/560_45R22_5.xml" isLeft="false" hasTireTracks="true" hasParticles="true" >
                        <physics restLoad="0.7" repr="wheel1left"  forcePointRatio="0.5" initialCompression="10" suspTravel="0.2" spring="100" damper="30" />
                    </wheel>
					<wheel filename="$data/shared/wheels/michelin/cargoXBibHD/560_45R22_5.xml" isLeft="true" hasTireTracks="true" hasParticles="true" >
                        <physics restLoad="0.7" repr="wheel1right"  forcePointRatio="0.5" initialCompression="10" suspTravel="0.2" spring="100" damper="30" />
                    </wheel>
					<wheel filename="$data/shared/wheels/michelin/cargoXBibHD/560_45R22_5.xml" isLeft="false" hasTireTracks="true" hasParticles="true" >
                        <physics restLoad="0.7" repr="wheel2left"  forcePointRatio="0.5" initialCompression="10" suspTravel="0.2" spring="100" damper="30" />
                    </wheel>
					<wheel filename="$data/shared/wheels/michelin/cargoXBibHD/560_45R22_5.xml" isLeft="true" hasTireTracks="true" hasParticles="true" >
                        <physics restLoad="0.7" repr="wheel2right"  forcePointRatio="0.5" initialCompression="10" suspTravel="0.2" spring="100" damper="30" />
                    </wheel>
					<wheel filename="$data/shared/wheels/michelin/cargoXBibHD/560_45R22_5.xml" isLeft="false" hasTireTracks="true" hasParticles="true" >
                        <physics restLoad="0.7" repr="wheel3left"  forcePointRatio="0.5" initialCompression="10" suspTravel="0.14" spring="100" damper="30" />
						<steeringAxle scale="-0.3" rotMax="10" rotMin="-10" />
                    </wheel>
					<wheel filename="$data/shared/wheels/michelin/cargoXBibHD/560_45R22_5.xml" isLeft="true" hasTireTracks="true" hasParticles="true" >
                        <physics restLoad="0.7" repr="wheel3right"  forcePointRatio="0.5" initialCompression="10" suspTravel="0.14" spring="100" damper="30" />
						<steeringAxle scale="-0.3" rotMax="10" rotMin="-10" />
                    </wheel>
                </wheels>
            </wheelConfiguration>
        </wheelConfigurations>
		<hubs>
            <color0>0.05 0.05 0.05 6</color0>
			<color1>FENDT_GREY1</color1>
            <hub linkNode="wheel1left"  filename="$data/shared/wheels/hubs/hub_n10_5.xml" isLeft="false"  scale="0.335 0.335 0.335" />
            <hub linkNode="wheel1right" filename="$data/shared/wheels/hubs/hub_n10_5.xml" isLeft="true" scale="0.335 0.335 0.335" />
            <hub linkNode="wheel2left"   filename="$data/shared/wheels/hubs/hub_n10_5.xml" isLeft="false"  scale="0.335 0.335 0.335" />
            <hub linkNode="wheel2right"  filename="$data/shared/wheels/hubs/hub_n10_5.xml" isLeft="true" scale="0.335 0.335 0.335" />	
            <hub linkNode="wheel3left"   filename="$data/shared/wheels/hubs/hub_n10_5.xml" isLeft="false"  scale="0.335 0.335 0.335" />
            <hub linkNode="wheel3right"  filename="$data/shared/wheels/hubs/hub_n10_5.xml" isLeft="true" scale="0.335 0.335 0.335" />			
        </hubs>
		<rimColor material="0">0.294 0.294 0.294</rimColor>
    </wheels>

    <attachable>
        <inputAttacherJoints>
            <inputAttacherJoint node="attacherJoint" jointType="semitrailer" upperRotationOffset="0"/>
        </inputAttacherJoints>
        <brakeForce>0.8</brakeForce>
		<steeringAxleAngleScale startSpeed="0" endSpeed="90" backwards="true"/>
		<support animationName="support"/>
    </attachable>

	<animations>	
		<animation name="support">
			<part node="rest"	startTime="0"	endTime="0.1"	startScale="1 1 1"	endScale="0 0 0"/>
			<part node="support"	startTime="0.1"	endTime="0"	startScale="0 0 0"	endScale="1 1 1"/>
		</animation>
		<animation name="rampss">
			<part node="chains"	startTime="0.45"	endTime="0.45"	startScale="1 1 1"	endScale="0 0 0"/>
			<part node="topramps"	startTime="0"	endTime="0.4"	startRot="192 0 0"	endRot="5.767 0 0"/>
			<part node="ramps"	startTime="0.45"	endTime="1"	startRot="-4 0 0"	endRot="102 0 0"/>
		</animation>
    </animations>

	
    <cylindered>
		<movingTools>
			<movingTool node="chains" foldMinLimit="0" foldMaxLimit="1" playSound="true" isEasyControlTarget="true">
                <controls axis="AXIS_FRONTLOADER_TOOL" invertAxis="true" mouseSpeedFactor="0.5" iconName="CRANE_ARM1_ROTATE_X"/>
                <animation animStartTime="0.01" animSpeed="0.2" animAcceleration="1" animName="rampss"/>
				<dependentPart node="topCylinder" />
				<dependentPart node="cylinderRamps"/>
				<dependentPart node="topramps"/>
            </movingTool>
		</movingTools>
        <movingParts>
			<movingPart node="topCylinder" referencePoint="topTranspoint" referenceFrame="topTranspoint">
			    <translatingPart node="topCylinderMove"/>
            </movingPart>
			<movingPart node="cylinderRamps" referencePoint="rampTranspoint" referenceFrame="rampTranspoint">
			    <translatingPart node="cylinderRampsMove"/>
            </movingPart>
        </movingParts>
        <sounds>
            <hydraulic template="DEFAULT_HYDRAULIC_SOUND" linkNode="ramps"/>
        </sounds>
    </cylindered>
	
	<lights>
        <sharedLight linkNode="backlightLeft1"  filename="lights/rear3ChamberLight_03_left.xml" />
        <sharedLight linkNode="backlightLeft2"  filename="lights/rear3ChamberLight_032_left.xml" />
        <sharedLight linkNode="backlightLeft3"  filename="lights/rear3ChamberLight_0321_left.xml" />
        <sharedLight linkNode="backlightRight1" filename="lights/rear3ChamberLight_03_right.xml" />
        <sharedLight linkNode="backlightRight2" filename="lights/rear3ChamberLight_032_right.xml" />
        <sharedLight linkNode="backlightRight3" filename="lights/rear3ChamberLight_0321_right.xml" />
		<sharedLight linkNode="sideMarker1" filename="$data/shared/assets/lights/lizard/sideMarker_02_right.xml" />
		<sharedLight linkNode="sideMarker2" filename="$data/shared/assets/lights/lizard/sideMarker_02_left.xml" />
		
		<beaconLights>
            <beaconLight node="beacon" filename="$data/shared/assets/beaconLights/lizard/beaconLight06.xml"/>
        </beaconLights>
		
		<realLights>
            <high>
                <light node="light" lightTypes="0"/>
                <turnLightLeft node="lightleft"/>
                <turnLightRight node="lightright"/>
                <brakeLight node="light"/>
            </high>
        </realLights>
	</lights>

	<tensionBelts>
        <tensionBeltsConfigurations>
            <tensionBeltsConfiguration>
                <tensionBelts linkNode="tensionBelts" rootNode="visuals" jointNode="0>" width="0.075" maxEdgeLength="0.1" geometryBias="0.01" ratchetPosition="0.2" defaultOffset="-0.45" defaultOffsetSide="0.1" defaultHeight="3" interactionRadius="1.75" totalInteractionRadius="3.5" activationTrigger="beltActivationTrigger">
                    <tensionBelt startNode="beltStart01" endNode="beltEnd01" offsetLeft="0.85"/>
                    <tensionBelt startNode="beltStart02" endNode="beltEnd02"/>
                    <tensionBelt startNode="beltStart03" endNode="beltEnd03"/>
                    <tensionBelt startNode="beltStart04" endNode="beltEnd04"/>
                    <tensionBelt startNode="beltStart05" endNode="beltEnd05"/>
                    <tensionBelt startNode="beltStart06" endNode="beltEnd06"/>
                    <tensionBelt startNode="beltStart07" endNode="beltEnd07"/>
                    <tensionBelt startNode="beltStart08" endNode="beltEnd08" offsetRight="0.85"/>
					<tensionBelt startNode="beltStart09" endNode="beltEnd09"/>
					<tensionBelt startNode="beltStart10" endNode="beltEnd10"/>
					<tensionBelt startNode="beltStart11" endNode="beltEnd11"/>
					<tensionBelt startNode="beltStart12" endNode="beltEnd12"/>
					<tensionBelt startNode="beltStart13" endNode="beltEnd13"/>
                </tensionBelts>
            </tensionBeltsConfiguration>
        </tensionBeltsConfigurations>
    </tensionBelts>
	
	<baseMaterial>
        <material name="lowloader" baseNode="visuals">
            <shaderParameter name="colorMat0" material="0" value="0.3 0.0 0.0 0"/>
        </material>
    </baseMaterial>

	<baseMaterialConfigurations useDefaultColors="true" defaultColorIndex="0">
        <baseMaterialConfiguration name="Default" color="0.3 0.0 0.0 0"/>
        <material name="lowloader" shaderParameter="colorMat0" />
    </baseMaterialConfigurations>

    <foliageBending>
        <bendingNode minX="-1.26" maxX="1.26" minZ="-5.35" maxZ="4.8" yOffset="0.35" />
    </foliageBending>
	
	<wearable wearDuration="480" workMultiplier="5" fieldMultiplier="2"/>
    <washable dirtDuration="90" washDuration="1" workMultiplier="3" fieldMultiplier="2"/>

	<i3dMappings>
		<i3dMapping id="visuals" node="0>0"/>
		<i3dMapping id="ramps" node="0>0|0"/>
		<i3dMapping id="topramps" node="0>0|0|0"/>
		<i3dMapping id="topTranspoint" node="0>0|0|0|0"/>
		<i3dMapping id="topCylinder" node="0>0|0|1"/>
        <i3dMapping id="topCylinderMove" node="0>0|0|1|0"/>
		<i3dMapping id="topRotPoint" node="0>0|0|2"/>
		<i3dMapping id="rampTranspoint" node="0>0|0|3"/>
		<i3dMapping id="cylinderRamps" node="0>0|1"/>
		<i3dMapping id="cylinderRampsMove" node="0>0|1|0"/>
		<i3dMapping id="chains" node="0>0|2"/>
		<i3dMapping id="attacherJoint" node="0>0|3"/>
		<i3dMapping id="rampRotPoint" node="0>0|4"/>
		<i3dMapping id="sparewheelleft" node="0>0|5|0"/>
		<i3dMapping id="sparewheelright" node="0>0|5|1"/>
		<i3dMapping id="wheel1left" node="0>0|5|2"/>
		<i3dMapping id="wheel1right" node="0>0|5|3"/>
		<i3dMapping id="wheel2left" node="0>0|5|4"/>
		<i3dMapping id="wheel2right" node="0>0|5|5"/>
		<i3dMapping id="wheel3left" node="0>0|5|6"/>
		<i3dMapping id="wheel3right" node="0>0|5|7"/>
		<i3dMapping id="backlightLeft1" node="0>0|6|3"/>
		<i3dMapping id="backlightLeft2" node="0>0|6|4"/>
		<i3dMapping id="backlightLeft3" node="0>0|6|5"/>
		<i3dMapping id="backlightRight1" node="0>0|6|0"/>
		<i3dMapping id="backlightRight2" node="0>0|6|1"/>
		<i3dMapping id="backlightRight3" node="0>0|6|2"/>
		<i3dMapping id="sideMarker1" node="0>0|6|6"/>
		<i3dMapping id="sideMarker2" node="0>0|6|7"/>
		<i3dMapping id="rest" node="0>0|7"/>
		<i3dMapping id="support" node="0>0|8"/>
		<i3dMapping id="beacon" node="0>0|6|10"/>
		<i3dMapping id="light" node="0>0|6|11"/>
		<i3dMapping id="lightleft" node="0>0|6|13"/>
		<i3dMapping id="lightright" node="0>0|6|12"/>
		<i3dMapping id="tensionBelts" node="0>2"/>
		<i3dMapping id="beltStart01" node="0>2|1"/>
		<i3dMapping id="beltStart02" node="0>2|2"/>
		<i3dMapping id="beltStart03" node="0>2|3"/>
		<i3dMapping id="beltStart04" node="0>2|4"/>
		<i3dMapping id="beltStart05" node="0>2|5"/>
		<i3dMapping id="beltStart06" node="0>2|6"/>
		<i3dMapping id="beltStart07" node="0>2|7"/>
		<i3dMapping id="beltStart08" node="0>2|8"/>
		<i3dMapping id="beltEnd01" node="0>2|1|0"/>
		<i3dMapping id="beltEnd02" node="0>2|2|0"/>
		<i3dMapping id="beltEnd03" node="0>2|3|0"/>
		<i3dMapping id="beltEnd04" node="0>2|4|0"/>
		<i3dMapping id="beltEnd05" node="0>2|5|0"/>
		<i3dMapping id="beltEnd06" node="0>2|6|0"/>
		<i3dMapping id="beltEnd07" node="0>2|7|0"/>
		<i3dMapping id="beltEnd08" node="0>2|8|0"/>
		<i3dMapping id="beltActivationTrigger" node="0>2|0"/>
		<i3dMapping id="beltEnd09" node="0>2|9|0"/>
		<i3dMapping id="beltEnd10" node="0>2|10|0"/>
		<i3dMapping id="beltEnd11" node="0>2|11|0"/>
		<i3dMapping id="beltStart09" node="0>2|9"/>
		<i3dMapping id="beltStart10" node="0>2|10"/>
		<i3dMapping id="beltStart11" node="0>2|11"/>
		<i3dMapping id="beltStart12" node="0>2|12"/>
		<i3dMapping id="beltStart13" node="0>2|13"/>
		<i3dMapping id="beltEnd12" node="0>2|12|0"/>
		<i3dMapping id="beltEnd13" node="0>2|13|0"/>
    </i3dMappings>
</vehicle>
