﻿<?xml version="1.0" encoding="utf-8" standalone="no"?>
<modDesc descVersion="51">
<author>LucaModding</author>
<version>1.0.0.0</version>
<title>
<en>Lizard Low Loader</en>
<de>Lizard Tieflader</de>
</title>
<description>
<en>
<![CDATA[
Lizard lowloader 
Ramps are controlled with mousecontrol
Price: 19,995 €
Main color configurations
Wheel configurations
]]>
</en>
<de>
<![CDATA[
Lizard Tieflader 
Rampen werden mit Maussteuerung gesteuert
Preis: 19.995 €
Hauptfarbkonfigurationen
Radkonfigurationen
]]>
</de>
</description>
<iconFilename>icon.png</iconFilename>
<multiplayer supported="true" />
<storeItems>
    <storeItem rootNode="vehicle" xmlFilename="lizard_lowloader.xml"/>
</storeItems>

</modDesc>
