﻿<?xml version="1.0" encoding="utf-8" standalone="no"?>
<vehicle type="transportTrailer">
    <annotation>Copyright (C) GIANTS Software GmbH, All Rights Reserved.</annotation>
    <storeData>
		<name>
			<en>20Ft Gooseneck Trailer</en>
			<de>20ft Schwanenhals Auflieger</de>
		</name>
        <specs>
            <combination>Truck, Dolly</combination>
        </specs>
        <functions>
            <function>$l10n_function_lowLoader</function>
            <function>$l10n_function_semiTrailer</function>
        </functions>
        <image>modStore.dds</image>
        <price>8000</price>
        <lifetime>600</lifetime>
        <rotation>0</rotation>
        <brand>82SL</brand>
        <category>lowloaders</category>
        <shopTranslationOffset>0 -0.04 0</shopTranslationOffset>
        <shopRotationOffset>-0.77 0 0</shopRotationOffset>
        <vertexBufferMemoryUsage>573208</vertexBufferMemoryUsage>
        <indexBufferMemoryUsage>69738</indexBufferMemoryUsage>
        <textureMemoryUsage>16078616</textureMemoryUsage>
        <instanceVertexBufferMemoryUsage>0</instanceVertexBufferMemoryUsage>
        <instanceIndexBufferMemoryUsage>0</instanceIndexBufferMemoryUsage>
    </storeData>
    
	<base>
        <typeDesc>$l10n_typeDesc_trailer</typeDesc>
        <filename>lizardgooseneck.i3d</filename>
        <size width="3" length="9" lengthOffset="0.3"/>
        <components>
            <component centerOfMass="0 0.58 -2" solverIterationCount="30" mass="5370"/>
        </components>
        <schemaOverlay attacherJointPosition="0 0">
            <default name="DEFAULT_IMPLEMENT"/>
            <selected name="DEFAULT_IMPLEMENT_SELECTED"/>
        </schemaOverlay>
    </base>
	
    <wheels>
        <wheelConfigurations>
            <wheelConfiguration name="$l10n_configuration_valueDefault" price="0">
                <wheels>
                    <wheel filename="$data/shared/wheels/lizard/implement/280_55R16.xml" isLeft="true" hasParticles="true">
                        <physics restLoad="0.9" repr="wheelLeftFront" forcePointRatio="0.3" initialCompression="60" suspTravel="0.08" spring="65" damper="42"/>
						<additionalWheel filename="$data/shared/wheels/lizard/implement/280_55R16.xml" isLeft="true" offset="0.1" />
                    </wheel>
                    <wheel filename="$data/shared/wheels/lizard/implement/280_55R16.xml" isLeft="false" hasParticles="true">
                        <physics restLoad="0.9" repr="wheelRightFront" forcePointRatio="0.3" initialCompression="60" suspTravel="0.08" spring="65" damper="42"/>
						<additionalWheel filename="$data/shared/wheels/lizard/implement/280_55R16.xml" isLeft="false" offset="0.1" />
                    </wheel>
                    <wheel filename="$data/shared/wheels/lizard/implement/280_55R16.xml" isLeft="true" hasTireTracks="true">
                        <physics restLoad="0.9" repr="wheelLeftMiddle" forcePointRatio="0.3" initialCompression="38" suspTravel="0.08" spring="65" damper="42"/>
                        <wheelChock parkingNode="wheelChock01"/>
                        <wheelChock parkingNode="wheelChock02" isInverted="true"/>
						<additionalWheel filename="$data/shared/wheels/lizard/implement/280_55R16.xml" isLeft="true" offset="0.1" />
                    </wheel>
                    <wheel filename="$data/shared/wheels/lizard/implement/280_55R16.xml" isLeft="false" hasTireTracks="true">
                        <physics restLoad="0.9" repr="wheelRightMiddle" forcePointRatio="0.3" initialCompression="38" suspTravel="0.08" spring="65" damper="42"/>
						<additionalWheel filename="$data/shared/wheels/lizard/implement/280_55R16.xml" isLeft="false" offset="0.1" />
                    </wheel>
                </wheels>
				
				<objectChange node="wheelLeftFrontHub1" visibilityActive="false" visibilityInactive="true"/>
                <objectChange node="wheelRightFrontHub1" visibilityActive="false" visibilityInactive="true"/>
                <objectChange node="wheelLeftMiddleHub1" visibilityActive="false" visibilityInactive="true"/>
                <objectChange node="wheelRightMiddleHub1" visibilityActive="false" visibilityInactive="true"/>
            </wheelConfiguration>
			<wheelConfiguration name="Nokian" price="600">
                <wheels>
                    <wheel filename="$data/shared/wheels/nokian/TRI2/250_75R16.xml" isLeft="true" hasParticles="true">
                        <physics restLoad="1.0" repr="wheelLeftFront" forcePointRatio="0.3" initialCompression="37" suspTravel="0.20" spring="40" damper="42"/>
						<additionalWheel filename="$data/shared/wheels/nokian/TRI2/250_75R16.xml" configId="trailer" isLeft="true" offset="0.1" />
                    </wheel>
                    <wheel filename="$data/shared/wheels/nokian/TRI2/250_75R16.xml" isLeft="false" hasParticles="true">
                        <physics restLoad="1.0" repr="wheelRightFront" forcePointRatio="0.3" initialCompression="37" suspTravel="0.20" spring="40" damper="42"/>
						<additionalWheel filename="$data/shared/wheels/nokian/TRI2/250_75R16.xml" configId="trailer" isLeft="false" offset="0.1" />
                    </wheel>
                    <wheel filename="$data/shared/wheels/nokian/TRI2/250_75R16.xml" isLeft="true" hasTireTracks="true">
                        <physics restLoad="1.0" repr="wheelLeftMiddle" forcePointRatio="0.3" initialCompression="31" suspTravel="0.17" spring="40" damper="42"/>
						<additionalWheel filename="$data/shared/wheels/nokian/TRI2/250_75R16.xml" configId="trailer" isLeft="true" offset="0.1" />
						
                        <wheelChock parkingNode="wheelChock01"/>
                        <wheelChock parkingNode="wheelChock02" isInverted="true"/>
                    </wheel>
                    <wheel filename="$data/shared/wheels/nokian/TRI2/250_75R16.xml" isLeft="false" hasTireTracks="true">
                        <physics restLoad="1.0" repr="wheelRightMiddle" forcePointRatio="0.3" initialCompression="31" suspTravel="0.17" spring="40" damper="42"/>
						<additionalWheel filename="$data/shared/wheels/nokian/TRI2/250_75R16.xml" configId="trailer" isLeft="false" offset="0.1" />
                    </wheel>
                </wheels>
				
				<objectChange node="wheelLeftFrontHub" visibilityActive="false" visibilityInactive="true"/>
                <objectChange node="wheelRightFrontHub" visibilityActive="false" visibilityInactive="true"/>
                <objectChange node="wheelLeftMiddleHub" visibilityActive="false" visibilityInactive="true"/>
                <objectChange node="wheelRightMiddleHub" visibilityActive="false" visibilityInactive="true"/>
				<objectChange node="wheelLeftFrontHub1" visibilityActive="false" visibilityInactive="true"/>
                <objectChange node="wheelRightFrontHub1" visibilityActive="false" visibilityInactive="true"/>
                <objectChange node="wheelLeftMiddleHub1" visibilityActive="false" visibilityInactive="true"/>
                <objectChange node="wheelRightMiddleHub1" visibilityActive="false" visibilityInactive="true"/>
            </wheelConfiguration>
            <wheelConfiguration name="$l10n_configuration_valueWheelBroad" price="600">
                <wheels>
                    <wheel filename="$data/shared/wheels/trelleborg/T404/400_60R15_5.xml" isLeft="true" hasParticles="true">
                        <physics restLoad="1.0" repr="wheelLeftFront" forcePointRatio="0.3" initialCompression="37" suspTravel="0.20" spring="40" damper="42"/>
                    </wheel>
                    <wheel filename="$data/shared/wheels/trelleborg/T404/400_60R15_5.xml" isLeft="false" hasParticles="true">
                        <physics restLoad="1.0" repr="wheelRightFront" forcePointRatio="0.3" initialCompression="37" suspTravel="0.20" spring="40" damper="42"/>
                    </wheel>
                    <wheel filename="$data/shared/wheels/trelleborg/T404/400_60R15_5.xml" isLeft="true" hasTireTracks="true">
                        <physics restLoad="1.0" repr="wheelLeftMiddle" forcePointRatio="0.3" initialCompression="31" suspTravel="0.17" spring="40" damper="42"/>
                        <wheelChock parkingNode="wheelChock01"/>
                        <wheelChock parkingNode="wheelChock02" isInverted="true"/>
                    </wheel>
                    <wheel filename="$data/shared/wheels/trelleborg/T404/400_60R15_5.xml" isLeft="false" hasTireTracks="true">
                        <physics restLoad="1.0" repr="wheelRightMiddle" forcePointRatio="0.3" initialCompression="31" suspTravel="0.17" spring="40" damper="42"/>
                    </wheel>
                </wheels>
				
				<objectChange node="wheelLeftFront" 	translationActive="1.1 0.531263 -1.286" translationInactive="0.86 0.531263 -1.286"/>
				<objectChange node="wheelRightFront" 	translationActive="-1.1 0.531263 -1.286" translationInactive="-0.86 0.531263 -1.286"/>
				<objectChange node="wheelLeftMiddle" 	translationActive="1.1 0.531218 -2.686" translationInactive="0.86 0.531218 -2.686"/>
				<objectChange node="wheelRightMiddle" 	translationActive="-1.1 0.531218 -2.686" translationInactive="-0.86 0.531218 -2.686"/>
				
				<objectChange node="wheelLeftFrontHub" visibilityActive="false" visibilityInactive="true"/>
                <objectChange node="wheelRightFrontHub" visibilityActive="false" visibilityInactive="true"/>
                <objectChange node="wheelLeftMiddleHub" visibilityActive="false" visibilityInactive="true"/>
                <objectChange node="wheelRightMiddleHub" visibilityActive="false" visibilityInactive="true"/>
            </wheelConfiguration>
        </wheelConfigurations>
		
        <hubs>
            <hub linkNode="wheelLeftFrontHub" 	filename="$data/shared/wheels/hubs/hub_n10_5.xml" isLeft="true"  	scale="0.2 0.2 0.2" />
            <hub linkNode="wheelRightFrontHub" 	filename="$data/shared/wheels/hubs/hub_n10_5.xml" isLeft="false"  	scale="0.2 0.2 0.2" />
            <hub linkNode="wheelLeftMiddleHub" 	filename="$data/shared/wheels/hubs/hub_n10_5.xml" isLeft="true"  	scale="0.2 0.2 0.2" />
            <hub linkNode="wheelRightMiddleHub" filename="$data/shared/wheels/hubs/hub_n10_5.xml" isLeft="false"  	scale="0.2 0.2 0.2" />
			
			<hub linkNode="wheelLeftFrontHub1" 		filename="$data/shared/wheels/hubs/hub_n10_8.xml" isLeft="true"  	scale="0.2 0.2 0.2" />
            <hub linkNode="wheelRightFrontHub1" 	filename="$data/shared/wheels/hubs/hub_n10_8.xml" isLeft="false"  	scale="0.2 0.2 0.2" />
            <hub linkNode="wheelLeftMiddleHub1" 	filename="$data/shared/wheels/hubs/hub_n10_8.xml" isLeft="true"  	scale="0.2 0.2 0.2" />
            <hub linkNode="wheelRightMiddleHub1" 	filename="$data/shared/wheels/hubs/hub_n10_8.xml" isLeft="false"  	scale="0.2 0.2 0.2" />
        </hubs>
		
    </wheels>
    
	<dynamicallyLoadedParts>
        <dynamicallyLoadedPart node="0" linkNode="chockSupport01" filename="$data/shared/assets/wheelChocks/wheelChockSupport01.i3d"/>
        <dynamicallyLoadedPart node="0" linkNode="chockSupport02" filename="$data/shared/assets/wheelChocks/wheelChockSupport01.i3d"/>
		<dynamicallyLoadedPart node="0" linkNode="extinguisher" filename="$data/shared/assets/extinguisher.i3d"/>
		
		<dynamicallyLoadedPart node="0" linkNode="beltStart1" filename="locals/tensionHook.i3d"/>
		<dynamicallyLoadedPart node="0" linkNode="beltStart2" filename="locals/tensionHook.i3d"/>
		<dynamicallyLoadedPart node="0" linkNode="beltStart3" filename="locals/tensionHook.i3d"/>
		<dynamicallyLoadedPart node="0" linkNode="beltStart4" filename="locals/tensionHook.i3d"/>
		<dynamicallyLoadedPart node="0" linkNode="beltStart5" filename="locals/tensionHook.i3d"/>
		<dynamicallyLoadedPart node="0" linkNode="beltStart6" filename="locals/tensionHook.i3d"/>
		<dynamicallyLoadedPart node="0" linkNode="beltStart7" filename="locals/tensionHook.i3d"/>
		<dynamicallyLoadedPart node="0" linkNode="beltEnd1" filename="locals/tensionHook.i3d"/>
		<dynamicallyLoadedPart node="0" linkNode="beltEnd2" filename="locals/tensionHook.i3d"/>
		<dynamicallyLoadedPart node="0" linkNode="beltEnd3" filename="locals/tensionHook.i3d"/>
		<dynamicallyLoadedPart node="0" linkNode="beltEnd4" filename="locals/tensionHook.i3d"/>
		<dynamicallyLoadedPart node="0" linkNode="beltEnd5" filename="locals/tensionHook.i3d"/>
		<dynamicallyLoadedPart node="0" linkNode="beltEnd6" filename="locals/tensionHook.i3d"/>
		<dynamicallyLoadedPart node="0" linkNode="beltEnd7" filename="locals/tensionHook.i3d"/>		
    </dynamicallyLoadedParts>
    
	<attachable>
		<inputAttacherJointConfigurations>
			<inputAttacherJointConfiguration name="$l10n_configuration_gooseneck" price="1000">
                <inputAttacherJoint node="gooseneckAttacherJoint" jointType="semitrailer" upperRotationOffset="0"/>
				<objectChange node="gooseneck_grp" visibilityActive="true" visibilityInactive="false" />
				
				<objectChange node="col_bumperpull1" compoundChildActive="false"/>
				<objectChange node="col_bumperpull2" compoundChildActive="false"/>
            </inputAttacherJointConfiguration>
			<inputAttacherJointConfiguration name="$l10n_configuration_bumperpull" price="1000">
				<inputAttacherJoint node="bumperPullAttacherJoint" jointType="trailer" upperRotationOffset="0"/>
                <inputAttacherJoint node="bumperPullAttacherJoint" jointType="trailerLow" upperRotationOffset="0"/>
				<objectChange node="bumper_pull_grp" visibilityActive="true" visibilityInactive="false" />
				
				<objectChange node="col_neck" compoundChildActive="false"/>
				<objectChange node="col_front" compoundChildActive="false"/>
            </inputAttacherJointConfiguration>
        </inputAttacherJointConfigurations>
		
		<support animationName="moveSupport"/>
        <brakeForce>0.6</brakeForce>
    </attachable>
    
	<lights>
        <sharedLight linkNode="frontLightCone_01_1" filename="$data/shared/assets/lights/lizard/frontLightCone_01.xml"/>
        <sharedLight linkNode="frontLightCone_01_2" filename="$data/shared/assets/lights/lizard/frontLightCone_01.xml"/>
		
        <sharedLight linkNode="sideMarker_03_left" 	filename="locals/sideMarker_03_left.xml"/>
        <sharedLight linkNode="sideMarker_03_right" filename="locals/sideMarker_03_right.xml"/>
		
		<sharedLight linkNode="sideMarker_09_L1" 	filename="$data/shared/assets/lights/lizard/sideMarker_09Orange.xml"/>
		<sharedLight linkNode="sideMarker_09_L2" 	filename="$data/shared/assets/lights/lizard/sideMarker_09Orange.xml"/>
		<sharedLight linkNode="sideMarker_09_L3" 	filename="$data/shared/assets/lights/lizard/sideMarker_09Orange.xml"/>
		<sharedLight linkNode="sideMarker_09_L4" 	filename="$data/shared/assets/lights/lizard/sideMarker_09Orange.xml"/>
		<sharedLight linkNode="sideMarker_09_L5" 	filename="$data/shared/assets/lights/lizard/sideMarker_09Orange.xml"/>
		<sharedLight linkNode="sideMarker_09_L6" 	filename="$data/shared/assets/lights/lizard/sideMarker_09Orange.xml"/>
		<sharedLight linkNode="sideMarker_09_L7" 	filename="$data/shared/assets/lights/lizard/sideMarker_09Orange.xml"/>
		<sharedLight linkNode="sideMarker_09_L8" 	filename="$data/shared/assets/lights/lizard/sideMarker_09Orange.xml"/>
		<sharedLight linkNode="sideMarker_09_L9" 	filename="$data/shared/assets/lights/lizard/sideMarker_09Orange.xml"/>
		<sharedLight linkNode="sideMarker_09_L10" 	filename="$data/shared/assets/lights/lizard/sideMarker_09Orange.xml"/>
		<sharedLight linkNode="sideMarker_09_L11" 	filename="$data/shared/assets/lights/lizard/sideMarker_09Orange.xml"/>
		<sharedLight linkNode="sideMarker_09_L12" 	filename="$data/shared/assets/lights/lizard/sideMarker_09Orange.xml"/>
		<sharedLight linkNode="sideMarker_09_R1" 	filename="$data/shared/assets/lights/lizard/sideMarker_09Orange.xml"/>
		<sharedLight linkNode="sideMarker_09_R2" 	filename="$data/shared/assets/lights/lizard/sideMarker_09Orange.xml"/>
		<sharedLight linkNode="sideMarker_09_R3" 	filename="$data/shared/assets/lights/lizard/sideMarker_09Orange.xml"/>
		<sharedLight linkNode="sideMarker_09_R4" 	filename="$data/shared/assets/lights/lizard/sideMarker_09Orange.xml"/>
		<sharedLight linkNode="sideMarker_09_R5" 	filename="$data/shared/assets/lights/lizard/sideMarker_09Orange.xml"/>
		<sharedLight linkNode="sideMarker_09_R6" 	filename="$data/shared/assets/lights/lizard/sideMarker_09Orange.xml"/>
		<sharedLight linkNode="sideMarker_09_R7" 	filename="$data/shared/assets/lights/lizard/sideMarker_09Orange.xml"/>
		<sharedLight linkNode="sideMarker_09_R8" 	filename="$data/shared/assets/lights/lizard/sideMarker_09Orange.xml"/>
		<sharedLight linkNode="sideMarker_09_R9" 	filename="$data/shared/assets/lights/lizard/sideMarker_09Orange.xml"/>
		<sharedLight linkNode="sideMarker_09_R10" 	filename="$data/shared/assets/lights/lizard/sideMarker_09Orange.xml"/>
		<sharedLight linkNode="sideMarker_09_R11" 	filename="$data/shared/assets/lights/lizard/sideMarker_09Orange.xml"/>
		<sharedLight linkNode="sideMarker_09_R12" 	filename="$data/shared/assets/lights/lizard/sideMarker_09Orange.xml"/>
		
		<sharedLight linkNode="rearLightOvalLEDRed_01_L" 	filename="$data/shared/assets/lights/lizard/rearLightOvalLEDRed_01.xml"/>
		<sharedLight linkNode="rearLightOvalLEDRed_01_R" 	filename="$data/shared/assets/lights/lizard/rearLightOvalLEDRed_01.xml"/>
		<sharedLight linkNode="rearLightOvalLEDWhite_01_L" 	filename="locals/rearLightOvalLEDWhite_01.xml"/>
		<sharedLight linkNode="rearLightOvalLEDWhite_01_R" 	filename="locals/rearLightOvalLEDWhite_01.xml"/>
		
        <realLights>
            <high>
                <light node="backLightsHigh" lightTypes="0"/>
                <turnLightLeft node="turnLightLeftBack"/>
                <turnLightRight node="turnLightRightBack"/>
                <brakeLight node="backLightsHigh"/>
                <reverseLight node="reverseLight"/>
            </high>
        </realLights>
    </lights>
	
    <animations>
        <animation name="moveSupport">
            <part node="trailer_legs" startTime="0" endTime="1" startTrans="0 1.091 3.6" endTrans="0 0.453 3.6"/>
			<part node="col_legs" startTime="0" endTime="1" startTrans="0 1.091 3.6" endTrans="0 0.454 3.6"/>
        </animation>
		<animation name="foldRamps">
            <part node="ramps_hinge" startTime="0" endTime="1.5" startRot="0 0 0" endRot="-45 0 0"/>
			<part node="ramps" startTime="1" endTime="2.5" startRot="0 0 0" endRot="-135 0 0"/>
			
			<part node="ramps_hinge_axis" startTime="0" endTime="1.5" startRot="0 0 0" endRot="-45 0 0"/>
			<part node="ramps_axis" startTime="1" endTime="2.5" startRot="0 0 0" endRot="-135 0 0"/>
        </animation>
    </animations>
	
	<foldable>
        <foldingParts>
            <foldingPart animationName="foldRamps" speedScale="1"/>
        </foldingParts>
    </foldable>
	
	<cylindered>
		<movingTools>
			<movingTool node="ramps_hinge" playSound="true"/>
			<movingTool node="ramps" playSound="true"/>
			<movingTool node="gn_attacher">
				<controls axis="AXIS_FRONTLOADER_ARM" icon="$dataS2/menu/moveControls/frontloader_tool.png" invertAxis="false" invertMouseAxis="true" speedFactor="0.8"/>
				<inputAttacherJoint value="true" />
				<translation transSpeed=".5" transAcceleration="5" transMax="0.285" transMin="-0.084" startTrans="0.053" translationAxis="2"/>
			</movingTool>
			
			<movingTool node="trailer_legs" delayedNode="col_legs" playSound="true">
				<controls axis="AXIS_FRONTLOADER_TOOL" icon="$dataS2/menu/moveControls/frontloader_tool.png" invertAxis="false" invertMouseAxis="true" speedFactor="0.8"/>
				<inputAttacherJoint value="true" />
				<translation transSpeed=".5" transAcceleration="5" transMax="1.091" transMin="0.453" translationAxis="2"/>
			</movingTool>
			
			<movingTool node="col_legs" playSound="true">
				<translation transSpeed=".5" transAcceleration="5" transMax="1.091" transMin="0.453" translationAxis="2"/>
			</movingTool>
		</movingTools>
		
        <sounds>
            <hydraulic template="DEFAULT_HYDRAULIC_SOUND" linkNode="0>"/>
        </sounds> 
    </cylindered>
	
    <tensionBelts>
        <tensionBeltsConfigurations>
            <tensionBeltsConfiguration>
                <tensionBelts linkNode="tensionBelts" jointNode="trailer_maincomponent1" width="0.075" maxEdgeLength="0.1" geometryBias="0.01" ratchetPosition="0.2" defaultOffset="-0.25" defaultOffsetSide="0.1" defaultHeight="2.75" interactionRadius="1.5" totalInteractionRadius="6.5" activationTrigger="beltActivationTrigger">
                    <tensionBelt startNode="beltStart1" endNode="beltEnd1" offsetLeft="0.95"/>
                    <tensionBelt startNode="beltStart2" endNode="beltEnd2"/>
                    <tensionBelt startNode="beltStart3" endNode="beltEnd3"/>
                    <tensionBelt startNode="beltStart4" endNode="beltEnd4"/>
                    <tensionBelt startNode="beltStart5" endNode="beltEnd5"/>
                    <tensionBelt startNode="beltStart6" endNode="beltEnd6"/>
                    <tensionBelt startNode="beltStart7" endNode="beltEnd7" offsetRight="0.8"/>
                </tensionBelts>
            </tensionBeltsConfiguration>
        </tensionBeltsConfigurations>
    </tensionBelts>
	
    <dynamicMountAttacher triggerNode="dynamicMountTrigger" rootNode="trailer_maincomponent1" jointNode="trailer_maincomponent1" forceAcceleration="30"/>
    
	<foliageBending>
        <bendingNode minX="-1.3" maxX="1.3" minZ="-5.8" maxZ="6.3" yOffset="0.6"/>
    </foliageBending>
    
	<baseMaterial>
        <material name="trailer_mat" baseNode="trailer_frame">
            <shaderParameter name="colorMat0" value="SHARED_GREY2"/>
        </material>
		<material name="bp_attach_mat" baseNode="bp_attacher">
            <shaderParameter name="colorMat0" value="SHARED_GREY2"/>
        </material>
    </baseMaterial>

    <baseMaterialConfigurations useDefaultColors="true" price="1200">
        <baseMaterialConfiguration name="Stock" color="0.017 0.017 0.017" material="6" />
		 
        <baseMaterialConfiguration name="Stainless Steel" color="1 1 1" material="8" />
		<baseMaterialConfiguration name="Dark Steel" color="0.35 0.35 0.40" material="8" />
		<baseMaterialConfiguration name="Aluminum" color="0.65 0.65 0.75" material="3" />
		<baseMaterialConfiguration name="Chrome" color="0.9 0.9 1" material="2"  />
		<baseMaterialConfiguration name="Polished" color="0.95 0.95 1" material="3" />
		 
		<baseMaterialConfiguration name="Old White" color="STOLL_WHITE2" material="6" />
		<baseMaterialConfiguration name="Old Silver" color="SHARED_GREY2" material="6" />
		<baseMaterialConfiguration name="Old Red" color="CASEIH_RED1" material="6" />
		<baseMaterialConfiguration name="Old Grey" color="SHARED_GREY5" material="6" />
		<baseMaterialConfiguration name="Old Orange" color="FLIEGL_ORANGE1" material="6" />
		<baseMaterialConfiguration name="Old Blue" color="NEWHOLLAND_BLUE1" material="6" />
		<baseMaterialConfiguration name="Old Dark Blue" color="HATZENBICHLER_DARKBLUE1" material="6" />
		<baseMaterialConfiguration name="Old Deer Green" color="JOHNDEERE_GREEN1" material="6" />
		<baseMaterialConfiguration name="Old Deer Yellow" color="JOHNDEERE_YELLOW1" material="6" />
		 
		<baseMaterialConfiguration name="New Silver" color="SHARED_GREY2" material="27" />
		<baseMaterialConfiguration name="Scarlet Red" color="CASEIH_RED1" material="27" />
		<baseMaterialConfiguration name="Pearl White" color="STOLL_WHITE2" material="27" />
        <baseMaterialConfiguration name="Gun Metal" color="SHARED_GREY5" material="27" />
		<baseMaterialConfiguration name="Dark Moon" color="0.02 0.02 0.02" material="27" />
		<baseMaterialConfiguration name="Blaze Orange" color="FLIEGL_ORANGE1" material="27" />
		<baseMaterialConfiguration name="Nitro Blue" color="NEWHOLLAND_BLUE1" material="27" />
		<baseMaterialConfiguration name="Deep Blue" color="HATZENBICHLER_DARKBLUE1" material="27" />
		<baseMaterialConfiguration name="Deer Green" color="JOHNDEERE_GREEN1" material="27" />
		<baseMaterialConfiguration name="Deer Yellow" color="JOHNDEERE_YELLOW1" material="27" />
		
        <material name="trailer_mat" shaderParameter="colorMat0" />
		<material name="bp_attach_mat" shaderParameter="colorMat0" />
    </baseMaterialConfigurations>
	
	<rimColorConfigurations useDefaultColors="true" price="300">
        <rimColorConfiguration name="Stainless Steel" color="1 1 1" material="8" />
		<rimColorConfiguration name="Dark Steel" color="0.35 0.35 0.40" material="8" />
		<rimColorConfiguration name="Aluminum" color="0.65 0.65 0.75" material="3" />
		<rimColorConfiguration name="Chrome" color="0.9 0.9 1" material="2"  />
		<rimColorConfiguration name="Polished" color="0.95 0.95 1" material="3" />
		
		<rimColorConfiguration name="New Silver" color="SHARED_GREY2" material="27" />
		<rimColorConfiguration name="Scarlet Red" color="CASEIH_RED1" material="27" />
		<rimColorConfiguration name="Pearl White" color="STOLL_WHITE2" material="27" />
        <rimColorConfiguration name="Gun Metal" color="SHARED_GREY5" material="27" />
		<rimColorConfiguration name="Blaze Orange" color="FLIEGL_ORANGE1" material="27" />
		<rimColorConfiguration name="Nitro Blue" color="NEWHOLLAND_BLUE1" material="27" />
		<rimColorConfiguration name="Deep Blue" color="HATZENBICHLER_DARKBLUE1" material="27" />
		<rimColorConfiguration name="Deer Green" color="JOHNDEERE_GREEN1" material="27" />
		<rimColorConfiguration name="Deer Yellow" color="JOHNDEERE_YELLOW1" material="27" />
		<rimColorConfiguration name="Metallic Manitou" color="MANITOU_RED" material="27" />
	</rimColorConfigurations>
	
	<wearable wearDuration="480" workMultiplier="5" fieldMultiplier="2"/>
    <washable dirtDuration="90" washDuration="1" workMultiplier="3" fieldMultiplier="2"/>

<i3dMappings>
  <i3dMapping id="trailer_maincomponent1" node="0>" />
  <i3dMapping id="trailer_vis" node="0>0" />
  <i3dMapping id="wheels" node="0>0|0" />
  <i3dMapping id="wheelLeftFront" node="0>0|0|0" />
  <i3dMapping id="wheelLeftFrontHub" node="0>0|0|0|0" />
  <i3dMapping id="wheelLeftFrontHub1" node="0>0|0|0|1" />
  <i3dMapping id="wheelLeftMiddle" node="0>0|0|1" />
  <i3dMapping id="wheelLeftMiddleHub" node="0>0|0|1|0" />
  <i3dMapping id="wheelLeftMiddleHub1" node="0>0|0|1|1" />
  <i3dMapping id="wheelRightFront" node="0>0|0|2" />
  <i3dMapping id="wheelRightFrontHub" node="0>0|0|2|0" />
  <i3dMapping id="wheelRightFrontHub1" node="0>0|0|2|1" />
  <i3dMapping id="wheelRightMiddle" node="0>0|0|3" />
  <i3dMapping id="wheelRightMiddleHub" node="0>0|0|3|0" />
  <i3dMapping id="wheelRightMiddleHub1" node="0>0|0|3|1" />
  <i3dMapping id="wheelChocks" node="0>0|0|4" />
  <i3dMapping id="chockSupport01" node="0>0|0|4|0" />
  <i3dMapping id="chockSupport02" node="0>0|0|4|1" />
  <i3dMapping id="wheelChock01" node="0>0|0|4|2" />
  <i3dMapping id="wheelChock02" node="0>0|0|4|3" />
  <i3dMapping id="trailer_frame" node="0>0|1" />
  <i3dMapping id="axles" node="0>0|1|0" />
  <i3dMapping id="trailer_diamond_plates" node="0>0|1|1" />
  <i3dMapping id="trailer_wood" node="0>0|1|2" />
  <i3dMapping id="trailer_wood_screws" node="0>0|1|3" />
  <i3dMapping id="decals" node="0>0|2" />
  <i3dMapping id="side_stripes" node="0>0|2|0" />
  <i3dMapping id="warning_decals" node="0>0|2|1" />
  <i3dMapping id="lights" node="0>0|3" />
  <i3dMapping id="sharedLights" node="0>0|3|0" />
  <i3dMapping id="frontLightCone_01_1" node="0>0|3|0|0" />
  <i3dMapping id="frontLightCone_01_2" node="0>0|3|0|1" />
  <i3dMapping id="sideMarker_03_left" node="0>0|3|0|2" />
  <i3dMapping id="sideMarker_03_right" node="0>0|3|0|3" />
  <i3dMapping id="sideMarker_09_L1" node="0>0|3|0|4" />
  <i3dMapping id="sideMarker_09_L2" node="0>0|3|0|5" />
  <i3dMapping id="sideMarker_09_L3" node="0>0|3|0|6" />
  <i3dMapping id="sideMarker_09_L4" node="0>0|3|0|7" />
  <i3dMapping id="sideMarker_09_L5" node="0>0|3|0|8" />
  <i3dMapping id="sideMarker_09_L6" node="0>0|3|0|9" />
  <i3dMapping id="sideMarker_09_L7" node="0>0|3|0|10" />
  <i3dMapping id="sideMarker_09_L8" node="0>0|3|0|11" />
  <i3dMapping id="sideMarker_09_L9" node="0>0|3|0|12" />
  <i3dMapping id="sideMarker_09_L10" node="0>0|3|0|13" />
  <i3dMapping id="sideMarker_09_L11" node="0>0|3|0|14" />
  <i3dMapping id="sideMarker_09_L12" node="0>0|3|0|15" />
  <i3dMapping id="sideMarker_09_R1" node="0>0|3|0|16" />
  <i3dMapping id="sideMarker_09_R2" node="0>0|3|0|17" />
  <i3dMapping id="sideMarker_09_R3" node="0>0|3|0|18" />
  <i3dMapping id="sideMarker_09_R4" node="0>0|3|0|19" />
  <i3dMapping id="sideMarker_09_R5" node="0>0|3|0|20" />
  <i3dMapping id="sideMarker_09_R6" node="0>0|3|0|21" />
  <i3dMapping id="sideMarker_09_R7" node="0>0|3|0|22" />
  <i3dMapping id="sideMarker_09_R8" node="0>0|3|0|23" />
  <i3dMapping id="sideMarker_09_R9" node="0>0|3|0|24" />
  <i3dMapping id="sideMarker_09_R10" node="0>0|3|0|25" />
  <i3dMapping id="sideMarker_09_R11" node="0>0|3|0|26" />
  <i3dMapping id="sideMarker_09_R12" node="0>0|3|0|27" />
  <i3dMapping id="rearLightOvalLEDRed_01_L" node="0>0|3|0|28" />
  <i3dMapping id="rearLightOvalLEDRed_01_R" node="0>0|3|0|29" />
  <i3dMapping id="rearLightOvalLEDWhite_01_L" node="0>0|3|0|30" />
  <i3dMapping id="rearLightOvalLEDWhite_01_R" node="0>0|3|0|31" />
  <i3dMapping id="backLightsHigh" node="0>0|3|1" />
  <i3dMapping id="backLightsHigh1" node="0>0|3|1|0" />
  <i3dMapping id="reverseLight" node="0>0|3|2" />
  <i3dMapping id="reverseLight1" node="0>0|3|2|0" />
  <i3dMapping id="turnLightLeftBack" node="0>0|3|3" />
  <i3dMapping id="turnLightLeftBack1" node="0>0|3|3|0" />
  <i3dMapping id="turnLightRightBack" node="0>0|3|4" />
  <i3dMapping id="turnLightRightBack1" node="0>0|3|4|0" />
  <i3dMapping id="movingparts" node="0>0|4" />
  <i3dMapping id="ramps_hinge" node="0>0|4|0" />
  <i3dMapping id="ramps" node="0>0|4|0|0" />
  <i3dMapping id="ramps_warn_decals" node="0>0|4|0|0|0" />
  <i3dMapping id="trailer_legs" node="0>0|4|1" />
  <i3dMapping id="tensionBelts" node="0>0|5" />
  <i3dMapping id="beltStart1" node="0>0|5|0" />
  <i3dMapping id="beltEnd1" node="0>0|5|0|0" />
  <i3dMapping id="beltStart2" node="0>0|5|1" />
  <i3dMapping id="beltEnd2" node="0>0|5|1|0" />
  <i3dMapping id="beltStart3" node="0>0|5|2" />
  <i3dMapping id="beltEnd3" node="0>0|5|2|0" />
  <i3dMapping id="beltStart4" node="0>0|5|3" />
  <i3dMapping id="beltEnd4" node="0>0|5|3|0" />
  <i3dMapping id="beltStart5" node="0>0|5|4" />
  <i3dMapping id="beltEnd5" node="0>0|5|4|0" />
  <i3dMapping id="beltStart6" node="0>0|5|5" />
  <i3dMapping id="beltEnd6" node="0>0|5|5|0" />
  <i3dMapping id="beltStart7" node="0>0|5|6" />
  <i3dMapping id="beltEnd7" node="0>0|5|6|0" />
  <i3dMapping id="beltActivationTrigger" node="0>0|5|7" />
  <i3dMapping id="dynamicMountTrigger" node="0>0|6" />
  <i3dMapping id="attachers" node="0>0|7" />
  <i3dMapping id="gooseneck_grp" node="0>0|7|0" />
  <i3dMapping id="gooseneck" node="0>0|7|0|0" />
  <i3dMapping id="gn_attacher" node="0>0|7|0|0|0" />
  <i3dMapping id="gooseneckAttacherJoint" node="0>0|7|0|0|0|0" />
  <i3dMapping id="warning_decals1" node="0>0|7|0|1" />
  <i3dMapping id="side_stripes1" node="0>0|7|0|2" />
  <i3dMapping id="trailer_brand" node="0>0|7|0|3" />
  <i3dMapping id="extinguisher" node="0>0|7|0|4" />
  <i3dMapping id="bumper_pull_grp" node="0>0|7|1" />
  <i3dMapping id="bumper_pull" node="0>0|7|1|0" />
  <i3dMapping id="bp_attacher" node="0>0|7|1|1" />
  <i3dMapping id="bumperPullAttacherJoint" node="0>0|7|1|1|0" />
  <i3dMapping id="bp_decals" node="0>0|7|1|2" />
  <i3dMapping id="bp_stripes" node="0>0|7|1|2|0" />
  <i3dMapping id="bp_warn_decals" node="0>0|7|1|2|1" />
  <i3dMapping id="bp_brand" node="0>0|7|1|2|2" />
  <i3dMapping id="collisions" node="0>1" />
  <i3dMapping id="col_front" node="0>1|0" />
  <i3dMapping id="col_neck" node="0>1|1" />
  <i3dMapping id="col_floor" node="0>1|2" />
  <i3dMapping id="col_tail" node="0>1|3" />
  <i3dMapping id="col_legs" node="0>1|4" />
  <i3dMapping id="ramps_hinge_axis" node="0>1|5" />
  <i3dMapping id="ramps_axis" node="0>1|5|0" />
  <i3dMapping id="col_ramps" node="0>1|5|0|0" />
  <i3dMapping id="col_bumperpull2" node="0>1|6" />
  <i3dMapping id="col_bumperpull1" node="0>1|7" />
</i3dMappings>

</vehicle>
