﻿<?xml version="1.0" encoding="utf-8" standalone="no" ?>
<modDesc descVersion="51">
    <author>pZonaKo</author>
	<version>1.1.0.1</version>
	<title>
		<en>20Ft Gooseneck Trailer</en>
		<de>20Ft Schwanenhals Auflieger</de>
	</title>
    <description>
        <en><![CDATA[20Ft Utility Gooseneck Trailer
- Extreme versatile trailer to transport your equipment
- Wheels selection option based on the target of your job
- Custom made wood panels and details
- Custom selection of colors plus the default ones
- Extra wide loading ramps
- Adjustable front attachment point for right balance of the loading
- Tension belts available to fix your cargo
- Dynamic Mount attacher enabled to ease the transport of equipment

Changelog 1.1.0.0

Additions:
- Rebranded under 82's Logistics
- Bumper puller option
Fixes:
- Fixes on the right ramps lights

Changelog 1.1.0.1
Fixes: Bumper pull not matching colors
]]></en>
        <de><![CDATA[20Ft Schwanenhals Auflieger
- Extrem vielseitiger Anhänger zum Transport Ihrer Ausrüstung
- Auswahloption für Räder basierend auf dem Ziel Ihres Jobs
- Holzpaneele und Details nach Maß
- Benutzerdefinierte Auswahl der Farben plus der Standardfarben
- Extra breite Laderampen
- Einstellbarer vorderer Befestigungspunkt für das richtige Gleichgewicht der Ladung
- Spanngurte zur Befestigung Ihrer Ladung
- Dynamic Mount Attacher ermöglicht den Transport von Geräten

Changelog 1.1.0.0

Additions:
- Rebranded under 82's Logistics
- Bumper puller option
Fixes:
- Fixes on the right ramps lights

Changelog 1.1.0.1
Fixes: Bumper pull not matching colors]]></de>
    </description>
    <iconFilename>modIcon.dds</iconFilename>
	<multiplayer supported="true"/>
	
	<l10n filenamePrefix="translations/l10n"/>
	
    <storeItems>
        <storeItem xmlFilename="lizardgooseneck.xml"/>
    </storeItems>
	
	<brands>
		<brand name="82SL" title="82s LGTS" image="82Lbrand.dds"/>
	</brands>
</modDesc>
