﻿<?xml version="1.0" encoding="utf-8" standalone="no" ?>
<modDesc descVersion="52">
    <author>GIANTS Software</author>
    <version>1.0.1.0</version>
    <title>
        <en>Precision Farming DLC</en>
    </title>

    <description>
        <en><![CDATA[Make your virtual farm more eco-friendly and sustainable: The Precision Farming DLC, a project funded by EIT Food and led by John Deere, introduces new gameplay mechanics based on real smart farming technology. Take soil samples with the John Deere Gator and the ISARIA SCOUT to identify four different soil types. Learn about pH-values and nitrogen content in your soil before you improve the yield by dynamic application rates to save seeds, lime, fertilizer, fuel and, in the end, money.

A new Precision Farming tab in the menu gives you all the information you need to optimize yield and hold control over your finances. A soil map with special filters shows you the current state of your soil and every action you take is reflected on the economic analysis overview. New UI elements and a live mini map give you additional information and control when working the fields. With an RTK station on your farm, your helper will perform actions more efficient, too. Don’t waste time and money - make your farming operation smarter!

Changelog 1.0.1.0:
- Fixed issues with N and pH value after cutting gras
- Fixed issues after soybean harvest
- pH values after field selling are now correctly reset
- Added support for green mowing with MaizePlus mod
- Fixed issues with field missions
- UI problems on maps with additional fruit types are fixed now]]></en>
        <de><![CDATA[Virtuelle Höfe werden umweltfreundlicher und nachhaltiger: Der Precision Farming DLC, ein von EIT Food gefördertes und von John Deere angeführtes Projekt, führt neue Gameplay-Mechaniken basierend auf realer Smart Farming-Technologie ein. Entnehmt mit dem John Deere Gator und ISARIA SCOUT Bodenproben, um vier verschiedene Bodenarten zu ermitteln. Erfahrt pH-Wert und Stickstoffgehalt eures Bodens und steigert anschließend den Ertrag durch dynamische Ausbringraten. So spart ihr Saatgut, Kalk, Dünger, Kraftstoff und letztendlich Geld.

Ein neuer Precision Farming-Tab im Spielmenü liefert euch alle Informationen, die ihr zur Steigerung eures Ertrags und für die Kontrolle über eure Finanzen benötigt. Eine Karte mit speziellen Filtern zeigt euch den Zustand des Bodens eurer Felder an und jede Aktion spiegelt sich in der Übersicht zur wirtschaftlichen Analyse wieder. Neue UI-Elemente und eine Echtzeit-Minimap liefern weitere Informationen, während ihr auf den Feldern eure Arbeiten ausführt. Durch Platzierung einer RTK-Station agiert auch euer Helfer sparsamer. Verliert also weder Zeit noch Geld - macht euren Hof effizienter!

Changelog 1.0.1.0:
- Probleme mit N und pH Wert nach dem Ernten von Gras behoben
- Probleme nach dem Anbau von Sojabohnen behoben
- pH Werte nach Feld Verkauf behoben
- Unterstützung für Mähen von grünem Getreide mit MaizePlus hinzugefügt
- Probleme mit Missionen behoben
- UI Probleme auf Maps mit zusätzlichen Fruchttypen behoben]]></de>
        <br><![CDATA[O DLC de cultivo de precisão confere uma dose extra de realismo ao Farming Simulator. O foco principal são os diferentes tipos de solo que influenciam no crescimento da lavoura.

O DLC adiciona um mapa dedicado a novas informações mais detalhadas sobre o solo em partes específicas do campo. Esse mapa pode ser acessado pela aba ao lado do mapa do mundo no menu.]]></br>
        <cs><![CDATA[这个精细农作模组为《模拟农场》增添了更多的现实感和真实务农的诸多方面。
主要关注点是影响作物生长的不同土壤类型。
这个模组增加了一个概况图，专门用于显示地图上特定地点的新的、更详细的土壤信息。
您可以通过菜单中世界地图旁边的选项卡访问概况图。 ]]></cs>
        <ct><![CDATA[這款精準農業模組在《Farming Simulator》中加入了更多真實農耕的實際情況。
主要是針對不同的土壤類型，類型不同會影響農作物的生長。
該模組新增了一張概覽地圖，專門提供相關地圖上特定地點新的、更詳細的土壤資訊。
可透過選單中世界地圖旁邊的標籤進入該地圖。]]></ct>
        <cz><![CDATA[Modifikace Přesné farmaření dodává hře Farming Simulator silnější element věrohodnosti a realistického farmaření. Důraz se klade na různé typy půdy a to, jak ovlivňují růst plodin.

Modifikace do hry přidává přehledovou mapu obsahující nové, podrobnější informace o půdě na konkrétních místech. Tuto mapu lze zobrazit na záložce vedle mapy světa v příslušné nabídce.]]></cz>
        <ea><![CDATA[Este DLC de agricultura de precisión le añade más realismo y aspectos de la agricultura real a Farming Simulator. El enfoque principal se centra en los diferentes tipos de suelo, los cuales influyen en el crecimiento de los cultivos.

El DLC añade un mapa general que brinda información nueva y más detallada sobre el suelo en puntos específicos del mapa. Puedes acceder a este mapa en la pestaña junto al mapa del mundo en el menú.]]></ea>
        <es><![CDATA[El DLC de agricultura de precisión añade más realismo y aspectos de agricultura real a Farming Simulator. Se centra fundamentalmente en los diferentes tipos de suelo, que influyen en el crecimiento de los cultivos.

El DLC incluye un mapa resumen que proporciona información nueva y más detallada sobre el suelo en ubicaciones específicas. Puedes acceder a él desde la pestaña que encontrarás junto al mapa del mundo del menú.]]></es>
        <fr><![CDATA[Ce DLC Agriculture de précision ajoute plus de réalisme et des aspects de l'agriculture réelle dans Farming Simulator. L'accent y est mis sur les différents types de sol, qui affectent chacun la croissance de vos cultures.

Ce DLC ajoute une carte spécifiquement conçue pour vous donner de nouvelles informations détaillées sur le sol à différents points du terrain. Vous pouvez accéder à cette carte via un onglet à côté de la carte du monde dans le menu.

Changelog 1.0.1.0 :
- Correction des problèmes liés à la valeur de N et de pH après la coupe du gras
- Correction de problèmes après la récolte du soja
- Les valeurs du pH après la vente des champs sont maintenant correctement réinitialisées
- Ajout d'un support pour le fauchage vert avec le mod MaizePlus
- Correction des problèmes liés aux missions sur le terrain
- Les problèmes d'assurance-chômage sur les cartes avec des types de fruits supplémentaires sont maintenant résolus]]></fr>
        <hu><![CDATA[A Precíziós növénytermesztés DLC több realizmussal és valósághű növénytermesztési lehetőségekkel látja el a Farming Simulator játékot. A fő hangsúly a különböző talajtípusokon van, amelyek befolyásolják a termények növekedését.

A DLC egy áttekintő térképpel is rendelkezik, amely új, részletesebb információkkal szolgál a talajról a térkép egyes pontjain. Ez a térkép a menüben található világtérkép melletti lapot keresztül érhető el.]]></hu>
        <it><![CDATA[La DLC Agricoltura di precisione arricchisce Farming Simulator con un maggior realismo e l'introduzione di aspetti dell'agricoltura reale. Il punto focale sono i vari tipi di terreno, capaci di influenzare la crescita delle colture.

La DLC aggiunge una mappa panoramica che illustra informazioni molto dettagliate sul terreno in alcuni specifici punti. È possibile accedere a questa mappa tramite la scheda accanto alla mappa del mondo nel menu.]]></it>
        <jp><![CDATA[この精密農業DLCにより、Farming Simulatorにリアリズムとさらに実際に近い農業の要素が追加されます。
作物の成長に影響を与えるさまざまな土壌タイプに主な焦点を置きました。
このDLCでは、マップ上の特定の場所の土壌に関して、新しく、より詳細な情報専用の概要マップを追加されています。
この地図にはメニューの世界地図の横にあるタブからアクセスできます。 ]]></jp>
        <kr><![CDATA[정밀 농사 모드는 Farming Simulator에 실제 농사의 더 현실적인 모습을 추가합니다. 작물의 성장에 영향을 주는 여러 토양 유형을 주로 다뤘습니다.

모드는 지도의 특정 지점의 토양에 대한 새롭고 상세한 정보와 관련된 개요 지도를 추가합니다. 이 지도는 메뉴의 월드맵 옆에 있는 탭에서 확인할 수 있습니다. ]]></kr>
        <nl><![CDATA[Deze Precisielandbouw-DLC voegt meer realisme en onderdelen van het echte boerenleven toe aan Farming Simulator. De focus ligt op verschillende bodemsoorten die van invloed zijn op de groei van de gewassen.

De DLC voegt een overzichtskaart toe die helemaal gericht is op nieuwe, gedetailleerde informatie over de bodem op verschillende punten op de kaart. Je kunt deze kaart openen via het tabblad naast de wereldkaart in het menu.]]></nl>
        <pl><![CDATA[„Rolnictwo precyzyjne” wzbogaca realizm i wprowadza nowe aspekty prawdziwego rolnictwa w grze Farming Simulator. Najważniejszą zmianę stanowią odmienne rodzaje gleby, od których zależy tempo wzrostu roślin.

Modyfikacja ta wprowadza mapę przeglądową prezentującą nowe, bardziej szczegółowe informacje na temat gleby w konkretnych miejscach mapy. Dostęp do niej daje karta obok mapy świata w menu.]]></pl>
        <pt><![CDATA[Este DLC de agricultura de precisão acrescenta maior realismo e aspetos da agricultura real no Farming Simulator. O principal foco é em diferentes tipos de solo, que influenciam o crescimento das colheitas.

O DLC acrescenta um mapa geral dedicado a informações novas mais detalhadas sobre o solo em locais específicos do mapa. Podes aceder a este mapa no menu, através do separador próximo ao mapa do mundo.]]></pt>
        <ro><![CDATA[DLC Agricultură de precizie adaugă mai mult realism și aspecte ale agriculturii reale în Farming Simulator. Obiectivul principal sunt diferitele tipuri de sol, care influențează creșterea recoltelor.

DLC adaugă o hartă generală care este dedicată informațiilor noi, mai detaliate despre solul din anumite locuri de pe hartă. Această hartă poate fi accesată din fila de lângă harta lumii din meniu.]]></ro>
        <ru><![CDATA[Мод «Точное земледелие» добавляет в Farming Simulator реализма и элементов настоящего земледелия. Основная тема: разные виды почвы, влияющие на урожай.

Данный мод добавляет обзорную карту с новыми, более детальными сведениями о почве в определённых точках. Новую карту можно открыть на вкладке около мировой карты в меню.]]></ru>
        <tr><![CDATA[Bu Hassas Tarım DLC Farming Simulator'a daha fazla gerçeklik ve gerçek tarımcılığın farklı unsurlarını ekler. Öncelikli olarak ekinlerin büyümesini etkileyen farklı toprak tiplerine odaklanır.

Bu DLC, haritadaki belirli noktalarda yer alan toprak hakkında yeni ve daha ayrıntılı bilgilere odaklanan bir genel bakış haritası ekler. Bu haritaya menüdeki dünya haritasının yanındaki sekmeden erişilebilir.]]></tr>
    </description>

    <iconFilename>icon_precisionFarming.png</iconFilename>
    <multiplayer supported="true" />

    <materialHolders>
    </materialHolders>

    <extraSourceFiles>
        <sourceFile filename="scripts/PrecisionFarming.lua"/>
    </extraSourceFiles>

    <specializations>
        <specialization name="soilSampler"                   className="SoilSampler"                   filename="scripts/specializations/SoilSampler.lua" />
        <specialization name="connectionHoseConfigurations"  className="ConnectionHoseConfigurations"  filename="scripts/specializations/ConnectionHoseConfigurations.lua" />
        <specialization name="precisionFarmingStatistic"     className="PrecisionFarmingStatistic"     filename="scripts/specializations/PrecisionFarmingStatistic.lua" />
        <specialization name="extendedSprayer"               className="ExtendedSprayer"               filename="scripts/specializations/ExtendedSprayer.lua" />
        <specialization name="extendedMotorized"             className="ExtendedMotorized"             filename="scripts/specializations/ExtendedMotorized.lua" />
        <specialization name="extendedWearable"              className="ExtendedWearable"              filename="scripts/specializations/ExtendedWearable.lua" />
        <specialization name="extendedDischargeable"         className="ExtendedDischargeable"         filename="scripts/specializations/ExtendedDischargeable.lua" />
        <specialization name="extendedSowingMachine"         className="ExtendedSowingMachine"         filename="scripts/specializations/ExtendedSowingMachine.lua" />
        <specialization name="extendedAIVehicle"             className="ExtendedAIVehicle"             filename="scripts/specializations/ExtendedAIVehicle.lua" />
        <specialization name="extendedCombine"               className="ExtendedCombine"               filename="scripts/specializations/ExtendedCombine.lua" />
        <specialization name="extendedMower"                 className="ExtendedMower"                 filename="scripts/specializations/ExtendedMower.lua" />
    </specializations>

    <vehicleTypes>
        <type name="soilSampler" parent="baseAttachable" filename="$dataS/scripts/vehicles/Vehicle.lua">
            <specialization name="precisionFarmingStatistic" />
            <specialization name="soilSampler" />
        </type>
        <type name="extendedCarFillable" parent="carFillable" filename="$dataS/scripts/vehicles/Vehicle.lua">
            <specialization name="precisionFarmingStatistic" />
            <specialization name="connectionHoseConfigurations" />
            <specialization name="extendedDischargeable" />
        </type>
    </vehicleTypes>

    <placeableTypes>
        <placeableType name="rtkStation" className="RTKStation" filename="scripts/RTKStation.lua"/>
    </placeableTypes>

    <storeItems>
        <storeItem xmlFilename="vehicles/fritzmeier/isariaScout/isariaScout.xml"/>
        <storeItem xmlFilename="vehicles/johnDeere/xuv865M/xuv865M.xml"/>
        <storeItem xmlFilename="placeables/rtkStation/rtkStation.xml"/>
        <storeItem xmlFilename="placeables/rtkStation/genericGarage.xml"/>
    </storeItems>

    <brands>
        <brand name="ISARIA" title="ISARIA" image="brand_fritzmeierIsaria.png"/>
    </brands>

    <brandColors>
    </brandColors>

    <baleTypes>
    </baleTypes>

    <actions>
        <action name="JD_PA_SPRAY_AMOUNT" axisType="FULL" />
        <action name="JD_PA_SPRAY_AMOUNT_MODE" axisType="HALF" />
    </actions>

    <inputBinding>
        <actionBinding action="JD_PA_SPRAY_AMOUNT">
            <binding device="KB_MOUSE_DEFAULT" input="KEY_k" axisComponent="+"/>
            <binding device="KB_MOUSE_DEFAULT" input="KEY_m" axisComponent="-"/>
            <binding device="GAMEPAD_DEFAULT" input="BUTTON_5 AXIS_3" inputComponent="-" axisComponent="+" />
            <binding device="GAMEPAD_DEFAULT" input="BUTTON_5 AXIS_3" inputComponent="+" axisComponent="-" />
    </actionBinding>
        <actionBinding action="JD_PA_SPRAY_AMOUNT_MODE">
            <binding device="KB_MOUSE_DEFAULT" input="KEY_comma" />
            <binding device="GAMEPAD_DEFAULT" input="BUTTON_5 BUTTON_18" />
        </actionBinding>
    </inputBinding>

    <l10n filenamePrefix="localization/l10n"/>
</modDesc>
