<?xml version="1.0" encoding="utf-8" standalone="no" ?>
<precisionFarming>
    <sharedSoilStateMap>
        <bitVectorMap numChannels="15" sizeX="1024" sizeY="1024"/>
    </sharedSoilStateMap>

    <soilMap>
        <bitVectorMap numChannels="3" typeFirstChannel="0" typeNumChannels="2" coverChannel="2"/>
        <soilStateMap coverFirstChannel="6" coverNumChannels="4" coverMaxStates="7" lockChannel="0"/>

        <predefinedMaps>
            <predefinedMap filename="soilMaps/mapDE.grle" mapIdentifier="mapDE"/>
            <predefinedMap filename="soilMaps/mapUS.grle" mapIdentifier="mapUS"/>
            <predefinedMap filename="soilMaps/alpine.grle" mapIdentifier="alpineFarmingPack"/>
            <predefinedMap filename="soilMaps/mapSA.grle" mapIdentifier="mapSA"/>

            <predefinedMap filename="soilMaps/generic.grle" isDefault="true"/>
        </predefinedMaps>

        <sampling name="$l10n_pa_sampledArea" sampledColor="0.1022 0.0168 0.0212" sampledColorBlind="0.0061 0.0061 0.0130" pricePerSample="50 100 150" analyseTimeSecPerSample="5">
            <texts idleText="$l10n_ui_precisionFarming_laboratory_idle" analyseText="$l10n_ui_precisionFarming_laboratory_analyse"/>
        </sampling>

        <soilTypes>
            <soilType name="$l10n_ui_precisionFarming_soilType_1" yieldPotential="0.8" color="1.0000 0.6376 0.0823" colorBlind="0.6172 0.6172 0.0263">

            </soilType>
            <soilType name="$l10n_ui_precisionFarming_soilType_2" yieldPotential="1.0" color="0.1946 0.3278 0.1812" colorBlind="0.0578 0.0578 0.2383">

            </soilType>
            <soilType name="$l10n_ui_precisionFarming_soilType_3" yieldPotential="1.25" color="0.2541 0.2086 0.1686" colorBlind="0.2307 0.2307 0.2016">

            </soilType>
            <soilType name="$l10n_ui_precisionFarming_soilType_4" yieldPotential="0.9" color="0.0000 0.0232 0.0320" colorBlind="0.0531 0.0531 0.0345">

            </soilType>
        </soilTypes>
    </soilMap>

    <yieldMap>
        <bitVectorMap numChannels="4" sizeX="1024" sizeY="1024"/>
        <soilStateMap lockChannel="0"/>

        <yieldValues>
            <yieldValue value="1"  displayValue="50"  color="0.9216 0.0003 0.0012" colorBlind="0.3467 0.1384 0.0296"/>
            <yieldValue value="2"  displayValue="55"  color="0.9911 0.0152 0.0000" colorBlind="0.4020 0.1912 0.0497"/>
            <yieldValue value="3"  displayValue="60"  color="0.9911 0.0529 0.0000" colorBlind="0.4793 0.2705 0.0823"/>
            <yieldValue value="4"  displayValue="65"  color="0.9911 0.0999 0.0000" colorBlind="0.5711 0.3813 0.1329"/>
            <yieldValue value="5"  displayValue="70"  color="0.9911 0.1714 0.0000" colorBlind="0.6514 0.4852 0.1845"/>
            <yieldValue value="6"  displayValue="75"  color="0.9911 0.2664 0.0000" colorBlind="0.7835 0.6445 0.3278"/>
            <yieldValue value="7"  displayValue="80"  color="1.0000 0.4125 0.0000" colorBlind="1.0000 0.8963 0.7231"/>
            <yieldValue value="8"  displayValue="85"  color="1.0000 0.5457 0.0000" colorBlind="1.0000 1.0000 1.0000"/>
            <yieldValue value="9"  displayValue="90"  color="0.7758 0.5395 0.0021" colorBlind="0.7605 0.9301 0.9559"/>
            <yieldValue value="10" displayValue="95"  color="0.5089 0.5089 0.0056" colorBlind="0.3763 0.6795 0.6307"/>
            <yieldValue value="11" displayValue="100" color="0.3278 0.4969 0.0110" colorBlind="0.2270 0.5395 0.4675"/>
            <yieldValue value="12" displayValue="105" color="0.1878 0.4793 0.0242" colorBlind="0.1714 0.4564 0.3916"/>
            <yieldValue value="13" displayValue="110" color="0.0931 0.4793 0.0382" colorBlind="0.1144 0.3712 0.3050"/>
            <yieldValue value="14" displayValue="115" color="0.0319 0.4621 0.0529" colorBlind="0.0742 0.2961 0.2307"/>
            <yieldValue value="15" displayValue="125" color="0.0048 0.3419 0.0723" colorBlind="0.0482 0.2384 0.1812"/>
        </yieldValues>
    </yieldMap>

    <pHMap>
        <soilStateMap firstChannel="1" numChannels="5" coverFirstChannel="6" coverNumChannels="4" coverMaxStates="7"/>

        <noiseMap numChannels="2" filename="soilMaps/ph_noise.grle"/>
        <texts outdatedLabel="$l10n_ui_precisionFarming_outdatedData"/>

        <pHValues pHValuePerState="0.125">
            <!-- value 0 -> no value yet -->
            <pHValue value="1"  realValue="4.500" color="0.8631 0.0307 0.0185" colorBlind="0.3467 0.1384 0.0296"/>
            <pHValue value="2"  realValue="4.625" showOnHud="false"/>
            <pHValue value="3"  realValue="4.750" color="0.8879 0.0976 0.0194" colorBlind="0.4020 0.1912 0.0497"/>
            <pHValue value="4"  realValue="4.875" showOnHud="false"/>

            <pHValue value="5"  realValue="5.000" color="0.9131 0.2159 0.0144" colorBlind="0.4793 0.2705 0.0823"/>
            <pHValue value="6"  realValue="5.125" showOnHud="false"/>
            <pHValue value="7"  realValue="5.250" color="0.9647 0.3916 0.0103" colorBlind="0.5711 0.3813 0.1329"/>
            <pHValue value="8"  realValue="5.375" showOnHud="false"/>
            <pHValue value="9"  realValue="5.500" color="0.9647 0.6796 0.0021" colorBlind="0.6514 0.4852 0.1845"/>
            <pHValue value="10" realValue="5.625" showOnHud="false"/>
            <pHValue value="11" realValue="5.750" color="0.8713 0.8148 0.0123" colorBlind="0.7835 0.6445 0.3278"/>
            <pHValue value="12" realValue="5.875" showOnHud="false"/>

            <pHValue value="13" realValue="6.000" color="0.6514 0.7304 0.0212" colorBlind="1.0000 0.8963 0.7231"/>
            <pHValue value="14" realValue="6.125" showOnHud="false"/>
            <pHValue value="15" realValue="6.250" color="0.4114 0.6304 0.0352" colorBlind="1.0000 1.0000 1.0000"/>
            <pHValue value="16" realValue="6.375" showOnHud="false"/>
            <pHValue value="17" realValue="6.500" color="0.2159 0.5457 0.0545" colorBlind="0.7605 0.9301 0.9559"/>
            <pHValue value="18" realValue="6.625" showOnHud="false"/>
            <pHValue value="19" realValue="6.750" color="0.1361 0.5210 0.1378" colorBlind="0.3763 0.6795 0.6307"/>
            <pHValue value="20" realValue="6.875" showOnHud="false"/>

            <pHValue value="21" realValue="7.000" color="0.0561 0.4910 0.1878" colorBlind="0.2270 0.5395 0.4675"/>
            <pHValue value="22" realValue="7.125" showOnHud="false"/>
            <pHValue value="23" realValue="7.250" color="0.0037 0.3916 0.6867" colorBlind="0.1714 0.4564 0.3916"/>
            <pHValue value="24" realValue="7.375" showOnHud="false"/>
            <pHValue value="25" realValue="7.500" color="0.0382 0.1878 0.5029" colorBlind="0.0742 0.2961 0.2307"/>
            <pHValue value="26" realValue="7.625" showOnHud="false"/>
            <pHValue value="27" realValue="7.750" showOnHud="false"/>
            <pHValue value="28" realValue="7.875" showOnHud="false"/>

            <pHValue value="29" realValue="8.000" color="0.0409 0.0886 0.3763" colorBlind="0.0482 0.2384 0.1812"/>
            <pHValue value="30" realValue="8.125" showOnHud="false"/>
            <pHValue value="31" realValue="8.250" showOnHud="false"/>
        </pHValues>

        <valueTransformations regularUsage="3285">
            <valueTransformation soilTypeIndex="1">
                <baseValue range="9 10 11 12"/> <!-- 5.0 6.5 -->
                <optimalValue value="13"/>
                <decreasePerHarvest value="1"/>
                <regularOffset value="1.5"/>
            </valueTransformation>
            <valueTransformation soilTypeIndex="2">
                <baseValue range="13 14 15 16"/>  <!-- 5.5 7.0 -->
                <optimalValue value="17"/>
                <decreasePerHarvest value="1"/>
                <regularOffset value="1.5"/>
            </valueTransformation>
            <valueTransformation soilTypeIndex="3">
                <baseValue range="12 13 14 15"/>  <!-- 6.0 7.5 -->
                <optimalValue value="19"/>
                <decreasePerHarvest value="2"/>
                <regularOffset value="0.5"/>
            </valueTransformation>
            <valueTransformation soilTypeIndex="4">
                <baseValue range="14 15 16 17"/> <!-- 6.0 8.0 -->
                <optimalValue value="21"/>
                <decreasePerHarvest value="2"/>
                <regularOffset value="0.5"/>
            </valueTransformation>
        </valueTransformations>

        <!--

        regular reference
            - average pH decrease per harvest is 0.1875
            - after three harvest: 0.5625
            - required lime amount = 3285 kg/ha

        Regular Offset:
            - while regular putting 3285kg lime on the field the pH will increase 0.5625 every three harvests
            - this means 50% too high for the first two soil types
            - and 50% too low for the last two soil types
            - but in average the pH is fine

        Basegame Usage:
            - 3240 l/ha
            - 3888 kg/ha
            - pH +0.555 (700kg / pH +0.1)

        -->

        <limeUsage usagePerState="730"/> <!-- 875kg/ha to increase pH by 0.125 -> 730 l/ha (1.2 kg/l) -->

        <yieldMappings>
            <yieldMapping levelDifference="-20" yieldFactor="0.0"/>
            <yieldMapping levelDifference="-19" yieldFactor="0.0"/>
            <yieldMapping levelDifference="-18" yieldFactor="0.0"/>
            <yieldMapping levelDifference="-17" yieldFactor="0.0"/>
            <yieldMapping levelDifference="-16" yieldFactor="0.0"/>
            <yieldMapping levelDifference="-15" yieldFactor="0.0"/>
            <yieldMapping levelDifference="-14" yieldFactor="0.0"/>
            <yieldMapping levelDifference="-13" yieldFactor="0.0"/>
            <yieldMapping levelDifference="-12" yieldFactor="0.0"/>
            <yieldMapping levelDifference="-11" yieldFactor="0.0"/>
            <yieldMapping levelDifference="-10" yieldFactor="0.0"/>
            <yieldMapping levelDifference="-9" yieldFactor="0.00"/>
            <yieldMapping levelDifference="-8" yieldFactor="0.00"/>
            <yieldMapping levelDifference="-7" yieldFactor="0.20"/>
            <yieldMapping levelDifference="-6" yieldFactor="0.40"/>
            <yieldMapping levelDifference="-5" yieldFactor="0.60"/>
            <yieldMapping levelDifference="-4" yieldFactor="0.80"/>
            <yieldMapping levelDifference="-3" yieldFactor="0.90"/>
            <yieldMapping levelDifference="-2" yieldFactor="0.95"/>
            <yieldMapping levelDifference="-1" yieldFactor="0.975"/>

            <yieldMapping levelDifference="0" yieldFactor="1"/>

            <yieldMapping levelDifference="1"  yieldFactor="0.975"/>
            <yieldMapping levelDifference="2"  yieldFactor="0.950"/>
            <yieldMapping levelDifference="3"  yieldFactor="0.925"/>
            <yieldMapping levelDifference="5"  yieldFactor="0.875"/>
            <yieldMapping levelDifference="6"  yieldFactor="0.800"/>
            <yieldMapping levelDifference="7"  yieldFactor="0.600"/>
            <yieldMapping levelDifference="8"  yieldFactor="0.400"/>
            <yieldMapping levelDifference="9"  yieldFactor="0.200"/>
            <yieldMapping levelDifference="10" yieldFactor="0.000"/>
        </yieldMappings>

        <levelDifferenceColors>
            <levelDifferenceColor levelDifference="0" color="0.0000 0.4341 0.0802" colorBlind="1.0000 1.0000 0.1000" text="$l10n_pa_fieldInfo_perfect"/>
            <levelDifferenceColor levelDifference="1" color="0.0331 0.4564 0.0513" colorBlind="0.9250 0.9250 0.1000" text="$l10n_pa_fieldInfo_good"/>
            <levelDifferenceColor levelDifference="2" color="0.1329 0.4735 0.0296" colorBlind="0.8500 0.8500 0.1000" text="$l10n_pa_fieldInfo_good"/>
            <levelDifferenceColor levelDifference="3" color="0.3231 0.4969 0.0137" colorBlind="0.7500 0.7500 0.1000" text="$l10n_pa_fieldInfo_ok"/>
            <levelDifferenceColor levelDifference="4" color="0.6105 0.5149 0.0048" colorBlind="0.6500 0.6500 0.1000" text="$l10n_pa_fieldInfo_ok"/>
            <levelDifferenceColor levelDifference="5" color="0.9910 0.3231 0.0000" colorBlind="0.4500 0.4500 0.1000" text="$l10n_pa_fieldInfo_bad"/>
            <levelDifferenceColor levelDifference="6" color="0.9911 0.0742 0.0000" colorBlind="0.2500 0.2500 0.1000" text="$l10n_pa_fieldInfo_bad"/>
            <levelDifferenceColor levelDifference="7" color="0.9910 0.0000 0.0000" colorBlind="0.1000 0.1000 0.1000" text="$l10n_pa_fieldInfo_bad"/>
        </levelDifferenceColors>
    </pHMap>

    <nitrogenMap>
        <soilStateMap firstChannel="10" numChannels="4" maxValue="11" coverFirstChannel="6" coverNumChannels="4" coverMaxStates="7"/>

        <noiseMap numChannels="2" filename="soilMaps/ph_noise.grle"/>
        <texts outdatedLabel="$l10n_ui_precisionFarming_outdatedData"/>

        <nitrogenValues>
            <nitrogenValue value="1"  realValue="0"   color="0.9910 0.0000 0.0000" colorBlind="0.3515 0.1441 0.0307"/>
            <nitrogenValue value="2"  realValue="20"  color="0.9910 0.0454 0.0000" colorBlind="0.4397 0.2307 0.0648"/>
            <nitrogenValue value="3"  realValue="40"  color="0.9911 0.1042 0.0000" colorBlind="0.5583 0.3663 0.1221"/>
            <nitrogenValue value="4"  realValue="60"  color="0.9910 0.1715 0.0000" colorBlind="0.6867 0.5210 0.2086"/>
            <nitrogenValue value="5"  realValue="80"  color="0.9910 0.3231 0.0000" colorBlind="0.9473 0.8148 0.5647"/>
            <nitrogenValue value="6"  realValue="100" color="1.0000 0.5333 0.0000" colorBlind="1.0000 1.0000 1.0000"/>
            <nitrogenValue value="7"  realValue="120" color="0.6105 0.5149 0.0048" colorBlind="0.6105 0.8550 0.8632"/>
            <nitrogenValue value="8"  realValue="140" color="0.3231 0.4969 0.0137" colorBlind="0.2502 0.5711 0.5029"/>
            <nitrogenValue value="9"  realValue="160" color="0.1329 0.4735 0.0296" colorBlind="0.1590 0.4452 0.3763"/>
            <nitrogenValue value="10" realValue="180" color="0.0331 0.4564 0.0513" colorBlind="0.0931 0.3324 0.2664"/>
            <nitrogenValue value="11" realValue="200" color="0.0000 0.3441 0.0802" colorBlind="0.0497 0.2462 0.1845"/>
        </nitrogenValues>

        <initialValues>
            <initialValue soilTypeIndex="1" baseValueRange="1 2 2 3"/>
            <initialValue soilTypeIndex="2" baseValueRange="1 2 3 3"/>
            <initialValue soilTypeIndex="3" baseValueRange="2 2 3 3"/>
            <initialValue soilTypeIndex="4" baseValueRange="1 2 3 3"/>
        </initialValues>

        <yieldMappings regularLevel="170">
            <yieldMapping levelDifference="-10" yieldFactor="0.00"/>
            <yieldMapping levelDifference="-9"  yieldFactor="0.01"/>
            <yieldMapping levelDifference="-8"  yieldFactor="0.11"/>
            <yieldMapping levelDifference="-7"  yieldFactor="0.22"/>
            <yieldMapping levelDifference="-6"  yieldFactor="0.33"/>
            <yieldMapping levelDifference="-5"  yieldFactor="0.44"/>
            <yieldMapping levelDifference="-4"  yieldFactor="0.55"/>
            <yieldMapping levelDifference="-3"  yieldFactor="0.66"/>
            <yieldMapping levelDifference="-2"  yieldFactor="0.77"/>
            <yieldMapping levelDifference="-1"  yieldFactor="0.88"/>

            <yieldMapping levelDifference="0"   yieldFactor="1.00"/>

            <yieldMapping levelDifference="1"   yieldFactor="0.97"/>
            <yieldMapping levelDifference="2"   yieldFactor="0.94"/>
            <yieldMapping levelDifference="3"   yieldFactor="0.91"/>
            <yieldMapping levelDifference="5"   yieldFactor="0.88"/>
            <yieldMapping levelDifference="6"   yieldFactor="0.85"/>
            <yieldMapping levelDifference="7"   yieldFactor="0.82"/>
            <yieldMapping levelDifference="8"   yieldFactor="0.79"/>
        </yieldMappings>

        <fruitRequirements>
            <fruitRequirement fruitTypeName="WHEAT">
                <soil soilTypeIndex="1" targetLevel="140" reduction="140" yieldPotential="0.8"/>
                <soil soilTypeIndex="2" targetLevel="180" reduction="160" yieldPotential="1.0"/>
                <soil soilTypeIndex="3" targetLevel="200" reduction="180" yieldPotential="1.25"/>
                <soil soilTypeIndex="4" targetLevel="160" reduction="160" yieldPotential="0.9"/>
            </fruitRequirement>
            <fruitRequirement fruitTypeName="BARLEY">
                <soil soilTypeIndex="1" targetLevel="120" reduction="100" yieldPotential="0.8"/>
                <soil soilTypeIndex="2" targetLevel="140" reduction="120" yieldPotential="1.0"/>
                <soil soilTypeIndex="3" targetLevel="180" reduction="160" yieldPotential="1.25"/>
                <soil soilTypeIndex="4" targetLevel="120" reduction="100" yieldPotential="0.9"/>
            </fruitRequirement>
            <fruitRequirement fruitTypeName="OAT">
                <soil soilTypeIndex="1" targetLevel="80" reduction="60" yieldPotential="0.8"/>
                <soil soilTypeIndex="2" targetLevel="100" reduction="80" yieldPotential="1.0"/>
                <soil soilTypeIndex="3" targetLevel="140" reduction="120" yieldPotential="1.25"/>
                <soil soilTypeIndex="4" targetLevel="100" reduction="80" yieldPotential="0.9"/>
            </fruitRequirement>
            <fruitRequirement fruitTypeName="CANOLA">
                <soil soilTypeIndex="1" targetLevel="140" reduction="140" yieldPotential="0.8"/>
                <soil soilTypeIndex="2" targetLevel="180" reduction="160" yieldPotential="1.0"/>
                <soil soilTypeIndex="3" targetLevel="200" reduction="180" yieldPotential="1.25"/>
                <soil soilTypeIndex="4" targetLevel="160" reduction="160" yieldPotential="0.9"/>
            </fruitRequirement>
            <fruitRequirement fruitTypeName="MAIZE">
                <soil soilTypeIndex="1" targetLevel="120" reduction="100" yieldPotential="0.8"/>
                <soil soilTypeIndex="2" targetLevel="160" reduction="140" yieldPotential="1.0"/>
                <soil soilTypeIndex="3" targetLevel="200" reduction="180" yieldPotential="1.25"/>
                <soil soilTypeIndex="4" targetLevel="180" reduction="140" yieldPotential="0.9"/>
            </fruitRequirement>
            <fruitRequirement fruitTypeName="GRASS" alwaysAllowFertilization="true" ignoreOverfertilization="true">
                <soil soilTypeIndex="1" targetLevel="160" reduction="140" yieldPotential="0.8"/>
                <soil soilTypeIndex="2" targetLevel="180" reduction="160" yieldPotential="1.0"/>
                <soil soilTypeIndex="3" targetLevel="200" reduction="180" yieldPotential="1.25"/>
                <soil soilTypeIndex="4" targetLevel="200" reduction="180" yieldPotential="0.9"/>
            </fruitRequirement>
            <fruitRequirement fruitTypeName="SUNFLOWER">
                <soil soilTypeIndex="1" targetLevel="60" reduction="40" yieldPotential="0.8"/>
                <soil soilTypeIndex="2" targetLevel="80" reduction="60" yieldPotential="1.0"/>
                <soil soilTypeIndex="3" targetLevel="120" reduction="80" yieldPotential="1.25"/>
                <soil soilTypeIndex="4" targetLevel="80" reduction="60" yieldPotential="0.9"/>
            </fruitRequirement>
            <fruitRequirement fruitTypeName="SOYBEAN" ignoreOverfertilization="true" alwaysAllowFertilization="true">
                <soil soilTypeIndex="1" targetLevel="0" reduction="0" yieldPotential="0.8"/>
                <soil soilTypeIndex="2" targetLevel="0" reduction="0" yieldPotential="1.0"/>
                <soil soilTypeIndex="3" targetLevel="0" reduction="0" yieldPotential="1.25"/>
                <soil soilTypeIndex="4" targetLevel="0" reduction="0" yieldPotential="0.9"/>
            </fruitRequirement>
            <fruitRequirement fruitTypeName="POTATO" ignoreOverfertilization="true">
                <soil soilTypeIndex="1" targetLevel="100" reduction="80" yieldPotential="0.8"/>
                <soil soilTypeIndex="2" targetLevel="120" reduction="100" yieldPotential="1.0"/>
                <soil soilTypeIndex="3" targetLevel="160" reduction="120" yieldPotential="1.25"/>
                <soil soilTypeIndex="4" targetLevel="140" reduction="120" yieldPotential="0.9"/>
            </fruitRequirement>
            <fruitRequirement fruitTypeName="SUGARBEET" ignoreOverfertilization="true">
                <soil soilTypeIndex="1" targetLevel="120" reduction="100" yieldPotential="0.8"/>
                <soil soilTypeIndex="2" targetLevel="140" reduction="120" yieldPotential="1.0"/>
                <soil soilTypeIndex="3" targetLevel="180" reduction="140" yieldPotential="1.25"/>
                <soil soilTypeIndex="4" targetLevel="160" reduction="120" yieldPotential="0.9"/>
            </fruitRequirement>
            <fruitRequirement fruitTypeName="COTTON">
                <soil soilTypeIndex="1" targetLevel="80" reduction="60" yieldPotential="0.8"/>
                <soil soilTypeIndex="2" targetLevel="100" reduction="60" yieldPotential="1.0"/>
                <soil soilTypeIndex="3" targetLevel="120" reduction="100" yieldPotential="1.25"/>
                <soil soilTypeIndex="4" targetLevel="100" reduction="80" yieldPotential="0.9"/>
            </fruitRequirement>
            <fruitRequirement fruitTypeName="POPLAR" alwaysAllowFertilization="true" ignoreOverfertilization="true">
                <soil soilTypeIndex="1" targetLevel="120" reduction="100" yieldPotential="0.8"/>
                <soil soilTypeIndex="2" targetLevel="160" reduction="120" yieldPotential="1.0"/>
                <soil soilTypeIndex="3" targetLevel="180" reduction="160" yieldPotential="1.25"/>
                <soil soilTypeIndex="4" targetLevel="140" reduction="120" yieldPotential="0.9"/>
            </fruitRequirement>
            <fruitRequirement fruitTypeName="SUGARCANE" alwaysAllowFertilization="true">
                <soil soilTypeIndex="1" targetLevel="120" reduction="100" yieldPotential="0.8"/>
                <soil soilTypeIndex="2" targetLevel="160" reduction="140" yieldPotential="1.0"/>
                <soil soilTypeIndex="3" targetLevel="200" reduction="160" yieldPotential="1.25"/>
                <soil soilTypeIndex="4" targetLevel="180" reduction="120" yieldPotential="0.9"/>
            </fruitRequirement>

            <!-- crops that don't need nitrogen application -->
            <fruitRequirement fruitTypeName="OILSEEDRADISH">
                <soil soilTypeIndex="1" targetLevel="0" reduction="0" yieldPotential="0"/>
                <soil soilTypeIndex="2" targetLevel="0" reduction="0" yieldPotential="0"/>
                <soil soilTypeIndex="3" targetLevel="0" reduction="0" yieldPotential="0"/>
                <soil soilTypeIndex="4" targetLevel="0" reduction="0" yieldPotential="0"/>
            </fruitRequirement>
            <fruitRequirement fruitTypeName="DRYGRASS">
                <soil soilTypeIndex="1" targetLevel="0" reduction="0" yieldPotential="0"/>
                <soil soilTypeIndex="2" targetLevel="0" reduction="0" yieldPotential="0"/>
                <soil soilTypeIndex="3" targetLevel="0" reduction="0" yieldPotential="0"/>
                <soil soilTypeIndex="4" targetLevel="0" reduction="0" yieldPotential="0"/>
            </fruitRequirement>
            <fruitRequirement fruitTypeName="WEED">
                <soil soilTypeIndex="1" targetLevel="0" reduction="0" yieldPotential="0"/>
                <soil soilTypeIndex="2" targetLevel="0" reduction="0" yieldPotential="0"/>
                <soil soilTypeIndex="3" targetLevel="0" reduction="0" yieldPotential="0"/>
                <soil soilTypeIndex="4" targetLevel="0" reduction="0" yieldPotential="0"/>
            </fruitRequirement>

            <!-- some common mod fruit types -->
            <fruitRequirement fruitTypeName="alfalfa" alwaysAllowFertilization="true">
                <soil soilTypeIndex="1" targetLevel="20" reduction="20" yieldPotential="0.8"/>
                <soil soilTypeIndex="2" targetLevel="40" reduction="40" yieldPotential="1.0"/>
                <soil soilTypeIndex="3" targetLevel="60" reduction="60" yieldPotential="1.25"/>
                <soil soilTypeIndex="4" targetLevel="40" reduction="40" yieldPotential="0.9"/>
            </fruitRequirement>
            <fruitRequirement fruitTypeName="clover" alwaysAllowFertilization="true">
                <soil soilTypeIndex="1" targetLevel="40" reduction="40" yieldPotential="0.8"/>
                <soil soilTypeIndex="2" targetLevel="60" reduction="60" yieldPotential="1.0"/>
                <soil soilTypeIndex="3" targetLevel="80" reduction="80" yieldPotential="1.25"/>
                <soil soilTypeIndex="4" targetLevel="40" reduction="40" yieldPotential="0.9"/>
            </fruitRequirement>
            <fruitRequirement fruitTypeName="incarase_grass" alwaysAllowFertilization="true">
                <soil soilTypeIndex="1" targetLevel="160" reduction="140" yieldPotential="0.8"/>
                <soil soilTypeIndex="2" targetLevel="180" reduction="160" yieldPotential="1.0"/>
                <soil soilTypeIndex="3" targetLevel="200" reduction="180" yieldPotential="1.25"/>
                <soil soilTypeIndex="4" targetLevel="200" reduction="180" yieldPotential="0.9"/>
            </fruitRequirement>
        </fruitRequirements>

        <!-- regular reference
            total N target: 180 kg N/ha

            mineral: 120 kg/ha
            organic:  60 kg/ha
        -->

        <applicationRates>
            <!-- fertilizer rates while no fruit type detected apply to planting wheat with additional application of manure (one time) -->
            <applicationRate fillType="FERTILIZER" autoAdjustToFruit="true" regularRate="120">
                <soil soilTypeIndex="1" rate="3"/> <!-- 60kg/ha -->
                <soil soilTypeIndex="2" rate="4"/> <!-- 80kg/ha -->
                <soil soilTypeIndex="3" rate="5"/> <!-- 100kg/ha -->
                <soil soilTypeIndex="4" rate="4"/> <!-- 80kg/ha -->
            </applicationRate>
            <applicationRate fillType="LIQUIDFERTILIZER" autoAdjustToFruit="true" regularRate="120">
                <soil soilTypeIndex="1" rate="3"/> <!-- 60kg/ha -->
                <soil soilTypeIndex="2" rate="4"/> <!-- 80kg/ha -->
                <soil soilTypeIndex="3" rate="5"/> <!-- 100kg/ha -->
                <soil soilTypeIndex="4" rate="4"/> <!-- 80kg/ha -->
            </applicationRate>

            <!-- fixed organic values per soil type. After that adjust the N level by mineral fertilizer to reach the fruit requirements -->
            <applicationRate fillType="LIQUIDMANURE" autoAdjustToFruit="false" regularRate="60">
                <soil soilTypeIndex="1" rate="2"/> <!-- 40kg/ha -->
                <soil soilTypeIndex="2" rate="3"/> <!-- 60kg/ha -->
                <soil soilTypeIndex="3" rate="4"/> <!-- 80kg/ha -->
                <soil soilTypeIndex="4" rate="3"/> <!-- 60kg/ha -->
            </applicationRate>
            <applicationRate fillType="DIGESTATE" autoAdjustToFruit="false" regularRate="60">
                <soil soilTypeIndex="1" rate="2"/> <!-- 40kg/ha -->
                <soil soilTypeIndex="2" rate="3"/> <!-- 60kg/ha -->
                <soil soilTypeIndex="3" rate="4"/> <!-- 80kg/ha -->
                <soil soilTypeIndex="4" rate="3"/> <!-- 60kg/ha -->
            </applicationRate>
            <applicationRate fillType="MANURE" autoAdjustToFruit="false" regularRate="60">
                <soil soilTypeIndex="1" rate="2"/> <!-- 40kg/ha -->
                <soil soilTypeIndex="2" rate="3"/> <!-- 60kg/ha -->
                <soil soilTypeIndex="3" rate="4"/> <!-- 80kg/ha -->
                <soil soilTypeIndex="4" rate="3"/> <!-- 60kg/ha -->
            </applicationRate>
        </applicationRates>

        <fertilizerUsage amountPerState="20">
            <nAmount fillType="FERTILIZER" amount="0.27"/> <!-- Granular Calcium Ammonium Nitrate, 27% N -->
            <nAmount fillType="LIQUIDFERTILIZER" amount="0.39"/> <!-- Mixture of Ammonium Nitrate and Urea, 39% N -->
            <nAmount fillType="MANURE" amount="0.007"/> <!-- 7kg N / to (Cows: 6.1kg, Pigs: 7.6kg) -->
            <nAmount fillType="LIQUIDMANURE" amount="0.004"/> <!-- 4kg N / m³ (Cows: 3.6kg, Pigs: 4.7kg)-->
            <nAmount fillType="DIGESTATE" amount="0.0055"/> <!-- 5.5kg N / m³ (between 2.4 and 9.1 in real) -->
        </fertilizerUsage>

        <!-- Basegame Usages

        Fertilizer:
            - 217 l/ha
            - 172 kg/ha
            - 46,5 kg N/ha (27% Nitrogen)

        Liquid Fertilizer:
            - 291 l/ha
            - 262 kg/ha
            - 102 kg N/ha (39% Nitrogen)

        Slurry:
            - 14400 l/ha
            - 57 kg N/ha (4kg/1m³)

        Manure:
            - 14400 l/ha
            - 100 kg N/ha (7kg/1m³)

        Digestate:
            - 14400 l/ha
            - 79.2 kg N/ha (5.5kg/1m³)

        -->

        <levelDifferenceColors>
            <levelDifferenceColor levelDifference="0" color="0.0000 0.4341 0.0802" colorBlind="1.0000 1.0000 0.1000" text="$l10n_pa_fieldInfo_perfect"/>
            <levelDifferenceColor levelDifference="1" color="0.0331 0.4564 0.0513" colorBlind="0.9250 0.9250 0.1000" text="$l10n_pa_fieldInfo_good"/>
            <levelDifferenceColor levelDifference="2" color="0.1329 0.4735 0.0296" colorBlind="0.8500 0.8500 0.1000" text="$l10n_pa_fieldInfo_ok"/>
            <levelDifferenceColor levelDifference="3" color="0.3231 0.4969 0.0137" colorBlind="0.7500 0.7500 0.1000" text="$l10n_pa_fieldInfo_bad"/>
            <levelDifferenceColor levelDifference="4" color="0.9910 0.3231 0.0000" colorBlind="0.4500 0.4500 0.1000" text="$l10n_pa_fieldInfo_bad"/>
            <levelDifferenceColor levelDifference="5" color="0.9910 0.0000 0.0000" colorBlind="0.1000 0.1000 0.1000" text="$l10n_pa_fieldInfo_bad"/>
        </levelDifferenceColors>
    </nitrogenMap>

    <helplineExtension filename="gui/helpLine.xml"/>

</precisionFarming>
