<?xml version="1.0" encoding="utf-8" standalone="no" ?>
<wheel>
	<default>
        <physics 	radius="0.52" width="0.27" mass="0.1" tireType="street" frictionScale="4" maxLongStiffness="8" maxLatStiffness="100" maxLatStiffnessLoad="2" />
    </default>
    <configurations>
	
		<!-- Front -->
		<configuration id="front" >
			<tire 		filename="wheels/wheels.i3d" nodeLeft="0|0" nodeRight="0|0" maxDeformation="0.06" isCareWheel="false" tireTrackAtlasIndex="12"/>
			<innerRim 	filename="wheels/wheels.i3d" nodeLeft="1|0" nodeRight="1|1" offset="0" />        
        </configuration>
		
		<configuration id="front_fuel" >
			<tire 		filename="wheels/wheels.i3d" nodeLeft="0|0" nodeRight="0|0" maxDeformation="0.06" isCareWheel="false" tireTrackAtlasIndex="12"/>
			<innerRim 	filename="wheels/wheels.i3d" nodeLeft="1|2" nodeRight="1|3" offset="0" />        
        </configuration>
		<configuration id="front_mayhem" >
			<tire 		filename="wheels/wheels.i3d" nodeLeft="0|0" nodeRight="0|0" maxDeformation="0.06" isCareWheel="false" tireTrackAtlasIndex="12"/>
			<innerRim 	filename="wheels/wheels.i3d" nodeLeft="1|4" nodeRight="1|5" offset="0" />        
        </configuration>
	
		<!-- Rear -->
		<configuration id="rear" >
            <tire 		filename="wheels/wheels.i3d" nodeLeft="0|0" nodeRight="0|0" maxDeformation="0.06" isCareWheel="false" tireTrackAtlasIndex="12"/>
			<innerRim 	filename="wheels/wheels.i3d" nodeLeft="2|0" nodeRight="2|1" offset="0" />        
        </configuration>

		<configuration id="rear_fuel" >
            <tire 		filename="wheels/wheels.i3d" nodeLeft="0|0" nodeRight="0|0" maxDeformation="0.06" isCareWheel="false" tireTrackAtlasIndex="12"/>
			<innerRim 	filename="wheels/wheels.i3d" nodeLeft="2|2" nodeRight="2|3" offset="0" />        
        </configuration>

		<configuration id="rear_mayhem" >
            <tire 		filename="wheels/wheels.i3d" nodeLeft="0|0" nodeRight="0|0" maxDeformation="0.06" isCareWheel="false" tireTrackAtlasIndex="12"/>
			<innerRim 	filename="wheels/wheels.i3d" nodeLeft="2|4" nodeRight="2|5" offset="0" />        
        </configuration>
		
		<!-- Dual -->
		<configuration id="dual" >
            <tire 		filename="wheels/wheels.i3d" nodeLeft="0|0" nodeRight="0|0" maxDeformation="0.06" isCareWheel="false" tireTrackAtlasIndex="12"/>
        </configuration>
		
    </configurations>
</wheel>