<?xml version="1.0" encoding="utf-8" standalone="no" ?>
<sounds>
    <motorStart template="SMALL_TRACTOR_MOTOR_START" file="sounds/40Series_start.wav" linkNode="0>">
        <volume indoor="0.5" outdoor="0.9" />
        <pitch indoor="1.0" outdoor="1.0" />
        <lowpassGain indoor="1.0" outdoor="1.0" />
    </motorStart>
    
    <motorStop template="SMALL_TRACTOR_MOTOR_STOP" file="sounds/40Series_stop.wav" linkNode="0>">
        <volume indoor="0.4" outdoor="0.8" />
        <pitch indoor="1.0" outdoor="1.0" />
        <lowpassGain indoor="1.0" outdoor="1.0" />
    </motorStop>

    <motor file="sounds/40Series_idle_loop.wav" linkNode="0>" innerRadius="20" outerRadius="110.0">
        <volume indoor="0.4" outdoor="0.75" >
            <modifier type="MOTOR_RPM" value="0.00" modifiedValue="1.00" />
            <modifier type="MOTOR_RPM" value="0.54" modifiedValue="0.00" />
            <modifier type="ACCELERATE" value="0.0" modifiedValue="1.0" />
            <modifier type="ACCELERATE" value="0.6" modifiedValue="1.5" />
            <modifier type="CRUISECONTROL" value="0" modifiedValue="1.0" />
            <modifier type="CRUISECONTROL" value="0.6" modifiedValue="1.5" />
        </volume>
        <pitch indoor="1.00" outdoor="1.00" >
            <modifier type="MOTOR_RPM" value="0.00" modifiedValue="1.00" />
            <modifier type="MOTOR_RPM" value="0.54" modifiedValue="1.50" />
        </pitch>
        <lowpassGain indoor="1.0" outdoor="1.0" />
    </motor>
    
    <motor file="sounds/40Series_run_loop.wav" linkNode="0>" innerRadius="20" outerRadius="110.0">
         <pitch indoor="0.9" outdoor="1.0" >
            <modifier type="MOTOR_RPM" value="0.25" modifiedValue="0.75" />
            <modifier type="MOTOR_RPM" value="1.00" modifiedValue="1.00" />
            <modifier type="SPEED" value="18" modifiedValue="0.95" />
            <modifier type="SPEED" value="45" modifiedValue="1.15" />
        </pitch>
        <lowpassGain indoor="1.0" outdoor="1.0" />
        <volume indoor="0.4" outdoor="0.7" >
            <modifier type="MOTOR_RPM" value="0.00" modifiedValue="0.00" />
            <modifier type="MOTOR_RPM" value="0.54" modifiedValue="1.00" />
            <modifier type="SPEED" value="0.0" modifiedValue="1.0" />
            <modifier type="SPEED" value="53.0" modifiedValue="1.0" />
            <modifier type="MOTOR_LOAD" value="0.5" modifiedValue="0.80" />
            <modifier type="MOTOR_LOAD" value="1.0" modifiedValue="0.00" />
        </volume>
    </motor>
    
    <motor file="sounds/40Series_load_loop2.wav" linkNode="0>" innerRadius="20" outerRadius="110.0" >
        <pitch indoor="0.9" outdoor="1.0" >
            <modifier type="MOTOR_RPM" value="0.25" modifiedValue="0.75" />
            <modifier type="MOTOR_RPM" value="1.00" modifiedValue="1.00" />
            <modifier type="SPEED" value="0" modifiedValue="0.95" />
            <modifier type="SPEED" value="55" modifiedValue="1.05" />
        </pitch>
        <lowpassGain indoor="1.0" outdoor="1.0" />
        <volume indoor="0.6" outdoor="1.0" >
            <modifier type="SPEED" value="0.0"  modifiedValue="0.0" />
            <modifier type="SPEED" value="2.0"  modifiedValue="1.0" />
            <modifier type="SPEED" value="20.0" modifiedValue="1.0" />
            <modifier type="SPEED" value="22.5" modifiedValue="0.0" />
            <modifier type="SPEED" value="43.0" modifiedValue="0.0" />
            <modifier type="SPEED" value="53.5" modifiedValue="1.0" />
            <modifier type="ACCELERATE" value="0" modifiedValue="0.00" />
            <modifier type="ACCELERATE" value="0.3" modifiedValue="0.40" />
            <modifier type="MOTOR_LOAD" value="0.2" modifiedValue="1.00" />
            <modifier type="MOTOR_LOAD" value="1.0" modifiedValue="0.00" />
        </volume>
    </motor>

    <motor file="sounds/40Series_load_loop2.wav" linkNode="0>" innerRadius="20" outerRadius="110.0" >
        <pitch indoor="0.9" outdoor="1.0" >
            <modifier type="MOTOR_RPM" value="0.25" modifiedValue="0.75" />
            <modifier type="MOTOR_RPM" value="1.00" modifiedValue="1.00" />
            <modifier type="SPEED" value="0" modifiedValue="0.95" />
            <modifier type="SPEED" value="55" modifiedValue="1.05" />
        </pitch>
        <lowpassGain indoor="1.0" outdoor="1.0" />
        <volume indoor="0.45" outdoor="0.8" >
            <modifier type="SPEED" value="0.0"  modifiedValue="0.0" />
            <modifier type="SPEED" value="2.0"  modifiedValue="1.0" />
            <modifier type="SPEED" value="20.0" modifiedValue="1.0" />
            <modifier type="SPEED" value="22.5" modifiedValue="0.0" />
            <modifier type="SPEED" value="43.0" modifiedValue="0.0" />
            <modifier type="SPEED" value="53.5" modifiedValue="1.0" />
            <modifier type="CRUISECONTROL" value="0" modifiedValue="0.00" />
            <modifier type="CRUISECONTROL" value="1" modifiedValue="0.40" />
            <modifier type="MOTOR_LOAD" value="0.2" modifiedValue="1.00" />
            <modifier type="MOTOR_LOAD" value="1.0" modifiedValue="0.00" />
        </volume>
    </motor>
    
    <motor file="sounds/40Series_load_loop.wav" linkNode="0>" innerRadius="20" outerRadius="110.0" >
        <pitch indoor="0.99" outdoor="1.03" >
            <modifier type="MOTOR_RPM" value="0.25" modifiedValue="0.75" />
            <modifier type="MOTOR_RPM" value="1.0" modifiedValue="1.00" />
            <modifier type="SPEED" value="16.5" modifiedValue="1.00" />
            <modifier type="SPEED" value="21.0" modifiedValue="1.12" />
        </pitch>
        <lowpassGain indoor="0.5" outdoor="1.0" />
        <volume indoor="0.7" outdoor="1.2" >
            <modifier type="MOTOR_LOAD" value="0.0" modifiedValue="0.00" />
            <modifier type="MOTOR_LOAD" value="0.6" modifiedValue="1.00" />
            <modifier type="ACCELERATE" value="0" modifiedValue="0.5" />
            <modifier type="ACCELERATE" value="1" modifiedValue="1.0" />
            <modifier type="CRUISECONTROL" value="0" modifiedValue="1.0" />
            <modifier type="CRUISECONTROL" value="1" modifiedValue="2.0" />
            <modifier type="SPEED" value="22.4" modifiedValue="1.0" />
            <modifier type="SPEED" value="24.4" modifiedValue="0.0" />
        </volume>
    </motor>
 
    <motor file="sounds/40Series_load_loop.wav" linkNode="0>" innerRadius="20" outerRadius="110.0" >
        <pitch indoor="0.9" outdoor="1.00" >
            <modifier type="SPEED" value="22.4" modifiedValue="0.70" />
            <modifier type="SPEED" value="37.5" modifiedValue="1.00" />
            <modifier type="SPEED" value="39.0" modifiedValue="0.75" />
            <modifier type="SPEED" value="53.0" modifiedValue="1.05" />
        </pitch>
        <lowpassGain indoor="0.5" outdoor="1.0" />
        <volume indoor="0.7" outdoor="1.1" >
            <modifier type="MOTOR_LOAD" value="0.0" modifiedValue="0.00" />
            <modifier type="MOTOR_LOAD" value="0.7" modifiedValue="1.00" />
            <modifier type="ACCELERATE" value="0" modifiedValue="0.5" />
            <modifier type="ACCELERATE" value="1" modifiedValue="1.0" />
            <modifier type="CRUISECONTROL" value="0" modifiedValue="1.0" />
            <modifier type="CRUISECONTROL" value="1" modifiedValue="2.0" />
            <modifier type="SPEED" value="22.4" modifiedValue="0.00" />
            <modifier type="SPEED" value="23.4" modifiedValue="0.50" />            
            <modifier type="SPEED" value="26.5" modifiedValue="0.95" />
            <modifier type="SPEED" value="36.9" modifiedValue="1.05" />
            <modifier type="SPEED" value="37.3" modifiedValue="0.60" />
            <modifier type="SPEED" value="39.0" modifiedValue="0.50" />
            <modifier type="SPEED" value="41.5" modifiedValue="0.95" />            
            <modifier type="SPEED" value="51.0" modifiedValue="1.10" />            
            <modifier type="SPEED" value="53.0" modifiedValue="0.80" />
        </volume>
    </motor>
    
    <gearbox template="DEFAULT_GEARBOX" file="$data/sounds/vehicles/transmission/transmission_omega_loop.wav" linkNode="0>"/>
    <retarder template="DEFAULT_RETARDER" file="$data/sounds/vehicles/retarder/retarder_loop_02.wav" linkNode="0>"/>
 

</sounds>