﻿<?xml version="1.0" encoding="utf-8" standalone="no" ?>
<vehicle type="tlx2020trailer">
    <annotation>Copyright (C) GIANTS Software GmbH, All Rights Reserved.</annotation>
	
    <storeData>
        <name>
			<en>TLX 2020 Yard-IT Trailer</en>
			<de>TLX 2020 Yard-IT Trailer</de>
			<es>TLX 2020 Yard-IT Remolque</es>
        </name>
        <functions>
            <function>$l10n_function_semiTrailer</function>
        </functions>
        <image>store/modStore_yardit2.dds</image>
        <price>3500</price>
        <lifetime>600</lifetime>
        <rotation>0</rotation>
        <brand>82S</brand>
        <category>misc</category>
        <shopTranslationOffset>0 0.04 0</shopTranslationOffset>
        <shopRotationOffset>0 0 0</shopRotationOffset>
        <vertexBufferMemoryUsage>557600</vertexBufferMemoryUsage>
        <indexBufferMemoryUsage>81276</indexBufferMemoryUsage>
        <textureMemoryUsage>16777976</textureMemoryUsage>
        <instanceVertexBufferMemoryUsage>0</instanceVertexBufferMemoryUsage>
        <instanceIndexBufferMemoryUsage>0</instanceIndexBufferMemoryUsage>
    </storeData>
	
    <base>
        <typeDesc>$l10n_typeDesc_trailer</typeDesc>
        <filename>attachments/tlx2020_lawncare.i3d</filename>
        <size width="3" length="5.5"/>
        <components count="1">
            <component centerOfMass="0 0.4 -1.45" solverIterationCount="10" mass="750"/>
        </components>
        <schemaOverlay attacherJointPosition="0 0">
            <default name="DEFAULT_IMPLEMENT"/>
            <selected name="DEFAULT_IMPLEMENT_SELECTED"/>
        </schemaOverlay>
    </base>

<!-- 	<configurationSets>
		<configurationSet isDefault="true">
            <configuration name="trailer"  	index="1" />
		</configurationSet>
	</configurationSets> -->
	
	<designConfigurations title="$l10n_configuration_decoration">
		<designConfiguration name="$l10n_configuration_inactive" price="0"/>
		<designConfiguration name="$l10n_configuration_active" price="0">
			<objectChange node="wacker_axis" visibilityActive="true" visibilityInactive="false" />
			<objectChange node="machete" visibilityActive="true" visibilityInactive="false" />
			<objectChange node="cans" visibilityActive="true" visibilityInactive="false" />
		</designConfiguration>
	</designConfigurations>
		
	<trailer>
        <trailerConfigurations title="$l10n_configuration_lights">
            <trailerConfiguration name="$l10n_configuration_valueDefault" price="0">
            </trailerConfiguration>
			<trailerConfiguration name="$l10n_configuration_worklights" price="200">
				<objectChange node="worklightsBack" visibilityActive="true" visibilityInactive="false" />
            </trailerConfiguration>
	    </trailerConfigurations>
	</trailer>
	
	<wheels>
        <wheelConfigurations>
            <wheelConfiguration name="$l10n_configuration_street" price="0" brand="STOCK">
                <wheels autoRotateBackSpeed="2.5">
                    <wheel filename="wheels/wheels.xml" configId="street" isLeft="true" hasParticles="true" hasTireTracks="true">
                        <physics rotSpeed="0" restLoad="0.7" repr="wheelBackLeft2" forcePointRatio="0.5" initialCompression="25" suspTravel="0.14" spring="19" damper="3"/>
						<wheelChock parkingNode="wheelChock01" />
                        <wheelChock parkingNode="wheelChock02" isInverted="true" />
                    </wheel>
                    <wheel filename="wheels/wheels.xml" configId="street" isLeft="false" hasParticles="true" hasTireTracks="true">
                        <physics rotSpeed="0" restLoad="0.7" repr="wheelBackRight2" forcePointRatio="0.5" initialCompression="25" suspTravel="0.14" spring="19" damper="3"/>
                    </wheel>
                </wheels>
            </wheelConfiguration>
			<wheelConfiguration name="$l10n_configuration_duals" price="0" brand="STOCK">
                <wheels autoRotateBackSpeed="2.5">
                    <wheel filename="wheels/wheels.xml" configId="dual" isLeft="true" hasParticles="true" hasTireTracks="true">
                        <physics rotSpeed="0" restLoad="0.7" repr="wheelBackLeft" forcePointRatio="0.5" initialCompression="38" suspTravel="0.08" spring="65" damper="42"/>
                        <additionalWheel filename="wheels/wheels.xml" configId="addtire" isLeft="true" offset="0.005" />
						<wheelChock parkingNode="wheelChock01" />
                        <wheelChock parkingNode="wheelChock02" isInverted="true" />
                    </wheel>
                    <wheel filename="wheels/wheels.xml" configId="dual" isLeft="false" hasParticles="true" hasTireTracks="true">
                        <physics rotSpeed="0" restLoad="0.7" repr="wheelBackRight" forcePointRatio="0.5" initialCompression="38" suspTravel="0.08" spring="65" damper="42"/>
                        <additionalWheel filename="wheels/wheels.xml" configId="addtire" isLeft="false" offset="0.005" />
                    </wheel>
                </wheels>
            </wheelConfiguration>
			<wheelConfiguration name="$l10n_configuration_nok" price="0" brand="STOCK">
                <wheels autoRotateBackSpeed="2.5">
                    <wheel filename="wheels/wheels_nok.xml" configId="dual" isLeft="true" hasParticles="true" hasTireTracks="true">
                        <physics rotSpeed="0" restLoad="0.7" repr="wheelBackLeft" forcePointRatio="0.5" initialCompression="38" suspTravel="0.08" spring="65" damper="42"/>
                        <additionalWheel filename="wheels/wheels_nok.xml" configId="addtire" isLeft="true" offset="0.005" />
						<wheelChock parkingNode="wheelChock01" />
                        <wheelChock parkingNode="wheelChock02" isInverted="true" />
                    </wheel>
                    <wheel filename="wheels/wheels_nok.xml" configId="dual" isLeft="false" hasParticles="true" hasTireTracks="true">
                        <physics rotSpeed="0" restLoad="0.7" repr="wheelBackRight" forcePointRatio="0.5" initialCompression="38" suspTravel="0.08" spring="65" damper="42"/>
                        <additionalWheel filename="wheels/wheels_nok.xml" configId="addtire" isLeft="false" offset="0.005" />
                    </wheel>
                </wheels>
			</wheelConfiguration>
			
			<wheelConfiguration name="$l10n_configuration_street" price="0" brand="SPORT">
                <wheels autoRotateBackSpeed="2.5">
                    <wheel filename="wheels/wheels.xml" configId="street_sp" isLeft="true" hasParticles="true" hasTireTracks="true">
                        <physics rotSpeed="0" restLoad="0.7" repr="wheelBackLeft2" forcePointRatio="0.5" initialCompression="25" suspTravel="0.14" spring="19" damper="3" />
						<wheelChock parkingNode="wheelChock01" />
                        <wheelChock parkingNode="wheelChock02" isInverted="true" />
                    </wheel>
                    <wheel filename="wheels/wheels.xml" configId="street_sp" isLeft="false" hasParticles="true" hasTireTracks="true">
                        <physics rotSpeed="0" restLoad="0.7" repr="wheelBackRight2" forcePointRatio="0.5" initialCompression="25" suspTravel="0.14" spring="19" damper="3" />
                    </wheel>
                </wheels>
				<objectChange node="wheelHub_L" translationActive="0.916 -0.077 0.006" translationInactive="0.958 -0.077 0.006" />
				<objectChange node="wheelHub_R" translationActive="-0.916 -0.077 0.006" translationInactive="-0.958 -0.077 0.006" />
            </wheelConfiguration>
			<wheelConfiguration name="$l10n_configuration_perf" price="0" brand="SPORT">
                <wheels autoRotateBackSpeed="2.5">
                    <wheel filename="wheels/wheels.xml" configId="dual_sp" isLeft="true" hasParticles="true" hasTireTracks="true">
                        <physics rotSpeed="0" restLoad="0.7" repr="wheelBackLeft" forcePointRatio="0.5" initialCompression="38" suspTravel="0.08" spring="65" damper="42" />
                        <additionalWheel filename="wheels/wheels.xml" configId="addtire" isLeft="true" offset="0.005" />
						<wheelChock parkingNode="wheelChock01" />
                        <wheelChock parkingNode="wheelChock02" isInverted="true" />
                    </wheel>
                    <wheel filename="wheels/wheels.xml" configId="dual_sp" isLeft="false" hasParticles="true" hasTireTracks="true">
                        <physics rotSpeed="0" restLoad="0.7" repr="wheelBackRight" forcePointRatio="0.5" initialCompression="38" suspTravel="0.08" spring="65" damper="42" />
                        <additionalWheel filename="wheels/wheels.xml" configId="addtire" isLeft="false" offset="0.005" />
                    </wheel>
                </wheels>
				<objectChange node="wheelHub_L" translationActive="0.838 -0.077 0.006" translationInactive="0.958 -0.077 0.006" />
				<objectChange node="wheelHub_R" translationActive="-0.838 -0.077 0.006" translationInactive="-0.958 -0.077 0.006" />
			</wheelConfiguration>
			<wheelConfiguration name="$l10n_configuration_nok" price="0" brand="SPORT">
                <wheels autoRotateBackSpeed="2.5">
                    <wheel filename="wheels/wheels_nok_sp.xml" configId="dual" isLeft="true" hasParticles="true" hasTireTracks="true">
                        <physics rotSpeed="0" restLoad="0.7" repr="wheelBackLeft" forcePointRatio="0.5" initialCompression="38" suspTravel="0.08" spring="65" damper="42" />
                        <additionalWheel filename="wheels/wheels_nok_sp.xml" configId="addtire" isLeft="true" offset="0.005" />
						<wheelChock parkingNode="wheelChock01" />
                        <wheelChock parkingNode="wheelChock02" isInverted="true" />
                    </wheel>
                    <wheel filename="wheels/wheels_nok_sp.xml" configId="dual" isLeft="false" hasParticles="true" hasTireTracks="true">
                        <physics rotSpeed="0" restLoad="0.7" repr="wheelBackRight" forcePointRatio="0.5" initialCompression="38" suspTravel="0.08" spring="65" damper="42" />
                        <additionalWheel filename="wheels/wheels_nok_sp.xml" configId="addtire" isLeft="false" offset="0.005" />
                    </wheel>
                </wheels>
				<objectChange node="wheelHub_L" translationActive="0.838 -0.077 0.006" translationInactive="0.958 -0.077 0.006" />
				<objectChange node="wheelHub_R" translationActive="-0.838 -0.077 0.006" translationInactive="-0.958 -0.077 0.006" />
            </wheelConfiguration>
        </wheelConfigurations>
        <ackermannSteeringConfigurations>
            <ackermannSteering rotSpeed="45" rotMax="45" rotCenterWheel1="3" rotCenterWheel2="4"/>
        </ackermannSteeringConfigurations>
    </wheels>	
	
	<dynamicallyLoadedParts>
		<dynamicallyLoadedPart node="0" linkNode="tensionBeltStart1" filename="locals/tensionHook.i3d"/>
		<dynamicallyLoadedPart node="0" linkNode="tensionBeltEnd1" filename="locals/tensionHook.i3d"/>
		<dynamicallyLoadedPart node="0" linkNode="tensionBeltStart2" filename="locals/tensionHook.i3d"/>
		<dynamicallyLoadedPart node="0" linkNode="tensionBeltEnd2" filename="locals/tensionHook.i3d"/>
		<dynamicallyLoadedPart node="0" linkNode="tensionBeltStart3" filename="locals/tensionHook.i3d"/>
		<dynamicallyLoadedPart node="0" linkNode="tensionBeltEnd3" filename="locals/tensionHook.i3d"/>
    </dynamicallyLoadedParts>

    <tensionBelts>
        <tensionBeltsConfigurations>
            <tensionBeltsConfiguration>
                <tensionBelts linkNode="tensionBelts" jointNode="0>" width="0.075" maxEdgeLength="0.1" geometryBias="0.01" ratchetPosition="0.2" defaultOffset="0.1" defaultOffsetSide="0.1" defaultHeight="4" activationTrigger="beltActivationTrigger">
                    <tensionBelt startNode="tensionBeltStart1" endNode="tensionBeltEnd1" offsetLeft="0.2"/>
                    <tensionBelt startNode="tensionBeltStart2" endNode="tensionBeltEnd2"/>
                    <tensionBelt startNode="tensionBeltStart3" endNode="tensionBeltEnd3" offsetRight="0.2"/>
                </tensionBelts>
            </tensionBeltsConfiguration>
        </tensionBeltsConfigurations>
    </tensionBelts>
	
	<lights>
		<sharedLight linkNode="rearLightOvalLEDRed_03_left" 	filename="locals/rearLightOvalLEDRed_03_left.xml" />
		<sharedLight linkNode="rearLightOvalLEDRed_01_L" 		filename="locals/rearLightOvalLEDRed_01.xml" />
		<sharedLight linkNode="rearLightOvalLEDWhite_01_L" 	filename="locals/rearLightOvalLEDWhite_01.xml" />
		<sharedLight linkNode="rearLightOvalLEDRed_03_right" 	filename="locals/rearLightOvalLEDRed_03_right.xml" />
		<sharedLight linkNode="rearLightOvalLEDRed_01_R" 		filename="locals/rearLightOvalLEDRed_01.xml" />
		<sharedLight linkNode="rearLightOvalLEDWhite_01_R" 	filename="locals/rearLightOvalLEDWhite_01.xml" />
		
		<sharedLight linkNode="sideMarker_10Orange_L1" filename="$data/shared/assets/lights/lizard/sideMarker_10Orange.xml" />
		<sharedLight linkNode="sideMarker_10Orange_L2" filename="$data/shared/assets/lights/lizard/sideMarker_10Orange.xml" />
		<sharedLight linkNode="sideMarker_10Orange_R1" filename="$data/shared/assets/lights/lizard/sideMarker_10Orange.xml" />
		<sharedLight linkNode="sideMarker_10Orange_R2" filename="$data/shared/assets/lights/lizard/sideMarker_10Orange.xml" />
		<sharedLight linkNode="rearLightCircleLEDRed_01_L" filename="$data/shared/assets/lights/lizard/rearLightCircleLEDRed01_left.xml" />
		<sharedLight linkNode="rearLightCircleLEDRed_01_R" filename="$data/shared/assets/lights/lizard/rearLightCircleLEDRed01_right.xml" />
		
		<sharedLight linkNode="hellaWorkingLightSquare_01_L" node="0" lightTypes="2" filename="$data/shared/assets/lights/hella/hellaWorkingLightSquare_01_back.xml">
            <rotationNode name="rotationNode1" rotation="15 0 0" />
        </sharedLight>
		<sharedLight linkNode="hellaWorkingLightSquare_01_R" node="0" lightTypes="2" filename="$data/shared/assets/lights/hella/hellaWorkingLightSquare_01_back.xml">
            <rotationNode name="rotationNode1" rotation="15 0 0" />
        </sharedLight>
		
        <states>
            <state lightTypes="0"/>
            <state lightTypes="0 1"/>
			<state lightTypes="0 1 2"/>
        </states>
        <realLights>
            <low>
                <brakeLight node="bedBrakeLight"/>
            </low>
            <high>
				<light node="bedSides" lightTypes="0"/>
				<light node="bedBackLight" lightTypes="0"/>
				<light node="bedWorkLight" lightTypes="2"/>
				<light node="bedWorkLight1" lightTypes="2"/>
                <brakeLight node="bedBrakeLight"/>
                <turnLightLeft node="bedTurnLeft"/>
                <turnLightRight node="bedTurnRight"/>
                <reverseLight node="bedReverseLight"/>
            </high>
        </realLights>
    </lights>
	
	<animations>
		<animation name="foldTrailer">
			<part node="door_pins"  	startTime="0.00" endTime="0.48" startTrans="1.199 0.464 -2.259" endTrans="1.199 0.674 -2.259" />
			<part node="door_pins"  	startTime="0.48" endTime="0.49" visibility="true" />
            <part node="door_pins"  	startTime="0.49" endTime="0.50" visibility="false" />
			<part node="gate_axis" 		startTime="0.50" endTime="2.00" startRot="0 0 0" endRot="-140 0 0" />		
			<part node="col_gate_axis" 	startTime="0.50" endTime="2.00" startRot="0 0 0" endRot="-140 0 0" />		
        </animation>
		
		<animation name="workLightsAnim">
            <part node="workingLightBack_L" startTime="0" endTime="1" startRot="0 0 0" endRot="0 -130 0" />
			<part node="workingLightBack_R" startTime="0" endTime="1" startRot="0 0 0" endRot="0 130 0" />
        </animation>
		
		<animation name="foldRearHitch">
            <part node="rear_hitch" startTime="0" endTime="1" startRot="0 0 0" endRot="-125 0 0" />
        </animation>
    </animations>

	<cylindered>
		<movingTools>
			<movingTool node="gate_axis" playSound="true">
				<controls axis="AXIS_FRONTLOADER_ARM" icon="$dataS2/menu/moveControls/frontloader_tool.png" invertAxis="false" invertMouseAxis="true" speedFactor="0.8"/>
				<animation animSpeed="0.3" animAcceleration="1" animName="foldTrailer" animStartTime="0" />
			</movingTool>
			<movingTool node="workingLightBack_L">
				<controls axis="AXIS_FRONTLOADER_TOOL3" iconName="FRONTLOADER_ARM_ROTATE" invertAxis="true" mousespeedFactor="1" />
				<animation animSpeed="1" animAcceleration="1" animName="workLightsAnim" animStartTime="0" />
			</movingTool>
		</movingTools>
    </cylindered>	
	
	<foldable>
        <foldingParts>
            <foldingPart animationName="foldRearHitch" speedScale="1"/>
        </foldingParts>
    </foldable>
	
	<attachable>
		<inputAttacherJointConfigurations>
			<inputAttacherJointConfiguration name="Trailer" price="2000">
				<inputAttacherJoint node="trailerAttacherJointFront" jointType="trailer" upperRotationOffset="0"/>
                <inputAttacherJoint node="trailerAttacherJointFront" jointType="trailerLow" upperRotationOffset="0"/>
				
				<objectChange node="support_frame_grp" visibilityActive="false" visibilityInactive="true" />
								
				<objectChange node="col_suppLeg1_L" compoundChildActive="false"/>
				<objectChange node="col_suppLeg1_R" compoundChildActive="false"/>
				<objectChange node="col_suppLeg2_L" compoundChildActive="false"/>
				<objectChange node="col_suppLeg2_R" compoundChildActive="false"/>
			</inputAttacherJointConfiguration>
		</inputAttacherJointConfigurations>
        <brakeForce>0.1</brakeForce>
    </attachable>

	<attacherJoints>
        <attacherJoint node="trailerAttacherJointBack" jointType="trailer" lowerRotLimit="10 70 50" upperRotationOffset="0" allowsJointLimitMovement="false" comboTime="1">
            <schema position="1 0" rotation="0" invertX="false"/>
            <attachSound template="ATTACH_01" linkNode="0>"/>
        </attacherJoint>
        <attacherJoint node="trailerAttacherJointBack" jointType="trailerLow" lowerRotLimit="10 70 50" upperRotationOffset="0" allowsJointLimitMovement="false" comboTime="1">
            <schema position="1 0" rotation="0" invertX="false"/>
            <attachSound template="ATTACH_01" linkNode="0>"/>
        </attacherJoint>
    </attacherJoints>

	<foliageBending>
        <bendingNode minX="-1.05" maxX="1.05" minZ="-2.8" maxZ="-1.0 " yOffset="0.6" />
        <bendingNode minX="-0.50" maxX="0.50" minZ="-1.1" maxZ="1.6 " yOffset="0.6" />
        <bendingNode minX="-0.90" maxX="0.90" minZ="-1.1" maxZ="1.6 " yOffset="1.6" />
    </foliageBending>
	
    <baseMaterial>
        <material name="lawn_mat" baseNode="lawncare_bed">
            <shaderParameter name="colorMat0" value="SHARED_GREY2"/>
        </material>
    </baseMaterial>
	
	<baseMaterialConfigurations useDefaultColors="true" price="1200">
		<baseMaterialConfiguration name="Stock" color="0.02 0.02 0.02" material="6" />
		
		<baseMaterialConfiguration name="Black Metal" color="0.01 0.01 0.01" material="0" />
		<baseMaterialConfiguration name="Black Metal Aged" color="0 0 0" material="6" />
		
		<baseMaterialConfiguration name="LawnGreen" color="0.027 0.058 0.048" material="0" />
		<baseMaterialConfiguration name="LawnGreen New Age" color="0.027 0.058 0.048" material="27" />
		<baseMaterialConfiguration name="LawnGreen Aged" color="0.027 0.058 0.048" material="6" />
		
		<baseMaterialConfiguration name="Olive" color="LIZARD_OLIVE1" material="0" />
		<baseMaterialConfiguration name="Olive New Age" color="LIZARD_OLIVE1" material="27" />
		<baseMaterialConfiguration name="Olive Aged" color="LIZARD_OLIVE1" material="6" />
		
		<baseMaterialConfiguration name="Dark Steel" color="0.35 0.35 0.40" material="8" />
		<baseMaterialConfiguration name="Stainless Steel" color="0.92 0.92 0.92" material="8" />
		<baseMaterialConfiguration name="Aluminum" color="0.65 0.65 0.75" material="3" />
		<baseMaterialConfiguration name="Polished" color="0.95 0.95 1" material="3" />
		
		<baseMaterialConfiguration name="Blue Jeans" color="0.004 0.02 0.059" material="0" />
		<baseMaterialConfiguration name="Blue Jeans New Age" color="0.004 0.02 0.059" material="27" />
		<baseMaterialConfiguration name="Blue Jeans Aged" color="0.004 0.02 0.059" material="6" />
		
		<baseMaterialConfiguration name="Ruby Red" color="0.3 0 0.004" material="0" />
		<baseMaterialConfiguration name="Ruby Red New Age" color="0.3 0 0.004" material="27" />
		<baseMaterialConfiguration name="Ruby Red Aged" color="0.3 0 0.004" material="6" />
		
		<baseMaterialConfiguration name="Race Red" color="0.657 0.012 0" material="0" />
		<baseMaterialConfiguration name="Race Red New Age" color="0.657 0.012 0" material="27" />
		<baseMaterialConfiguration name="Race Red Aged" color="0.657 0.012 0" material="6" />
		
		<baseMaterialConfiguration name="White Gold" color="0.973 0.976 0.545" material="27" />
		<baseMaterialConfiguration name="Bronze Fire" color="0.153 0.029 0.01" material="27" />
		
		<baseMaterialConfiguration name="Default" color="0 0.02 0.1" material="0" />
		<baseMaterialConfiguration name="New Age" color="0 0.02 0.1" material="27" />
        
		<baseMaterialConfiguration name="Pure White" color="STOLL_WHITE2" material="0" />
        <baseMaterialConfiguration name="Pearl White" color="STOLL_WHITE2" material="27" />
        <baseMaterialConfiguration name="Aged White" color="STOLL_WHITE2" material="6" />
		
		<baseMaterialConfiguration name="New Silver" color="SHARED_GREY2" material="27" />
		<baseMaterialConfiguration name="Scarlet Red" color="CASEIH_RED1" material="27" />
		<baseMaterialConfiguration name="Pearl White" color="STOLL_WHITE2" material="27" />
        <baseMaterialConfiguration name="Gun Metal" color="SHARED_GREY5" material="27" />
		<baseMaterialConfiguration name="Dark Moon" color="0.02 0.02 0.02" material="27" />
		<baseMaterialConfiguration name="Blaze Orange" color="FLIEGL_ORANGE1" material="27" />
		<baseMaterialConfiguration name="Nitro Blue" color="NEWHOLLAND_BLUE1" material="27" />
		<baseMaterialConfiguration name="Deep Blue" color="HATZENBICHLER_DARKBLUE1" material="27" />
		
        <material name="lawn_mat" shaderParameter="colorMat0" />
    </baseMaterialConfigurations>
	
    <wearable wearDuration="480" workMultiplier="5" fieldMultiplier="2"/>
    <washable dirtDuration="90" washDuration="1" workMultiplier="3" fieldMultiplier="2"/>

<i3dMappings>
  <i3dMapping id="tlx2020_logger_main_component1" node="0>" />
  <i3dMapping id="logit_vis" node="0>0" />
  <i3dMapping id="wheels" node="0>0|0" />
  <i3dMapping id="wheelBackLeft" node="0>0|0|0" />
  <i3dMapping id="wheelBackRight" node="0>0|0|1" />
  <i3dMapping id="wheelBackLeft2" node="0>0|0|2" />
  <i3dMapping id="wheelBackRight2" node="0>0|0|3" />
  <i3dMapping id="lawncare_vis" node="0>0|1" />
  <i3dMapping id="lawncare_bed" node="0>0|1|0" />
  <i3dMapping id="box_cover" node="0>0|1|1" />
  <i3dMapping id="gate_axis" node="0>0|1|2" />
  <i3dMapping id="back_gate_0" node="0>0|1|2|0" />
  <i3dMapping id="backgate_pin" node="0>0|1|2|1" />
  <i3dMapping id="back_gate_1" node="0>0|1|2|2" />
  <i3dMapping id="door_pins" node="0>0|1|3" />
  <i3dMapping id="filling_grp" node="0>0|1|4" />
  <i3dMapping id="sides" node="0>0|1|4|0" />
  <i3dMapping id="front" node="0>0|1|4|1" />
  <i3dMapping id="box" node="0>0|1|4|2" />
  <i3dMapping id="box_cover_hinges" node="0>0|1|5" />
  <i3dMapping id="diamond_plate" node="0>0|1|6" />
  <i3dMapping id="decoration" node="0>0|1|7" />
  <i3dMapping id="wacker_axis" node="0>0|1|7|0" />
  <i3dMapping id="weedwacker" node="0>0|1|7|0|0" />
  <i3dMapping id="machete" node="0>0|1|7|1" />
  <i3dMapping id="cans" node="0>0|1|7|2" />
  <i3dMapping id="gastank" node="0>0|1|7|3" />
  <i3dMapping id="lights" node="0>0|1|8" />
  <i3dMapping id="sharedLights_0" node="0>0|1|8|0" />
  <i3dMapping id="worklightsBack" node="0>0|1|8|0|0" />
  <i3dMapping id="workingLightBack_L" node="0>0|1|8|0|0|0" />
  <i3dMapping id="bedWorkLight" node="0>0|1|8|0|0|0|0" />
  <i3dMapping id="hellaWorkingLightSquare_01_L" node="0>0|1|8|0|0|0|1" />
  <i3dMapping id="workingLightBack_R" node="0>0|1|8|0|0|1" />
  <i3dMapping id="bedWorkLight1" node="0>0|1|8|0|0|1|0" />
  <i3dMapping id="hellaWorkingLightSquare_01_R" node="0>0|1|8|0|0|1|1" />
  <i3dMapping id="sideMarker_10Orange_L1" node="0>0|1|8|0|1" />
  <i3dMapping id="sideMarker_10Orange_L2" node="0>0|1|8|0|2" />
  <i3dMapping id="sideMarker_10Orange_R1" node="0>0|1|8|0|3" />
  <i3dMapping id="sideMarker_10Orange_R2" node="0>0|1|8|0|4" />
  <i3dMapping id="rearLightCircleRed_02_L" node="0>0|1|8|0|5" />
  <i3dMapping id="rearLightCircleLEDRed_01_L" node="0>0|1|8|0|5|0" />
  <i3dMapping id="rearLightCircleRed_02_R" node="0>0|1|8|0|6" />
  <i3dMapping id="rearLightCircleLEDRed_01_R" node="0>0|1|8|0|6|0" />
  <i3dMapping id="bedlights" node="0>0|1|8|1" />
  <i3dMapping id="bedSides" node="0>0|1|8|1|0" />
  <i3dMapping id="bedSides1" node="0>0|1|8|1|0|0" />
  <i3dMapping id="bedSides2" node="0>0|1|8|1|0|1" />
  <i3dMapping id="bedSides3" node="0>0|1|8|1|0|2" />
  <i3dMapping id="sharedLights_1" node="0>0|1|9" />
  <i3dMapping id="rearLightOvalLEDRed_03_left" node="0>0|1|9|0" />
  <i3dMapping id="rearLightOvalLEDRed_01_L" node="0>0|1|9|1" />
  <i3dMapping id="rearLightOvalLEDWhite_01_L" node="0>0|1|9|2" />
  <i3dMapping id="rearLightOvalLEDRed_03_right" node="0>0|1|9|3" />
  <i3dMapping id="rearLightOvalLEDRed_01_R" node="0>0|1|9|4" />
  <i3dMapping id="rearLightOvalLEDWhite_01_R" node="0>0|1|9|5" />
  <i3dMapping id="bedTurnLeft" node="0>0|1|9|6" />
  <i3dMapping id="bedTurnRight" node="0>0|1|9|7" />
  <i3dMapping id="bedBackLight" node="0>0|1|9|8" />
  <i3dMapping id="bedBackLight1" node="0>0|1|9|8|0" />
  <i3dMapping id="bedBrakeLight" node="0>0|1|9|9" />
  <i3dMapping id="bedBrakeLight1" node="0>0|1|9|9|0" />
  <i3dMapping id="bedReverseLight" node="0>0|1|9|10" />
  <i3dMapping id="bedReverseLight1" node="0>0|1|9|10|0" />
  <i3dMapping id="attached_parts" node="0>0|1|10" />
  <i3dMapping id="mudguards" node="0>0|1|10|0" />
  <i3dMapping id="tipper_fixed_parts1" node="0>0|1|10|1" />
  <i3dMapping id="attach_parts" node="0>0|1|10|2" />
  <i3dMapping id="trailer_frame" node="0>0|1|11" />
  <i3dMapping id="wheelChocks" node="0>0|1|11|0" />
  <i3dMapping id="chockSupport01" node="0>0|1|11|0|0" />
  <i3dMapping id="wheelChock01" node="0>0|1|11|0|0|0" />
  <i3dMapping id="chockSupport02" node="0>0|1|11|0|1" />
  <i3dMapping id="wheelChock02" node="0>0|1|11|0|1|0" />
  <i3dMapping id="trailer_axle" node="0>0|1|12" />
  <i3dMapping id="wheelHub_L" node="0>0|1|12|0" />
  <i3dMapping id="wheelHub_R" node="0>0|1|12|1" />
  <i3dMapping id="axle" node="0>0|1|12|2" />
  <i3dMapping id="bed_stripes" node="0>0|1|13" />
  <i3dMapping id="tensionBelts" node="0>0|2" />
  <i3dMapping id="tensionBeltStart1" node="0>0|2|0" />
  <i3dMapping id="tensionBeltEnd1" node="0>0|2|0|0" />
  <i3dMapping id="tensionBeltStart2" node="0>0|2|1" />
  <i3dMapping id="tensionBeltEnd2" node="0>0|2|1|0" />
  <i3dMapping id="tensionBeltStart3" node="0>0|2|2" />
  <i3dMapping id="tensionBeltEnd3" node="0>0|2|2|0" />
  <i3dMapping id="beltActivationTrigger" node="0>0|2|3" />
  <i3dMapping id="support_frame_grp" node="0>0|3" />
  <i3dMapping id="support_frame_1" node="0>0|3|0" />
  <i3dMapping id="support_extension1_L" node="0>0|3|0|0" />
  <i3dMapping id="support_legs1_L" node="0>0|3|0|0|0" />
  <i3dMapping id="support_extension1_R" node="0>0|3|0|1" />
  <i3dMapping id="support_legs1_R" node="0>0|3|0|1|0" />
  <i3dMapping id="support_frame_2" node="0>0|3|1" />
  <i3dMapping id="support_extension2_L" node="0>0|3|1|0" />
  <i3dMapping id="support_legs2_L" node="0>0|3|1|0|0" />
  <i3dMapping id="support_extension2_R" node="0>0|3|1|1" />
  <i3dMapping id="support_legs2_R" node="0>0|3|1|1|0" />
  <i3dMapping id="attacherJoints" node="0>0|4" />
  <i3dMapping id="attacherJointFrames" node="0>0|4|0" />
  <i3dMapping id="trailerAttacherJointFront" node="0>0|4|1" />
  <i3dMapping id="rear_hitch_base" node="0>0|4|2" />
  <i3dMapping id="rear_hitch" node="0>0|4|2|0" />
  <i3dMapping id="trailerAttacherJointBack" node="0>0|4|2|0|0" />
  <i3dMapping id="collisions" node="0>1" />
  <i3dMapping id="col_neck" node="0>1|0" />
  <i3dMapping id="col_left" node="0>1|1" />
  <i3dMapping id="col_right" node="0>1|2" />
  <i3dMapping id="col_floor" node="0>1|3" />
  <i3dMapping id="col_tail" node="0>1|4" />
  <i3dMapping id="col_topbox" node="0>1|5" />
  <i3dMapping id="col_gastank" node="0>1|6" />
  <i3dMapping id="col_front" node="0>1|7" />
  <i3dMapping id="col_gate_axis" node="0>1|8" />
  <i3dMapping id="col_gate" node="0>1|8|0" />
  <i3dMapping id="col_legs" node="0>1|9" />
  <i3dMapping id="col_legs_L" node="0>1|9|0" />
  <i3dMapping id="col_suppLeg1_L" node="0>1|9|0|0" />
  <i3dMapping id="col_suppLeg2_L" node="0>1|9|0|1" />
  <i3dMapping id="col_legs_R" node="0>1|9|1" />
  <i3dMapping id="col_suppLeg1_R" node="0>1|9|1|0" />
  <i3dMapping id="col_suppLeg2_R" node="0>1|9|1|1" />
</i3dMappings>

</vehicle>
