﻿<?xml version="1.0" encoding="utf-8" standalone="no" ?>
<vehicle type="tlx2020trailer">
    <annotation>Copyright (C) GIANTS Software GmbH, All Rights Reserved.</annotation>
	
    <storeData>
        <name>
			<en>TLX 2020 Log-IT</en>
			<de>TLX 2020 Log-IT</de>
			<es>TLX 2020 Log-IT</es>
        </name>
        <functions>
            <function>$l10n_function_forestryTransport</function>
            <function>$l10n_function_semiTrailer</function>
        </functions>
        <image>store/modStore_logit.dds</image>
        <price>3500</price>
        <lifetime>600</lifetime>
        <rotation>0</rotation>
        <brand>82S</brand>
        <category>misc</category>
        <shopTranslationOffset>0 0.04 0</shopTranslationOffset>
        <shopRotationOffset>0 0 0</shopRotationOffset>
        <vertexBufferMemoryUsage>350368</vertexBufferMemoryUsage>
        <indexBufferMemoryUsage>49644</indexBufferMemoryUsage>
        <textureMemoryUsage>9088264</textureMemoryUsage>
        <instanceVertexBufferMemoryUsage>0</instanceVertexBufferMemoryUsage>
        <instanceIndexBufferMemoryUsage>0</instanceIndexBufferMemoryUsage>
    </storeData>
	
    <base>
        <typeDesc>$l10n_typeDesc_trailer</typeDesc>
        <filename>attachments/txl2020_logit.i3d</filename>
        <size width="3" length="5.5"/>
        <components count="1">
            <component centerOfMass="0 0.4 -1.45" solverIterationCount="10" mass="1000"/>
        </components>
        <schemaOverlay attacherJointPosition="0 0">
            <default name="DEFAULT_IMPLEMENT"/>
            <selected name="DEFAULT_IMPLEMENT_SELECTED"/>
        </schemaOverlay>
    </base>
	
	<trailer>
        <trailerConfigurations title="$l10n_configuration_lights">
            <trailerConfiguration name="$l10n_configuration_valueDefault" price="0">
            </trailerConfiguration>
			<trailerConfiguration name="$l10n_configuration_worklights" price="200">
				<objectChange node="worklightsBack" visibilityActive="true" visibilityInactive="false" />
            </trailerConfiguration>
	    </trailerConfigurations>
	</trailer>
		
	<lights>
		<sharedLight linkNode="rearLightOvalLEDRed_03_left" 	filename="locals/rearLightOvalLEDRed_03_left.xml" />
		<sharedLight linkNode="rearLightOvalLEDRed_01_L" 		filename="locals/rearLightOvalLEDRed_01.xml" />
		<sharedLight linkNode="rearLightOvalLEDWhite_01_L" 	filename="locals/rearLightOvalLEDWhite_01.xml" />
		<sharedLight linkNode="rearLightOvalLEDRed_03_right" 	filename="locals/rearLightOvalLEDRed_03_right.xml" />
		<sharedLight linkNode="rearLightOvalLEDRed_01_R" 		filename="locals/rearLightOvalLEDRed_01.xml" />
		<sharedLight linkNode="rearLightOvalLEDWhite_01_R" 	filename="locals/rearLightOvalLEDWhite_01.xml" />
		
		<sharedLight linkNode="sideMarker_10Orange_L" filename="$data/shared/assets/lights/lizard/sideMarker_10Orange.xml" />
		<sharedLight linkNode="sideMarker_10Orange_R" filename="$data/shared/assets/lights/lizard/sideMarker_10Orange.xml" />
		<sharedLight linkNode="sideMarker_10Red_L" filename="$data/shared/assets/lights/lizard/sideMarker_10Red.xml" />
		<sharedLight linkNode="sideMarker_10Red_R" filename="$data/shared/assets/lights/lizard/sideMarker_10Red.xml" />
		
		<sharedLight linkNode="hellaWorkingLightSquare_01_L" node="0" lightTypes="2" filename="$data/shared/assets/lights/hella/hellaWorkingLightSquare_01_back.xml">
            <rotationNode name="rotationNode1" rotation="15 0 0" />
        </sharedLight>
		<sharedLight linkNode="hellaWorkingLightSquare_01_R" node="0" lightTypes="2" filename="$data/shared/assets/lights/hella/hellaWorkingLightSquare_01_back.xml">
            <rotationNode name="rotationNode1" rotation="15 0 0" />
        </sharedLight>
		
        <states>
            <state lightTypes="0"/>
            <state lightTypes="0 1"/>
			<state lightTypes="0 1 2"/>
        </states>
        <realLights>
            <low>
                <brakeLight node="bedBrakeLight"/>
            </low>
            <high>
				<light node="bedSides" lightTypes="0"/>
				<light node="bedBackLight" lightTypes="0"/>
				<light node="bedWorkLight" lightTypes="2"/>
				<light node="bedWorkLight1" lightTypes="2"/>
                <brakeLight node="bedBrakeLight"/>
                <turnLightLeft node="bedTurnLeft"/>
                <turnLightRight node="bedTurnRight"/>
                <reverseLight node="bedReverseLight"/>
            </high>
        </realLights>
    </lights>
	
	<animations>
		<animation name="foldTrailer">
			<part node="logbed_extension" 	startTime="0.0" endTime="0.5" startTrans="0 1.104 1.812" endTrans="0 1.354 1.057" />
			<part node="logbed_extension" 	startTime="0.3" endTime="0.8" startRot="0 0 0" endRot="-90 0 0" />
			<part node="logbed_extension" 	startTime="0.8" endTime="1.2" startTrans="0 1.354 1.057" endTrans="0 0.542 1.238" />
			
			<part node="logbed_poleF" 		startTime="0.0" endTime="0.5" startTrans="0 -0.029 0.524" endTrans="0 -0.029 1.182" />
			<part node="logbed_poleF" 		startTime="0.3" endTime="0.8" startRot="0 0 0" endRot="-90 0 0" />
			<part node="logbed_poleF" 		startTime="0.8" endTime="1.2" startScale="1 1 1" endScale="0.939 1 1" />
			
			<part node="logbed_poleB" 		startTime="0.0" endTime="0.5" startTrans="0 -0.029 -0.662" endTrans="0 -0.029 -1.1" />
			<part node="logbed_poleB" 		startTime="0.3" endTime="0.8" startRot="0 0 0" endRot="90 0 0" />
			<part node="logbed_poleB" 		startTime="0.8" endTime="1.2" startScale="1 1 1" endScale="0.939 1 1" />
			
			<part node="col_extension" 		startTime="0.0" endTime="0.5" startTrans="0 1.104 1.812" endTrans="0 1.354 1.057" />
			<part node="col_extension" 		startTime="0.3" endTime="0.8" startRot="0 0 0" endRot="-90 0 0" />
			<part node="col_extension" 		startTime="0.8" endTime="1.2" startTrans="0 1.354 1.057" endTrans="0 0.542 1.238" />
			
			<part node="col_poleL1" 		startTime="0.0" endTime="0.5" startTrans="0 -0.029 0.524" endTrans="0 -0.029 1.182" />
			<part node="col_poleL1" 		startTime="0.3" endTime="0.8" startRot="0 0 0" endRot="-90 0 0" />
			<part node="col_poleL1" 		startTime="0.8" endTime="1.2" startScale="1 1 1" endScale="0.939 1 1" />
			<part node="col_poleR1" 		startTime="0.0" endTime="0.5" startTrans="0 -0.029 0.524" endTrans="0 -0.029 1.182" />
			<part node="col_poleR1" 		startTime="0.3" endTime="0.8" startRot="0 0 0" endRot="-90 0 0" />
			<part node="col_poleR1" 		startTime="0.8" endTime="1.2" startScale="1 1 1" endScale="0.939 1 1" />
			
			<part node="col_poleL2" 		startTime="0.0" endTime="0.5" startTrans="0 -0.029 -0.662" endTrans="0 -0.029 -1.1" />
			<part node="col_poleL2" 		startTime="0.3" endTime="0.8" startRot="0 0 0" endRot="90 0 0" />
			<part node="col_poleL2" 		startTime="0.8" endTime="1.2" startScale="1 1 1" endScale="0.939 1 1" />			
			<part node="col_poleR2" 		startTime="0.0" endTime="0.5" startTrans="0 -0.029 -0.662" endTrans="0 -0.029 -1.1" />
			<part node="col_poleR2" 		startTime="0.3" endTime="0.8" startRot="0 0 0" endRot="90 0 0" />
			<part node="col_poleR2" 		startTime="0.8" endTime="1.2" startScale="1 1 1" endScale="0.939 1 1" />			
        </animation>
		
		<animation name="moveSupport">
			<part node="col_legs"    direction="-1" startTime="0" endTime="0.3" startTrans="0 0.784 2" endTrans="0 0.780 1.98" />
            <part node="col_legs"    direction="-1" startTime="0.3" endTime="1.2" startTrans="0 0.780 1.98" endTrans="0 -0.207 0" />
			<part node="col_legs_L"   direction="-1" startTime="0" endTime="0.3" startTrans="-1 0 0" endTrans="0 0 0" />
			<part node="col_legs_R"  direction="-1" startTime="0" endTime="0.3" startTrans="1 0 0" endTrans="0 0 0" />
            <part node="support_frame_grp"  direction="-1" startTime="0" endTime="0.9" visibility="false" />
            <part node="support_frame_grp"  direction="-1" startTime="0.9" endTime="1.2" visibility="true" />
			<part node="attached_parts"  direction="-1" startTime="0" endTime="0.9" visibility="true" />
            <part node="attached_parts"  direction="-1" startTime="0.9" endTime="1.2" visibility="false" />
            <part node="col_legs"    direction="1" startTime="0.01" endTime="0.02" startTrans="0 0.471 1.99" endTrans="0 0 0" />
            <part node="col_legs"    direction="1" startTime="0.02" endTime="1.2" startTrans="0 0 0" endTrans="0 -0.207 0" />
			<part node="col_legs_L"   direction="1" startTime="0" endTime="0.01" startTrans="-1 0 0" endTrans="-0.02 0 0" />
            <part node="col_legs_R"  direction="1" startTime="0" endTime="0.01" startTrans="1 0 0" endTrans="0.02 0 0" />
            <part node="col_legs_L"   direction="1" startTime="0.01" endTime="0.3" startTrans="-0.02 0 0" endTrans="-0.01 0 0" />
            <part node="col_legs_R"  direction="1" startTime="0.01" endTime="0.3" startTrans="0.02 0 0" endTrans="0.01 0 0" />
            <part node="col_legs_L"   direction="1" startTime="0.3" endTime="1.2" startTrans="-0.01 0 0" endTrans="0 0 0" />
            <part node="col_legs_R"  direction="1" startTime="0.3" endTime="1.2" startTrans="0.01 0 0" endTrans="0 0 0" />
            <part node="support_frame_grp"  direction="1" startTime="0" endTime="0.02" visibility="false" />
            <part node="support_frame_grp"  direction="1" startTime="0.02" endTime="1.2" visibility="true" />
			<part node="attached_parts"  direction="1" startTime="0" endTime="0.02" visibility="true" />
            <part node="attached_parts"  direction="1" startTime="0.02" endTime="1.2" visibility="false" />
        </animation>
		
		<animation name="workLightsAnim">
            <part node="workingLightBack_L" startTime="0" endTime="1" startRot="0 0 0" endRot="0 -130 0" />
			<part node="workingLightBack_R" startTime="0" endTime="1" startRot="0 0 0" endRot="0 130 0" />
        </animation>
    </animations>
	
	<cylindered>
		<movingTools>
			<movingTool node="workingLightBack_L">
				<controls axis="AXIS_FRONTLOADER_TOOL3" iconName="FRONTLOADER_ARM_ROTATE" invertAxis="true" mousespeedFactor="1" />
				<animation animSpeed="1" animAcceleration="1" animName="workLightsAnim" animStartTime="0" />
			</movingTool>
		</movingTools>
    </cylindered>	
	
	<dynamicallyLoadedParts>
		<dynamicallyLoadedPart node="0" linkNode="tensionBeltStart1" filename="locals/tensionHook.i3d"/>
		<dynamicallyLoadedPart node="0" linkNode="tensionBeltEnd1" filename="locals/tensionHook.i3d"/>
		<dynamicallyLoadedPart node="0" linkNode="tensionBeltStart2" filename="locals/tensionHook.i3d"/>
		<dynamicallyLoadedPart node="0" linkNode="tensionBeltEnd2" filename="locals/tensionHook.i3d"/>
		<dynamicallyLoadedPart node="0" linkNode="tensionBeltStart3" filename="locals/tensionHook.i3d"/>
		<dynamicallyLoadedPart node="0" linkNode="tensionBeltEnd3" filename="locals/tensionHook.i3d"/>
    </dynamicallyLoadedParts>

    <tensionBelts>
        <tensionBeltsConfigurations>
            <tensionBeltsConfiguration>
                <tensionBelts linkNode="tensionBelts" rootNode="tlx2020_logger_main_component1" jointNode="tlx2020_logger_main_component1" width="0.075" maxEdgeLength="0.1" geometryBias="0.01" ratchetPosition="0.2" defaultOffset="0.1" defaultOffsetSide="0.1" defaultHeight="4" activationTrigger="beltActivationTrigger">
                    <tensionBelt startNode="tensionBeltStart1" endNode="tensionBeltEnd1" offsetLeft="0.2"/>
                    <tensionBelt startNode="tensionBeltStart2" endNode="tensionBeltEnd2"/>
                    <tensionBelt startNode="tensionBeltStart3" endNode="tensionBeltEnd3" offsetRight="0.2"/>
                </tensionBelts>
            </tensionBeltsConfiguration>
        </tensionBeltsConfigurations>
    </tensionBelts>	
	
	<foldable>
        <foldingParts>
            <foldingPart animationName="foldTrailer" speedScale="1"/>
        </foldingParts>
    </foldable>
	
	<attachable>
		<inputAttacherJointConfigurations>
			<inputAttacherJointConfiguration>
				<inputAttacherJoint node="attacherJointFrames" jointType="82logit" lowerRotLimitScale="0 0 0" upperRotLimitScale="0 0 0" upperRotationOffset="0" lowerTransLimitScale="0 0 0" upperTransLimitScale="0 0 0"/>
				
				<objectChange node="trailer_axle" visibilityActive="false" visibilityInactive="true" />
				<objectChange node="trailer_frame" visibilityActive="false" visibilityInactive="true" />
				
				<objectChange node="col_neck" compoundChildActive="false"/>
			</inputAttacherJointConfiguration>
		</inputAttacherJointConfigurations>
		<support animationName="moveSupport" delayedOnAttach="false"/>
    </attachable>

	<attacherJoints>
        <attacherJoint node="trailerAttacherJointBack" jointType="trailer" lowerRotLimit="10 70 50" upperRotationOffset="0" allowsJointLimitMovement="false" comboTime="1">
            <schema position="1 0" rotation="0" invertX="false"/>
            <attachSound template="ATTACH_01" linkNode="0>"/>
        </attacherJoint>
        <attacherJoint node="trailerAttacherJointBack" jointType="trailerLow" lowerRotLimit="10 70 50" upperRotationOffset="0" allowsJointLimitMovement="false" comboTime="1">
            <schema position="1 0" rotation="0" invertX="false"/>
            <attachSound template="ATTACH_01" linkNode="0>"/>
        </attacherJoint>
    </attacherJoints>

	<foliageBending>
        <bendingNode minX="-1.05" maxX="1.05" minZ="-2.8" maxZ="-1.0 " yOffset="0.6" />
        <bendingNode minX="-0.50" maxX="0.50" minZ="-1.1" maxZ="1.6 " yOffset="0.6" />
        <bendingNode minX="-0.90" maxX="0.90" minZ="-1.1" maxZ="1.6 " yOffset="1.6" />
    </foliageBending>
	
    <baseMaterial>
        <material name="logbed_mat" baseNode="logbed_frame">
            <shaderParameter name="colorMat0" value="SHARED_GREY2"/>
			<shaderParameter name="colorMat1" value="SHARED_GREY2"/>
        </material>
    </baseMaterial>
	
	<baseMaterialConfigurations useDefaultColors="true" price="1200">
		<baseMaterialConfiguration name="Stock" color="0.02 0.02 0.02" material="6" />
		
		<baseMaterialConfiguration name="LawnGreen" color="0.027 0.058 0.048" material="0" />
		<baseMaterialConfiguration name="LawnGreen New Age" color="0.027 0.058 0.048" material="27" />
		<baseMaterialConfiguration name="LawnGreen Aged" color="0.027 0.058 0.048" material="6" />
		
		<baseMaterialConfiguration name="Olive" color="LIZARD_OLIVE1" material="0" />
		<baseMaterialConfiguration name="Olive New Age" color="LIZARD_OLIVE1" material="27" />
		<baseMaterialConfiguration name="Olive Aged" color="LIZARD_OLIVE1" material="6" />
		
		<baseMaterialConfiguration name="Black Metal" color="0.01 0.01 0.01" material="0" />
		<baseMaterialConfiguration name="Black Metal Aged" color="0 0 0" material="6" />
		
		<baseMaterialConfiguration name="Dark Steel" color="0.35 0.35 0.40" material="8" />
		<baseMaterialConfiguration name="Stainless Steel" color="0.92 0.92 0.92" material="8" />
		<baseMaterialConfiguration name="Aluminum" color="0.65 0.65 0.75" material="3" />
		<baseMaterialConfiguration name="Polished" color="0.95 0.95 1" material="3" />
		
		<baseMaterialConfiguration name="Blue Jeans" color="0.004 0.02 0.059" material="0" />
		<baseMaterialConfiguration name="Blue Jeans New Age" color="0.004 0.02 0.059" material="27" />
		<baseMaterialConfiguration name="Blue Jeans Aged" color="0.004 0.02 0.059" material="6" />
		
		<baseMaterialConfiguration name="Ruby Red" color="0.3 0 0.004" material="0" />
		<baseMaterialConfiguration name="Ruby Red New Age" color="0.3 0 0.004" material="27" />
		<baseMaterialConfiguration name="Ruby Red Aged" color="0.3 0 0.004" material="6" />
		
		<baseMaterialConfiguration name="Race Red" color="0.657 0.012 0" material="0" />
		<baseMaterialConfiguration name="Race Red New Age" color="0.657 0.012 0" material="27" />
		<baseMaterialConfiguration name="Race Red Aged" color="0.657 0.012 0" material="6" />
		
		<baseMaterialConfiguration name="White Gold" color="0.973 0.976 0.545" material="27" />
		<baseMaterialConfiguration name="Bronze Fire" color="0.153 0.029 0.01" material="27" />
		
		<baseMaterialConfiguration name="Default" color="0 0.02 0.1" material="0" />
		<baseMaterialConfiguration name="New Age" color="0 0.02 0.1" material="27" />
        
		<baseMaterialConfiguration name="Pure White" color="STOLL_WHITE2" material="0" />
        <baseMaterialConfiguration name="Pearl White" color="STOLL_WHITE2" material="27" />
        <baseMaterialConfiguration name="Aged White" color="STOLL_WHITE2" material="6" />
		
		<baseMaterialConfiguration name="New Silver" color="SHARED_GREY2" material="27" />
		<baseMaterialConfiguration name="Scarlet Red" color="CASEIH_RED1" material="27" />
		<baseMaterialConfiguration name="Pearl White" color="STOLL_WHITE2" material="27" />
        <baseMaterialConfiguration name="Gun Metal" color="SHARED_GREY5" material="27" />
		<baseMaterialConfiguration name="Dark Moon" color="0.02 0.02 0.02" material="27" />
		<baseMaterialConfiguration name="Blaze Orange" color="FLIEGL_ORANGE1" material="27" />
		<baseMaterialConfiguration name="Nitro Blue" color="NEWHOLLAND_BLUE1" material="27" />
		<baseMaterialConfiguration name="Deep Blue" color="HATZENBICHLER_DARKBLUE1" material="27" />
		
        <material name="logbed_mat" shaderParameter="colorMat0" />
    </baseMaterialConfigurations>
	
	<designMaterialConfigurations useDefaultColors="true" price="1200">
		<designMaterialConfiguration name="Stock" color="0.358 0 0" material="6" />
	
		<designMaterialConfiguration name="LawnGreen" color="0.027 0.058 0.048" material="0" />
		<designMaterialConfiguration name="LawnGreen New Age" color="0.027 0.058 0.048" material="27" />
		<designMaterialConfiguration name="LawnGreen Aged" color="0.027 0.058 0.048" material="6" />
		
		<designMaterialConfiguration name="Olive" color="LIZARD_OLIVE1" material="0" />
		<designMaterialConfiguration name="Olive New Age" color="LIZARD_OLIVE1" material="27" />
		<designMaterialConfiguration name="Olive Aged" color="LIZARD_OLIVE1" material="6" />
		
		<designMaterialConfiguration name="Aluminum" color="0.65 0.65 0.75" material="3" />
		<designMaterialConfiguration name="Black" color="0.02 0.02 0.02" material="6" />
		<designMaterialConfiguration name="Black Metal" color="0.01 0.01 0.01" material="0" />
		<designMaterialConfiguration name="Black Metal Aged" color="0 0 0" material="6" />
		
		<designMaterialConfiguration name="Dark Steel" color="0.35 0.35 0.40" material="8" />
		<designMaterialConfiguration name="Stainless Steel" color="0.92 0.92 0.92" material="8" />
		<designMaterialConfiguration name="Polished" color="0.95 0.95 1" material="3" />
        
		<designMaterialConfiguration name="Pure White" color="STOLL_WHITE2" material="0" />
        <designMaterialConfiguration name="Pearl White" color="STOLL_WHITE2" material="27" />
        <designMaterialConfiguration name="Aged White" color="STOLL_WHITE2" material="6" />
        
		<designMaterialConfiguration name="New Silver" color="SHARED_GREY2" material="27" />
		<designMaterialConfiguration name="Scarlet Red" color="CASEIH_RED1" material="27" />
		<designMaterialConfiguration name="Pearl White" color="STOLL_WHITE2" material="27" />
        <designMaterialConfiguration name="Gun Metal" color="SHARED_GREY5" material="27" />
		<designMaterialConfiguration name="Dark Moon" color="0.02 0.02 0.02" material="27" />
		<designMaterialConfiguration name="Blaze Orange" color="FLIEGL_ORANGE1" material="27" />
		<designMaterialConfiguration name="Nitro Blue" color="NEWHOLLAND_BLUE1" material="27" />
		<designMaterialConfiguration name="Deep Blue" color="HATZENBICHLER_DARKBLUE1" material="27" />
		
        <material name="logbed_mat" shaderParameter="colorMat1" />
    </designMaterialConfigurations>
	
    <wearable wearDuration="480" workMultiplier="5" fieldMultiplier="2"/>
    <washable dirtDuration="90" washDuration="1" workMultiplier="3" fieldMultiplier="2"/>

<i3dMappings>
  <i3dMapping id="tlx2020_logger_main_component1" node="0>" />
  <i3dMapping id="logit_vis" node="0>0" />
  <i3dMapping id="wheels" node="0>0|0" />
  <i3dMapping id="wheelBackLeft" node="0>0|0|0" />
  <i3dMapping id="wheelBackRight" node="0>0|0|1" />
  <i3dMapping id="wheelBackLeft2" node="0>0|0|2" />
  <i3dMapping id="wheelBackRight2" node="0>0|0|3" />
  <i3dMapping id="logbed" node="0>0|1" />
  <i3dMapping id="trailer_axle" node="0>0|1|0" />
  <i3dMapping id="wheelHub_L" node="0>0|1|0|0" />
  <i3dMapping id="wheelHub_R" node="0>0|1|0|1" />
  <i3dMapping id="axle" node="0>0|1|0|2" />
  <i3dMapping id="trailer_frame" node="0>0|1|1" />
  <i3dMapping id="wheelChocks" node="0>0|1|1|0" />
  <i3dMapping id="chockSupport01" node="0>0|1|1|0|0" />
  <i3dMapping id="wheelChock01" node="0>0|1|1|0|0|0" />
  <i3dMapping id="chockSupport02" node="0>0|1|1|0|1" />
  <i3dMapping id="wheelChock02" node="0>0|1|1|0|1|0" />
  <i3dMapping id="logbed_frame" node="0>0|1|2" />
  <i3dMapping id="logbed_front" node="0>0|1|3" />
  <i3dMapping id="logbed_net" node="0>0|1|4" />
  <i3dMapping id="logbed_poleF" node="0>0|1|5" />
  <i3dMapping id="stripes_F" node="0>0|1|5|0" />
  <i3dMapping id="warn_decal_F" node="0>0|1|5|1" />
  <i3dMapping id="logbed_poleB" node="0>0|1|6" />
  <i3dMapping id="stripes_B" node="0>0|1|6|0" />
  <i3dMapping id="warn_decal_B" node="0>0|1|6|1" />
  <i3dMapping id="bedbase_frame1" node="0>0|1|7" />
  <i3dMapping id="logbed_extension" node="0>0|1|8" />
  <i3dMapping id="lights" node="0>0|1|9" />
  <i3dMapping id="sharedLights_0" node="0>0|1|9|0" />
  <i3dMapping id="sideMarker_10Orange_L" node="0>0|1|9|0|0" />
  <i3dMapping id="sideMarker_10Orange_R" node="0>0|1|9|0|1" />
  <i3dMapping id="sideMarker_10Red_L" node="0>0|1|9|0|2" />
  <i3dMapping id="sideMarker_10Red_R" node="0>0|1|9|0|3" />
  <i3dMapping id="worklightsBack" node="0>0|1|9|0|4" />
  <i3dMapping id="workingLightBack_L" node="0>0|1|9|0|4|0" />
  <i3dMapping id="bedWorkLight" node="0>0|1|9|0|4|0|0" />
  <i3dMapping id="hellaWorkingLightSquare_01_L" node="0>0|1|9|0|4|0|1" />
  <i3dMapping id="workingLightBack_R" node="0>0|1|9|0|4|1" />
  <i3dMapping id="bedWorkLight1" node="0>0|1|9|0|4|1|0" />
  <i3dMapping id="hellaWorkingLightSquare_01_R" node="0>0|1|9|0|4|1|1" />
  <i3dMapping id="bedlights" node="0>0|1|9|1" />
  <i3dMapping id="bedSides" node="0>0|1|9|1|0" />
  <i3dMapping id="bedSides1" node="0>0|1|9|1|0|0" />
  <i3dMapping id="bedSides2" node="0>0|1|9|1|0|1" />
  <i3dMapping id="bedSides3" node="0>0|1|9|1|0|2" />
  <i3dMapping id="attached_parts" node="0>0|1|10" />
  <i3dMapping id="mudguards" node="0>0|1|10|0" />
  <i3dMapping id="tipper_fixed_parts1" node="0>0|1|10|1" />
  <i3dMapping id="sharedLights_1" node="0>0|1|10|2" />
  <i3dMapping id="rearLightOvalLEDRed_03_left" node="0>0|1|10|2|0" />
  <i3dMapping id="rearLightOvalLEDRed_01_L" node="0>0|1|10|2|1" />
  <i3dMapping id="rearLightOvalLEDWhite_01_L" node="0>0|1|10|2|2" />
  <i3dMapping id="rearLightOvalLEDRed_03_right" node="0>0|1|10|2|3" />
  <i3dMapping id="rearLightOvalLEDRed_01_R" node="0>0|1|10|2|4" />
  <i3dMapping id="rearLightOvalLEDWhite_01_R" node="0>0|1|10|2|5" />
  <i3dMapping id="bedTurnLeft" node="0>0|1|10|2|6" />
  <i3dMapping id="bedTurnRight" node="0>0|1|10|2|7" />
  <i3dMapping id="bedBackLight" node="0>0|1|10|2|8" />
  <i3dMapping id="bedBackLight1" node="0>0|1|10|2|8|0" />
  <i3dMapping id="bedBrakeLight" node="0>0|1|10|2|9" />
  <i3dMapping id="bedBrakeLight1" node="0>0|1|10|2|9|0" />
  <i3dMapping id="bedReverseLight" node="0>0|1|10|2|10" />
  <i3dMapping id="bedReverseLight1" node="0>0|1|10|2|10|0" />
  <i3dMapping id="stripes" node="0>0|1|11" />
  <i3dMapping id="tensionBelts" node="0>0|2" />
  <i3dMapping id="tensionBeltStart1" node="0>0|2|0" />
  <i3dMapping id="tensionBeltEnd1" node="0>0|2|0|0" />
  <i3dMapping id="tensionBeltStart2" node="0>0|2|1" />
  <i3dMapping id="tensionBeltEnd2" node="0>0|2|1|0" />
  <i3dMapping id="tensionBeltStart3" node="0>0|2|2" />
  <i3dMapping id="tensionBeltEnd3" node="0>0|2|2|0" />
  <i3dMapping id="beltActivationTrigger" node="0>0|2|3" />
  <i3dMapping id="support_frame_grp" node="0>0|3" />
  <i3dMapping id="support_frame_1" node="0>0|3|0" />
  <i3dMapping id="support_extension1_L" node="0>0|3|0|0" />
  <i3dMapping id="support_legs1_L" node="0>0|3|0|0|0" />
  <i3dMapping id="support_extension1_R" node="0>0|3|0|1" />
  <i3dMapping id="support_legs1_R" node="0>0|3|0|1|0" />
  <i3dMapping id="support_frame_2" node="0>0|3|1" />
  <i3dMapping id="support_extension2_L" node="0>0|3|1|0" />
  <i3dMapping id="support_legs2_L" node="0>0|3|1|0|0" />
  <i3dMapping id="support_extension2_R" node="0>0|3|1|1" />
  <i3dMapping id="support_legs2_R" node="0>0|3|1|1|0" />
  <i3dMapping id="attacherJoints" node="0>0|4" />
  <i3dMapping id="attacherJointFrames" node="0>0|4|0" />
  <i3dMapping id="trailerAttacherJointBack" node="0>0|4|1" />
  <i3dMapping id="trailerAttacherJointFront" node="0>0|4|2" />
  <i3dMapping id="collisions" node="0>1" />
  <i3dMapping id="col_neck" node="0>1|0" />
  <i3dMapping id="col_floor" node="0>1|1" />
  <i3dMapping id="col_right" node="0>1|2" />
  <i3dMapping id="col_left" node="0>1|3" />
  <i3dMapping id="col_rear" node="0>1|4" />
  <i3dMapping id="col_front1" node="0>1|5" />
  <i3dMapping id="col_front" node="0>1|6" />
  <i3dMapping id="logbed_axis" node="0>1|7" />
  <i3dMapping id="col_poleL1" node="0>1|7|0" />
  <i3dMapping id="col_poleR1" node="0>1|7|1" />
  <i3dMapping id="col_poleL2" node="0>1|7|2" />
  <i3dMapping id="col_poleR2" node="0>1|7|3" />
  <i3dMapping id="col_extension" node="0>1|7|4" />
  <i3dMapping id="col_legs" node="0>1|8" />
  <i3dMapping id="col_legs_L" node="0>1|8|0" />
  <i3dMapping id="col_suppLeg1_L" node="0>1|8|0|0" />
  <i3dMapping id="col_suppLeg2_L" node="0>1|8|0|1" />
  <i3dMapping id="col_legs_R" node="0>1|8|1" />
  <i3dMapping id="col_suppLeg1_R" node="0>1|8|1|0" />
  <i3dMapping id="col_suppLeg2_R" node="0>1|8|1|1" />
</i3dMappings>

</vehicle>
