﻿<?xml version="1.0" encoding="utf-8" standalone="no" ?>
<vehicle type="tlx2020trailer">
    <annotation>Copyright (C) GIANTS Software GmbH, All Rights Reserved.</annotation>
	
    <storeData>
        <name>
			<en>TLX 2020 Tip-IT Trailer</en>
			<de>TLX 2020 Tip-IT Trailer</de>
			<es>TLX 2020 Tip-IT Remolque</es>
        </name>
        <functions>
			<function>$l10n_function_tipper</function>
        </functions>
        <image>store/modStore_tipit2.dds</image>
        <price>3500</price>
        <lifetime>600</lifetime>
        <rotation>0</rotation>
        <brand>82S</brand>
        <category>misc</category>
        <shopTranslationOffset>0 0.04 0</shopTranslationOffset>
        <shopRotationOffset>0 0 0</shopRotationOffset>
        <vertexBufferMemoryUsage>507392</vertexBufferMemoryUsage>
        <indexBufferMemoryUsage>76392</indexBufferMemoryUsage>
        <textureMemoryUsage>6838344</textureMemoryUsage>
        <instanceVertexBufferMemoryUsage>0</instanceVertexBufferMemoryUsage>
        <instanceIndexBufferMemoryUsage>0</instanceIndexBufferMemoryUsage>
    </storeData>
	
    <base>
        <typeDesc>$l10n_typeDesc_tipper</typeDesc>
        <filename>attachments/txl2020_tipit.i3d</filename>
        <size width="3" length="6.5"/>
        <components count="1">
            <component centerOfMass="0 0.4 -1.45" solverIterationCount="10" mass="1600"/>
        </components>
        <schemaOverlay attacherJointPosition="0 0">
            <default name="DEFAULT_IMPLEMENT"/>
            <selected name="DEFAULT_IMPLEMENT_SELECTED"/>
        </schemaOverlay>
    </base>
	
	<configurationSets title="$l10n_configuration_capacity">
        <configurationSet name="$l10n_configuration_cap_basic" >
			<configuration name="design"	index="1" />
			<configuration name="fillVolume"   index="1" />
            <configuration name="fillUnit"     index="1" />
            <configuration name="trailer"      index="1" />
        </configurationSet>
		<configurationSet name="$l10n_configuration_cap_ext" >
			<configuration name="fillVolume"   index="2" />
            <configuration name="fillUnit"     index="2" />
            <configuration name="trailer"      index="1" />
        </configurationSet>
    </configurationSets>
	
	<designConfigurations title="$l10n_configuration_ext_design">
		<designConfiguration name="$l10n_configuration_panel_wood" price="0">
			<objectChange node="extensions_wood" visibilityActive="true" visibilityInactive="false" />
		</designConfiguration>
		<designConfiguration name="$l10n_configuration_panel_paint" price="0">
			<objectChange node="extensions_alum" visibilityActive="true" visibilityInactive="false" />
		</designConfiguration>
	</designConfigurations>
	
	<wheels>
        <wheelConfigurations>
            <wheelConfiguration name="$l10n_configuration_street" price="0" brand="STOCK">
                <wheels autoRotateBackSpeed="2.5">
                    <wheel filename="wheels/wheels.xml" configId="street" isLeft="true" hasParticles="true" hasTireTracks="true">
                        <physics rotSpeed="0" restLoad="0.7" repr="wheelBackLeft2" forcePointRatio="0.5" initialCompression="25" suspTravel="0.14" spring="19" damper="3"/>
						<wheelChock parkingNode="wheelChock01" />
                        <wheelChock parkingNode="wheelChock02" isInverted="true" />
                    </wheel>
                    <wheel filename="wheels/wheels.xml" configId="street" isLeft="false" hasParticles="true" hasTireTracks="true">
                        <physics rotSpeed="0" restLoad="0.7" repr="wheelBackRight2" forcePointRatio="0.5" initialCompression="25" suspTravel="0.14" spring="19" damper="3"/>
                    </wheel>
                </wheels>
            </wheelConfiguration>
			<wheelConfiguration name="$l10n_configuration_duals" price="0" brand="STOCK">
                <wheels autoRotateBackSpeed="2.5">
                    <wheel filename="wheels/wheels.xml" configId="dual" isLeft="true" hasParticles="true" hasTireTracks="true">
                        <physics rotSpeed="0" restLoad="0.7" repr="wheelBackLeft" forcePointRatio="0.5" initialCompression="38" suspTravel="0.08" spring="65" damper="42"/>
                        <additionalWheel filename="wheels/wheels.xml" configId="addtire" isLeft="true" offset="0.005" />
						<wheelChock parkingNode="wheelChock01" />
                        <wheelChock parkingNode="wheelChock02" isInverted="true" />
                    </wheel>
                    <wheel filename="wheels/wheels.xml" configId="dual" isLeft="false" hasParticles="true" hasTireTracks="true">
                        <physics rotSpeed="0" restLoad="0.7" repr="wheelBackRight" forcePointRatio="0.5" initialCompression="38" suspTravel="0.08" spring="65" damper="42"/>
                        <additionalWheel filename="wheels/wheels.xml" configId="addtire" isLeft="false" offset="0.005" />
                    </wheel>
                </wheels>
            </wheelConfiguration>
			<wheelConfiguration name="$l10n_configuration_nok" price="0" brand="STOCK">
                <wheels autoRotateBackSpeed="2.5">
                    <wheel filename="wheels/wheels_nok.xml" configId="dual" isLeft="true" hasParticles="true" hasTireTracks="true">
                        <physics rotSpeed="0" restLoad="0.7" repr="wheelBackLeft" forcePointRatio="0.5" initialCompression="38" suspTravel="0.08" spring="65" damper="42"/>
                        <additionalWheel filename="wheels/wheels_nok.xml" configId="addtire" isLeft="true" offset="0.005" />
						<wheelChock parkingNode="wheelChock01" />
                        <wheelChock parkingNode="wheelChock02" isInverted="true" />
                    </wheel>
                    <wheel filename="wheels/wheels_nok.xml" configId="dual" isLeft="false" hasParticles="true" hasTireTracks="true">
                        <physics rotSpeed="0" restLoad="0.7" repr="wheelBackRight" forcePointRatio="0.5" initialCompression="38" suspTravel="0.08" spring="65" damper="42"/>
                        <additionalWheel filename="wheels/wheels_nok.xml" configId="addtire" isLeft="false" offset="0.005" />
                    </wheel>
                </wheels>
			</wheelConfiguration>
			
			<wheelConfiguration name="$l10n_configuration_street" price="0" brand="SPORT">
                <wheels autoRotateBackSpeed="2.5">
                    <wheel filename="wheels/wheels.xml" configId="street_sp" isLeft="true" hasParticles="true" hasTireTracks="true">
                        <physics rotSpeed="0" restLoad="0.7" repr="wheelBackLeft2" forcePointRatio="0.5" initialCompression="25" suspTravel="0.14" spring="19" damper="3" />
						<wheelChock parkingNode="wheelChock01" />
                        <wheelChock parkingNode="wheelChock02" isInverted="true" />
                    </wheel>
                    <wheel filename="wheels/wheels.xml" configId="street_sp" isLeft="false" hasParticles="true" hasTireTracks="true">
                        <physics rotSpeed="0" restLoad="0.7" repr="wheelBackRight2" forcePointRatio="0.5" initialCompression="25" suspTravel="0.14" spring="19" damper="3" />
                    </wheel>
                </wheels>
				<objectChange node="wheelHub_L" translationActive="0.916 -0.077 0.006" translationInactive="0.958 -0.077 0.006" />
				<objectChange node="wheelHub_R" translationActive="-0.916 -0.077 0.006" translationInactive="-0.958 -0.077 0.006" />
            </wheelConfiguration>
			<wheelConfiguration name="$l10n_configuration_perf" price="0" brand="SPORT">
                <wheels autoRotateBackSpeed="2.5">
                    <wheel filename="wheels/wheels.xml" configId="dual_sp" isLeft="true" hasParticles="true" hasTireTracks="true">
                        <physics rotSpeed="0" restLoad="0.7" repr="wheelBackLeft" forcePointRatio="0.5" initialCompression="38" suspTravel="0.08" spring="65" damper="42" />
                        <additionalWheel filename="wheels/wheels.xml" configId="addtire" isLeft="true" offset="0.005" />
						<wheelChock parkingNode="wheelChock01" />
                        <wheelChock parkingNode="wheelChock02" isInverted="true" />
                    </wheel>
                    <wheel filename="wheels/wheels.xml" configId="dual_sp" isLeft="false" hasParticles="true" hasTireTracks="true">
                        <physics rotSpeed="0" restLoad="0.7" repr="wheelBackRight" forcePointRatio="0.5" initialCompression="38" suspTravel="0.08" spring="65" damper="42" />
                        <additionalWheel filename="wheels/wheels.xml" configId="addtire" isLeft="false" offset="0.005" />
                    </wheel>
                </wheels>
				<objectChange node="wheelHub_L" translationActive="0.838 -0.077 0.006" translationInactive="0.958 -0.077 0.006" />
				<objectChange node="wheelHub_R" translationActive="-0.838 -0.077 0.006" translationInactive="-0.958 -0.077 0.006" />
			</wheelConfiguration>
			<wheelConfiguration name="$l10n_configuration_nok" price="0" brand="SPORT">
                <wheels autoRotateBackSpeed="2.5">
                    <wheel filename="wheels/wheels_nok_sp.xml" configId="dual" isLeft="true" hasParticles="true" hasTireTracks="true">
                        <physics rotSpeed="0" restLoad="0.7" repr="wheelBackLeft" forcePointRatio="0.5" initialCompression="38" suspTravel="0.08" spring="65" damper="42" />
                        <additionalWheel filename="wheels/wheels_nok_sp.xml" configId="addtire" isLeft="true" offset="0.005" />
						<wheelChock parkingNode="wheelChock01" />
                        <wheelChock parkingNode="wheelChock02" isInverted="true" />
                    </wheel>
                    <wheel filename="wheels/wheels_nok_sp.xml" configId="dual" isLeft="false" hasParticles="true" hasTireTracks="true">
                        <physics rotSpeed="0" restLoad="0.7" repr="wheelBackRight" forcePointRatio="0.5" initialCompression="38" suspTravel="0.08" spring="65" damper="42" />
                        <additionalWheel filename="wheels/wheels_nok_sp.xml" configId="addtire" isLeft="false" offset="0.005" />
                    </wheel>
                </wheels>
				<objectChange node="wheelHub_L" translationActive="0.838 -0.077 0.006" translationInactive="0.958 -0.077 0.006" />
				<objectChange node="wheelHub_R" translationActive="-0.838 -0.077 0.006" translationInactive="-0.958 -0.077 0.006" />
            </wheelConfiguration>
        </wheelConfigurations>
        <ackermannSteeringConfigurations>
            <ackermannSteering rotSpeed="45" rotMax="45" rotCenterWheel1="3" rotCenterWheel2="4"/>
        </ackermannSteeringConfigurations>
    </wheels>
	
	<dynamicallyLoadedParts>
        <dynamicallyLoadedPart node="0" linkNode="chockSupport01" filename="$data/shared/assets/wheelChocks/wheelChockSupport01.i3d"/>
        <dynamicallyLoadedPart node="0" linkNode="chockSupport02" filename="$data/shared/assets/wheelChocks/wheelChockSupport01.i3d"/>
    </dynamicallyLoadedParts>
	
	<lights>
		<sharedLight linkNode="sideMarker_06Red_L1" filename="locals/sideMarker_06Red.xml" />
		<sharedLight linkNode="sideMarker_06Red_R1" filename="locals/sideMarker_06Red.xml" />
		<sharedLight linkNode="sideMarker_06Red_L1" filename="locals/sideMarker_06Red.xml" />
		
		<sharedLight linkNode="sideMarker_06Orange_L1" 	filename="locals/sideMarker_06Orange.xml" />
		<sharedLight linkNode="sideMarker_06Orange_L2" 	filename="locals/sideMarker_06Orange.xml" />
		<sharedLight linkNode="sideMarker_06Orange_R1" 	filename="locals/sideMarker_06Orange.xml" />
		<sharedLight linkNode="sideMarker_06Orange_R2" 	filename="locals/sideMarker_06Orange.xml" />
		
		<sharedLight linkNode="rearMultipointLight_05_left" filename="$data/shared/assets/lights/lizard/rearMultipointLight_05_right.xml" />
		<sharedLight linkNode="rearMultipointLight_05_right" filename="$data/shared/assets/lights/lizard/rearMultipointLight_05_left.xml" />
	
        <states>
            <state lightTypes="0"/>
            <state lightTypes="0 1"/>
        </states>
        <realLights>
            <low>
                <brakeLight node="bedBrakeLight"/>
            </low>
            <high>
				<light node="bedSides" lightTypes="0"/>
				<light node="bedBackLight" lightTypes="0"/>
                <brakeLight node="bedBrakeLight"/>
                <turnLightLeft node="bedTurnLeft"/>
                <turnLightRight node="bedTurnRight"/>
                <reverseLight node="bedReverseLight"/>
            </high>
        </realLights>
    </lights>
	
	<animations>
		<animation name="tipAnimationBack">
            <part node="tipper_rot1"      startTime="0.8" endTime="12.8"   startRot="0 0 0"  endRot="-55 0 0" />
            <part node="tipper_door"  startTime="0"   endTime="0.5" direction="1"  startRot="0 0 0"  endRot="20 0 0" />
            <part node="tipper_door"  startTime="1.5" endTime="12.8" direction="1"  startRot="20 0 0" endRot="55 0 0" />
            <part node="tipper_door"  startTime="0"   endTime="12.8" direction="-1" startRot="0 0 0" endRot="55 0 0" />
			
			<part node="tipper_rot1_axis"      startTime="0.8" endTime="12.8"   startRot="0 0 0"  endRot="-55 0 0" />
            <part node="tipper_door_axis"  startTime="0"   endTime="0.5" direction="1"  startRot="0 0 0"  endRot="20 0 0" />
            <part node="tipper_door_axis"  startTime="1.5" endTime="12.8" direction="1"  startRot="20 0 0" endRot="55 0 0" />
            <part node="tipper_door_axis"  startTime="0"   endTime="12.8" direction="-1" startRot="0 0 0" endRot="55 0 0" />
        </animation>
    </animations>
	
    <cylindered>
        <movingTools>
            <movingTool node="tipper_rot1" playSound="true" >
                <dependentPart node="hydraulicBody" />
            </movingTool>
        </movingTools>

        <movingParts >
            <movingPart node="hydraulicBody" referencePoint="hydraulicBodyRef" referenceFrame="hydraulicBodyRefFrame">
                <dependentPart node="hydraulicBodyPart" />
            </movingPart>
            <movingPart node="hydraulicBodyPart" referencePoint="hydraulicBodyRef" referenceFrame="hydraulicBodyPartRefFrame">
                <translatingPart node="hydraulicBodyPartPunch1" />
                <translatingPart node="hydraulicBodyPartPunch2" />
            </movingPart>
        </movingParts>

        <sounds>
            <hydraulic template="DEFAULT_HYDRAULIC_SOUND" linkNode="0>"/>
        </sounds>
    </cylindered>
	
	<attachable>
		<inputAttacherJointConfigurations>
			<inputAttacherJointConfiguration price="2000">
				<inputAttacherJoint node="trailerAttacherJointFront" jointType="trailer" upperRotationOffset="0"/>
                <inputAttacherJoint node="trailerAttacherJointFront" jointType="trailerLow" upperRotationOffset="0"/>
				
				<objectChange node="support_frame_grp" visibilityActive="false" visibilityInactive="true" />
				<objectChange node="tipit_decal" visibilityActive="false" visibilityInactive="true" />
				
				<objectChange node="col_suppLeg1_L" compoundChildActive="false"/>
				<objectChange node="col_suppLeg1_R" compoundChildActive="false"/>
				<objectChange node="col_suppLeg2_L" compoundChildActive="false"/>
				<objectChange node="col_suppLeg2_R" compoundChildActive="false"/>
				
				<objectChange node="ramp_L_grp" visibilityActive="false" visibilityInactive="true" />
				<objectChange node="ramp_R_grp" visibilityActive="false" visibilityInactive="true" />
				<objectChange node="col_ramp_L" compoundChildActive="false"/>
				<objectChange node="col_ramp_R" compoundChildActive="false"/>
			</inputAttacherJointConfiguration>
		</inputAttacherJointConfigurations>
        <brakeForce>0.1</brakeForce>
    </attachable>
        
	<attacherJoints>
        <attacherJoint node="trailerAttacherJointBack" jointType="trailer" lowerRotLimit="10 70 50" upperRotationOffset="0" allowsJointLimitMovement="false" comboTime="1">
            <schema position="1 0" rotation="0" invertX="false"/>
            <attachSound template="ATTACH_01" linkNode="0>"/>
        </attacherJoint>
        <attacherJoint node="trailerAttacherJointBack" jointType="trailerLow" lowerRotLimit="10 70 50" upperRotationOffset="0" allowsJointLimitMovement="false" comboTime="1">
            <schema position="1 0" rotation="0" invertX="false"/>
            <attachSound template="ATTACH_01" linkNode="0>"/>
        </attacherJoint>
    </attacherJoints>

    <fillUnit>
        <fillUnitConfigurations>
            <fillUnitConfiguration name="$l10n_configuration_capacityX" price="0" params="6000" >
                <fillUnits>
                    <fillUnit unit="$l10n_unit_literShort" fillTypeCategories="bulk" capacity="6000" >
                        <exactFillRootNode node="exactFillRootNode1" />
                        <autoAimTargetNode node="fillAutoAimTarget1" startZ="0.9" endZ="-2.8" invert="false" fillUnitIndex="1" startPercentage="25"/>
                    </fillUnit>
                </fillUnits>
				<objectChange node="col_ext_back" compoundChildActive="false" />
				<objectChange node="col_ext_side_L" compoundChildActive="false" />
				<objectChange node="col_ext_side_R" compoundChildActive="false" />
            </fillUnitConfiguration>

            <fillUnitConfiguration name="$l10n_configuration_capacityX" price="2000" params="8000">
                <fillUnits>
                    <fillUnit unit="$l10n_unit_literShort" fillTypeCategories="bulk" capacity="8000" >
                        <exactFillRootNode node="exactFillRootNode2" />
                        <autoAimTargetNode node="fillAutoAimTarget2" startZ="0.9" endZ="-2.8" invert="false" fillUnitIndex="1" startPercentage="25"/>
                    </fillUnit>
                </fillUnits>
                <objectChange node="extension_grp" visibilityActive="true" visibilityInactive="false"/>
            </fillUnitConfiguration>
        </fillUnitConfigurations>
    </fillUnit>

    <fillVolume>
        <fillVolumeConfigurations>
            <fillVolumeConfiguration>
                <volumes>
                    <volume node="fillVolume1" maxDelta="0.23" maxAllowedHeapAngle="18" fillUnitIndex="1" />
                </volumes>
            </fillVolumeConfiguration>
            <fillVolumeConfiguration>
                <volumes>
                    <volume node="fillVolume2" maxDelta="0.23" maxAllowedHeapAngle="18" fillUnitIndex="1" />
                </volumes>
            </fillVolumeConfiguration>
        </fillVolumeConfigurations>

        <unloadInfos>
            <unloadInfo>
                <node node="unloadInfo01" width="2" length="1.0" />
            </unloadInfo>
            <unloadInfo>
                <node node="unloadInfo02" width="1" length="4.0" />
            </unloadInfo>
        </unloadInfos>
    </fillVolume>

    <trailer>
        <trailerConfigurations>
            <trailerConfiguration>
                <trailer>
                    <tipSide name="$l10n_info_tipSideBack" dischargeNodeIndex="1">
                        <animation name="tipAnimationBack" speedScale="1.0" startTipTime="0.02"/>
                    </tipSide>
                </trailer>
            </trailerConfiguration>
        </trailerConfigurations>
    </trailer>

    <dischargeable>
        <dischargeNode node="dischargeNodeBack" emptySpeed="570" fillUnitIndex="1" unloadInfoIndex="1" >
            <info width="2.0" length="0.5" />
			<effects>
                <effectNode effectClass="TipEffect">
                    <effectNode effectNode="emitterShape" effectClass="ParticleEffect" lifespan="0.2"/>
                    <effectNode effectNode="grainEffect" materialType="unloading" materialTypeId="3" fadeTime="0.5" alignXAxisToWorldY="true" />
                </effectNode>
                <effectNode effectNode="smokeEffect" materialType="smoke" materialTypeId="1" fadeTime="0.5" />
            </effects>
        </dischargeNode>
    </dischargeable>
	
    <foliageBending>
        <bendingNode minX="-1.15" maxX="1.15" minZ="-3" maxZ="3" yOffset="0.3"/>
    </foliageBending>
	
    <baseMaterial>
        <material name="tipper_mat" baseNode="tipper_body">
            <shaderParameter name="colorMat0" value="SHARED_GREY2"/>
        </material>
		<material name="tipper_alum_mat" baseNode="extensions_alum">
            <shaderParameter name="colorMat0" value="SHARED_GREY2"/>
        </material>
    </baseMaterial>
	
	<baseMaterialConfigurations useDefaultColors="true" price="1200">
		<baseMaterialConfiguration name="Stock" color="0.02 0.02 0.02" material="6" />
		
		<baseMaterialConfiguration name="LawnGreen" color="0.027 0.058 0.048" material="0" />
		<baseMaterialConfiguration name="LawnGreen New Age" color="0.027 0.058 0.048" material="27" />
		<baseMaterialConfiguration name="LawnGreen Aged" color="0.027 0.058 0.048" material="6" />
		
		<baseMaterialConfiguration name="Olive" color="LIZARD_OLIVE1" material="0" />
		<baseMaterialConfiguration name="Olive New Age" color="LIZARD_OLIVE1" material="27" />
		<baseMaterialConfiguration name="Olive Aged" color="LIZARD_OLIVE1" material="6" />
		
		<baseMaterialConfiguration name="Black Metal" color="0.01 0.01 0.01" material="0" />
		<baseMaterialConfiguration name="Black Metal Aged" color="0 0 0" material="6" />
		
		<baseMaterialConfiguration name="Dark Steel" color="0.35 0.35 0.40" material="8" />
		<baseMaterialConfiguration name="Stainless Steel" color="0.92 0.92 0.92" material="8" />
		<baseMaterialConfiguration name="Aluminum" color="0.65 0.65 0.75" material="3" />
		<baseMaterialConfiguration name="Polished" color="0.95 0.95 1" material="3" />
		
		<baseMaterialConfiguration name="Blue Jeans" color="0.004 0.02 0.059" material="0" />
		<baseMaterialConfiguration name="Blue Jeans New Age" color="0.004 0.02 0.059" material="27" />
		<baseMaterialConfiguration name="Blue Jeans Aged" color="0.004 0.02 0.059" material="6" />
		
		<baseMaterialConfiguration name="Ruby Red" color="0.3 0 0.004" material="0" />
		<baseMaterialConfiguration name="Ruby Red New Age" color="0.3 0 0.004" material="27" />
		<baseMaterialConfiguration name="Ruby Red Aged" color="0.3 0 0.004" material="6" />
		
		<baseMaterialConfiguration name="Race Red" color="0.657 0.012 0" material="0" />
		<baseMaterialConfiguration name="Race Red New Age" color="0.657 0.012 0" material="27" />
		<baseMaterialConfiguration name="Race Red Aged" color="0.657 0.012 0" material="6" />
		
		<baseMaterialConfiguration name="White Gold" color="0.973 0.976 0.545" material="27" />
		<baseMaterialConfiguration name="Bronze Fire" color="0.153 0.029 0.01" material="27" />
		
		<baseMaterialConfiguration name="Default" color="0 0.02 0.1" material="0" />
		<baseMaterialConfiguration name="New Age" color="0 0.02 0.1" material="27" />
        
		<baseMaterialConfiguration name="Pure White" color="STOLL_WHITE2" material="0" />
        <baseMaterialConfiguration name="Pearl White" color="STOLL_WHITE2" material="27" />
        <baseMaterialConfiguration name="Aged White" color="STOLL_WHITE2" material="6" />
		
		<baseMaterialConfiguration name="New Silver" color="SHARED_GREY2" material="27" />
		<baseMaterialConfiguration name="Scarlet Red" color="CASEIH_RED1" material="27" />
		<baseMaterialConfiguration name="Pearl White" color="STOLL_WHITE2" material="27" />
        <baseMaterialConfiguration name="Gun Metal" color="SHARED_GREY5" material="27" />
		<baseMaterialConfiguration name="Dark Moon" color="0.02 0.02 0.02" material="27" />
		<baseMaterialConfiguration name="Blaze Orange" color="FLIEGL_ORANGE1" material="27" />
		<baseMaterialConfiguration name="Nitro Blue" color="NEWHOLLAND_BLUE1" material="27" />
		<baseMaterialConfiguration name="Deep Blue" color="HATZENBICHLER_DARKBLUE1" material="27" />
		
        <material name="tipper_mat" shaderParameter="colorMat0" />
    </baseMaterialConfigurations>
	
	<designMaterialConfigurations useDefaultColors="true" price="1200">
		<designMaterialConfiguration name="Aluminum" color="0.65 0.65 0.75" material="3" />
		<designMaterialConfiguration name="Black" color="0.02 0.02 0.02" material="6" />
		<designMaterialConfiguration name="Black Metal" color="0.01 0.01 0.01" material="0" />
		<designMaterialConfiguration name="Black Metal Aged" color="0 0 0" material="6" />
		
		<designMaterialConfiguration name="Dark Steel" color="0.35 0.35 0.40" material="8" />
		<designMaterialConfiguration name="Stainless Steel" color="0.92 0.92 0.92" material="8" />
		<designMaterialConfiguration name="Polished" color="0.95 0.95 1" material="3" />
        
		<designMaterialConfiguration name="Pure White" color="STOLL_WHITE2" material="0" />
        <designMaterialConfiguration name="Pearl White" color="STOLL_WHITE2" material="27" />
        <designMaterialConfiguration name="Aged White" color="STOLL_WHITE2" material="6" />
        
		<designMaterialConfiguration name="New Silver" color="SHARED_GREY2" material="27" />
		<designMaterialConfiguration name="Scarlet Red" color="CASEIH_RED1" material="27" />
		<designMaterialConfiguration name="Pearl White" color="STOLL_WHITE2" material="27" />
        <designMaterialConfiguration name="Gun Metal" color="SHARED_GREY5" material="27" />
		<designMaterialConfiguration name="Dark Moon" color="0.02 0.02 0.02" material="27" />
		<designMaterialConfiguration name="Blaze Orange" color="FLIEGL_ORANGE1" material="27" />
		<designMaterialConfiguration name="Nitro Blue" color="NEWHOLLAND_BLUE1" material="27" />
		<designMaterialConfiguration name="Deep Blue" color="HATZENBICHLER_DARKBLUE1" material="27" />
		
        <material name="tipper_alum_mat" shaderParameter="colorMat0" />
    </designMaterialConfigurations>
	
    <wearable wearDuration="480" workMultiplier="5" fieldMultiplier="2"/>
    <washable dirtDuration="90" washDuration="1" workMultiplier="3" fieldMultiplier="2"/>

<i3dMappings>
  <i3dMapping id="tlx2020_tipper_main_component1" node="0>" />
  <i3dMapping id="tipit_vis" node="0>0" />
  <i3dMapping id="wheels" node="0>0|0" />
  <i3dMapping id="wheelBackLeft" node="0>0|0|0" />
  <i3dMapping id="wheelBackRight" node="0>0|0|1" />
  <i3dMapping id="wheelBackLeft2" node="0>0|0|2" />
  <i3dMapping id="wheelBackRight2" node="0>0|0|3" />
  <i3dMapping id="tipperbed" node="0>0|1" />
  <i3dMapping id="tipper_rot1" node="0>0|1|0" />
  <i3dMapping id="tipper_body" node="0>0|1|0|0" />
  <i3dMapping id="tipper_net" node="0>0|1|0|1" />
  <i3dMapping id="tipper_pivots" node="0>0|1|0|2" />
  <i3dMapping id="tipper_locks" node="0>0|1|0|3" />
  <i3dMapping id="tipper_door" node="0>0|1|0|4" />
  <i3dMapping id="extension_grp" node="0>0|1|0|5" />
  <i3dMapping id="extensions_frame" node="0>0|1|0|5|0" />
  <i3dMapping id="extensions_wood" node="0>0|1|0|5|1" />
  <i3dMapping id="extensions_alum" node="0>0|1|0|5|2" />
  <i3dMapping id="CapacityConfig" node="0>0|1|0|6" />
  <i3dMapping id="fillVolumes" node="0>0|1|0|6|0" />
  <i3dMapping id="exactFillRootNode1" node="0>0|1|0|6|0|0" />
  <i3dMapping id="exactFillRootNode2" node="0>0|1|0|6|0|1" />
  <i3dMapping id="fillAutoAimTarget1" node="0>0|1|0|6|0|2" />
  <i3dMapping id="fillAutoAimTarget2" node="0>0|1|0|6|0|3" />
  <i3dMapping id="fillVolume1" node="0>0|1|0|6|0|4" />
  <i3dMapping id="fillVolume2" node="0>0|1|0|6|0|5" />
  <i3dMapping id="unloadInfo01" node="0>0|1|0|6|0|6" />
  <i3dMapping id="unloadInfo02" node="0>0|1|0|6|0|7" />
  <i3dMapping id="tipper_lights" node="0>0|1|0|7" />
  <i3dMapping id="sharedLights" node="0>0|1|0|7|0" />
  <i3dMapping id="sideMarker_06Red_L1" node="0>0|1|0|7|0|0" />
  <i3dMapping id="sideMarker_06Red_R1" node="0>0|1|0|7|0|1" />
  <i3dMapping id="sideMarker_06Orange_L1" node="0>0|1|0|7|0|2" />
  <i3dMapping id="sideMarker_06Orange_L2" node="0>0|1|0|7|0|3" />
  <i3dMapping id="sideMarker_06Orange_R1" node="0>0|1|0|7|0|4" />
  <i3dMapping id="sideMarker_06Orange_R2" node="0>0|1|0|7|0|5" />
  <i3dMapping id="realLights_tipper" node="0>0|1|0|7|1" />
  <i3dMapping id="bedSides" node="0>0|1|0|7|1|0" />
  <i3dMapping id="bedSides1" node="0>0|1|0|7|1|0|0" />
  <i3dMapping id="bedSides2" node="0>0|1|0|7|1|0|1" />
  <i3dMapping id="bedSides3" node="0>0|1|0|7|1|0|2" />
  <i3dMapping id="bedSides4" node="0>0|1|0|7|1|0|3" />
  <i3dMapping id="bedSides5" node="0>0|1|0|7|1|0|4" />
  <i3dMapping id="stripes" node="0>0|1|0|8" />
  <i3dMapping id="hydraulicBodyRef" node="0>0|1|0|9" />
  <i3dMapping id="mudguards" node="0>0|1|1" />
  <i3dMapping id="tipper_frame_fixtures" node="0>0|1|2" />
  <i3dMapping id="tipper_axle" node="0>0|1|3" />
  <i3dMapping id="wheelHub_L" node="0>0|1|3|0" />
  <i3dMapping id="wheelHub_R" node="0>0|1|3|1" />
  <i3dMapping id="axle" node="0>0|1|3|2" />
  <i3dMapping id="tipper_frame" node="0>0|1|4" />
  <i3dMapping id="wheelChocks" node="0>0|1|4|0" />
  <i3dMapping id="chockSupport01" node="0>0|1|4|0|0" />
  <i3dMapping id="wheelChock01" node="0>0|1|4|0|0|0" />
  <i3dMapping id="chockSupport02" node="0>0|1|4|0|1" />
  <i3dMapping id="wheelChock02" node="0>0|1|4|0|1|0" />
  <i3dMapping id="tipper_fixed_parts" node="0>0|1|5" />
  <i3dMapping id="fixed_lights" node="0>0|1|5|0" />
  <i3dMapping id="sharedLights1" node="0>0|1|5|0|0" />
  <i3dMapping id="rearMultipointLight_05_left" node="0>0|1|5|0|0|0" />
  <i3dMapping id="rearMultipointLight_05_right" node="0>0|1|5|0|0|1" />
  <i3dMapping id="realLights" node="0>0|1|5|0|1" />
  <i3dMapping id="bedTurnLeft" node="0>0|1|5|0|1|0" />
  <i3dMapping id="bedTurnRight" node="0>0|1|5|0|1|1" />
  <i3dMapping id="bedReverseLight" node="0>0|1|5|0|1|2" />
  <i3dMapping id="bedReverseLight1" node="0>0|1|5|0|1|2|0" />
  <i3dMapping id="bedBackLight" node="0>0|1|5|0|1|3" />
  <i3dMapping id="bedBackLight1" node="0>0|1|5|0|1|3|0" />
  <i3dMapping id="bedBrakeLight" node="0>0|1|5|0|1|4" />
  <i3dMapping id="bedBrakeLight1" node="0>0|1|5|0|1|4|0" />
  <i3dMapping id="tipit_decal" node="0>0|1|6" />
  <i3dMapping id="hydraulicBody" node="0>0|1|7" />
  <i3dMapping id="hydraulicBodyPart" node="0>0|1|7|0" />
  <i3dMapping id="hydraulicBodyPartPunch1" node="0>0|1|7|0|0" />
  <i3dMapping id="hydraulicBodyPartPunch2" node="0>0|1|7|0|0|0" />
  <i3dMapping id="hydraulicBodyPartPunch2_mesh" node="0>0|1|7|0|0|0|0" />
  <i3dMapping id="hydraulicBodyPartPunch1_mesh" node="0>0|1|7|0|0|1" />
  <i3dMapping id="hydraulicBodyPart_mesh" node="0>0|1|7|0|1" />
  <i3dMapping id="hydraulicBodyRefFrame" node="0>0|1|8" />
  <i3dMapping id="hydraulicBodyPartRefFrame" node="0>0|1|9" />
  <i3dMapping id="support_frame_grp" node="0>0|2" />
  <i3dMapping id="support_frame_1" node="0>0|2|0" />
  <i3dMapping id="support_extension1_L" node="0>0|2|0|0" />
  <i3dMapping id="support_legs1_L" node="0>0|2|0|0|0" />
  <i3dMapping id="support_extension1_R" node="0>0|2|0|1" />
  <i3dMapping id="support_legs1_R" node="0>0|2|0|1|0" />
  <i3dMapping id="support_frame_2" node="0>0|2|1" />
  <i3dMapping id="support_extension2_L" node="0>0|2|1|0" />
  <i3dMapping id="support_legs2_L" node="0>0|2|1|0|0" />
  <i3dMapping id="support_extension2_R" node="0>0|2|1|1" />
  <i3dMapping id="support_legs2_R" node="0>0|2|1|1|0" />
  <i3dMapping id="attacherJoints" node="0>0|3" />
  <i3dMapping id="attacherJointFrames" node="0>0|3|0" />
  <i3dMapping id="trailerAttacherJointBack" node="0>0|3|1" />
  <i3dMapping id="trailerAttacherJointFront" node="0>0|3|2" />
  <i3dMapping id="gooseneckAttacherJoint" node="0>0|3|3" />
  <i3dMapping id="effects" node="0>0|4" />
  <i3dMapping id="effectNodeRot" node="0>0|4|0" />
  <i3dMapping id="grainEffect" node="0>0|4|0|0" />
  <i3dMapping id="smokeEffect" node="0>0|4|0|1" />
  <i3dMapping id="emitterShape" node="0>0|4|1" />
  <i3dMapping id="dischargeNodes" node="0>0|5" />
  <i3dMapping id="dischargeNodeBack" node="0>0|5|0" />
  <i3dMapping id="tensionBelts" node="0>0|6" />
  <i3dMapping id="tensionBeltStart1" node="0>0|6|0" />
  <i3dMapping id="tensionBeltEnd1" node="0>0|6|0|0" />
  <i3dMapping id="tensionBeltStart2" node="0>0|6|1" />
  <i3dMapping id="tensionBeltEnd2" node="0>0|6|1|0" />
  <i3dMapping id="tensionBeltStart3" node="0>0|6|2" />
  <i3dMapping id="tensionBeltEnd3" node="0>0|6|2|0" />
  <i3dMapping id="beltActivationTrigger" node="0>0|6|3" />
  <i3dMapping id="dynamicMountTrigger" node="0>0|7" />
  <i3dMapping id="dynamicMountTriggerRef" node="0>0|8" />
  <i3dMapping id="collisions" node="0>1" />
  <i3dMapping id="tipper_rot1_axis" node="0>1|0" />
  <i3dMapping id="col_side_L" node="0>1|0|0" />
  <i3dMapping id="col_side_R" node="0>1|0|1" />
  <i3dMapping id="col_floor" node="0>1|0|2" />
  <i3dMapping id="col_front1" node="0>1|0|3" />
  <i3dMapping id="col_front2" node="0>1|0|4" />
  <i3dMapping id="extension_grp_axis" node="0>1|0|5" />
  <i3dMapping id="col_ext_side_L" node="0>1|0|5|0" />
  <i3dMapping id="col_ext_side_R" node="0>1|0|5|1" />
  <i3dMapping id="col_ext_back" node="0>1|0|5|2" />
  <i3dMapping id="tipper_door_axis" node="0>1|0|6" />
  <i3dMapping id="col_door" node="0>1|0|6|0" />
  <i3dMapping id="col_neck" node="0>1|1" />
  <i3dMapping id="col_legs" node="0>1|2" />
  <i3dMapping id="col_legs_L" node="0>1|2|0" />
  <i3dMapping id="col_suppLeg1_L" node="0>1|2|0|0" />
  <i3dMapping id="col_suppLeg2_L" node="0>1|2|0|1" />
  <i3dMapping id="col_legs_R" node="0>1|2|1" />
  <i3dMapping id="col_suppLeg1_R" node="0>1|2|1|0" />
  <i3dMapping id="col_suppLeg2_R" node="0>1|2|1|1" />
  <i3dMapping id="ramp_L_grp" node="0>1|3" />
  <i3dMapping id="ramp_L" node="0>1|3|0" />
  <i3dMapping id="col_ramp_L" node="0>1|3|1" />
  <i3dMapping id="ramp_R_grp" node="0>1|4" />
  <i3dMapping id="ramp_R" node="0>1|4|0" />
  <i3dMapping id="col_ramp_R" node="0>1|4|1" />
</i3dMappings>

</vehicle>
