﻿<?xml version="1.0" encoding="utf-8" standalone="no" ?>
<vehicle type="tlx2020trailer">
    <annotation>Copyright (C) GIANTS Software GmbH, All Rights Reserved.</annotation>
	
    <storeData>
        <name>
			<en>TLX 2020 Trailboss</en>
        </name>
        <functions>
            <function>$l10n_function_forestryTransport</function>
            <function>$l10n_function_semiTrailer</function>
        </functions>
        <image>store/modStore_trailboss.dds</image>
        <price>2500</price>
        <lifetime>600</lifetime>
        <rotation>0</rotation>
        <brand>82S</brand>
        <category>misc</category>
        <shopTranslationOffset>0 0.04 0</shopTranslationOffset>
        <shopRotationOffset>0 0 0</shopRotationOffset>
        <vertexBufferMemoryUsage>746896</vertexBufferMemoryUsage>
        <indexBufferMemoryUsage>127770</indexBufferMemoryUsage>
        <textureMemoryUsage>14680872</textureMemoryUsage>
        <instanceVertexBufferMemoryUsage>0</instanceVertexBufferMemoryUsage>
        <instanceIndexBufferMemoryUsage>0</instanceIndexBufferMemoryUsage>
    </storeData>
	
    <base>
        <typeDesc>$l10n_typeDesc_trailer</typeDesc>
        <filename>attachments/tlx2020_trailboss.i3d</filename>
        <size width="3" length="5.5"/>
        <components count="1">
            <component centerOfMass="0 0.4 -1.45" solverIterationCount="10" mass="1000"/>
        </components>
        <schemaOverlay attacherJointPosition="0 0">
            <default name="DEFAULT_IMPLEMENT"/>
            <selected name="DEFAULT_IMPLEMENT_SELECTED"/>
        </schemaOverlay>
    </base>
	
	<configurationSets title="$l10n_configuration_extras">
        <configurationSet name="$l10n_configuration_valueDefault" >
			<configuration name="trailer"		index="1" />
			<configuration name="cover"  		index="1" />
			<configuration name="vehicleType"	index="1" />
        </configurationSet>
		<configurationSet name="$l10n_configuration_toolbox" >
			<configuration name="trailer"		index="2" />
			<configuration name="cover"  		index="1" />
			<configuration name="vehicleType"	index="1" />
        </configurationSet>
		<configurationSet name="$l10n_configuration_siderails" >
			<configuration name="trailer"		index="3" />
			<configuration name="cover"  		index="1" />
			<configuration name="vehicleType"	index="1" />
        </configurationSet>
		<configurationSet name="$l10n_configuration_rollbar" >
			<configuration name="trailer"		index="4" />
			<configuration name="cover"  		index="1" />
			<configuration name="vehicleType"	index="1" />
        </configurationSet>
		<configurationSet name="$l10n_configuration_headache" >
			<configuration name="trailer"		index="5" />
			<configuration name="cover"  		index="1" />
        </configurationSet>
		<configurationSet name="$l10n_configuration_headache2" >
			<configuration name="trailer"		index="6" />
			<configuration name="cover"  		index="1" />
        </configurationSet>
		<configurationSet name="$l10n_configuration_headache3" >
			<configuration name="trailer"		index="7" />
			<configuration name="cover"  		index="1" />
        </configurationSet>
		<configurationSet name="$l10n_configuration_cover" >
			<configuration name="trailer"		index="1" />
			<configuration name="cover"  		index="2" />
			<configuration name="vehicleType"	index="1" />
        </configurationSet>
    </configurationSets>
	
	<trailer>
        <trailerConfigurations title="$l10n_configuration_extras">
            <trailerConfiguration name="$l10n_configuration_valueDefault" price="0">
				<objectChange node="col_toolbox" compoundChildActive="false"/>
				<objectChange node="col_siderail_L" compoundChildActive="false"/>
				<objectChange node="col_siderail_R" compoundChildActive="false"/>
				<objectChange node="col_rollbar" compoundChildActive="false"/>
				<objectChange node="col_headache" compoundChildActive="false"/>
            </trailerConfiguration>
			<trailerConfiguration name="$l10n_configuration_toolbox" price="800">
				<objectChange node="toolbox_grp" visibilityActive="true" visibilityInactive="false" />
				
				<objectChange node="col_siderail_L" compoundChildActive="false"/>
				<objectChange node="col_siderail_R" compoundChildActive="false"/>
				<objectChange node="col_rollbar" compoundChildActive="false"/>
				<objectChange node="col_headache" compoundChildActive="false"/>
            </trailerConfiguration>
			<trailerConfiguration name="$l10n_configuration_siderails" price="650">
				<objectChange node="siderails" visibilityActive="true" visibilityInactive="false" />
				
				<objectChange node="col_toolbox" compoundChildActive="false"/>
				<objectChange node="col_rollbar" compoundChildActive="false"/>
				<objectChange node="col_headache" compoundChildActive="false"/>
            </trailerConfiguration>
			<trailerConfiguration name="$l10n_configuration_rollbar" price="1500">
				<objectChange node="rollbar" visibilityActive="true" visibilityInactive="false" />
				
				<objectChange node="col_toolbox" compoundChildActive="false"/>
				<objectChange node="col_siderail_L" compoundChildActive="false"/>
				<objectChange node="col_siderail_R" compoundChildActive="false"/>
				<objectChange node="col_headache" compoundChildActive="false"/>
            </trailerConfiguration>
			<trailerConfiguration name="$l10n_configuration_headache" price="850">
				<objectChange node="headache_grp" visibilityActive="true" visibilityInactive="false" />
				
				<objectChange node="col_toolbox" compoundChildActive="false"/>
				<objectChange node="col_siderail_L" compoundChildActive="false"/>
				<objectChange node="col_siderail_R" compoundChildActive="false"/>
				<objectChange node="col_rollbar" compoundChildActive="false"/>
            </trailerConfiguration>
			<trailerConfiguration name="$l10n_configuration_headache2" price="1200">
				<objectChange node="headache_grp" visibilityActive="true" visibilityInactive="false" />
				<objectChange node="siderails" visibilityActive="true" visibilityInactive="false" />
				
				<objectChange node="col_toolbox" compoundChildActive="false"/>
				<objectChange node="col_rollbar" compoundChildActive="false"/>
            </trailerConfiguration>
			<trailerConfiguration name="$l10n_configuration_headache3" price="1200">
				<objectChange node="headache_grp" visibilityActive="true" visibilityInactive="false" />
				<objectChange node="toolbox_grp" visibilityActive="true" visibilityInactive="false" />
				
				<objectChange node="col_siderail_L" compoundChildActive="false"/>
				<objectChange node="col_siderail_R" compoundChildActive="false"/>
				<objectChange node="col_rollbar" compoundChildActive="false"/>
            </trailerConfiguration>
	    </trailerConfigurations>
	</trailer>
	
    <cover>
        <coverConfigurations>
            <coverConfiguration>
            </coverConfiguration>
			<coverConfiguration>
                <cover openAnimation="toggleCover" openOnBuy="false" fillUnitIndices="1"/>
				<objectChange node="cover" visibilityActive="true" visibilityInactive="false" />
            </coverConfiguration>
        </coverConfigurations>
    </cover>
	
	<designConfigurations title="$l10n_configuration_fenders">
		<designConfiguration name="$l10n_configuration_valueDefault" price="0">
			<objectChange node="col_dual_L" compoundChildActive="false"/>
			<objectChange node="col_dual_R" compoundChildActive="false"/>
		</designConfiguration>
		<designConfiguration name="$l10n_configuration_fendersDual" price="1200">
			<objectChange node="dual_fenders" visibilityActive="true" visibilityInactive="false" />
		</designConfiguration>
	</designConfigurations>
	
	<vehicleTypeConfigurations title="$l10n_configuration_lights">
		<vehicleTypeConfiguration name="$l10n_configuration_valueDefault" price="0" vehicleType="trailer">
		</vehicleTypeConfiguration>
		<vehicleTypeConfiguration name="$l10n_configuration_worklights" price="200" vehicleType="trailer">
			<objectChange node="worklightsBack" visibilityActive="true" visibilityInactive="false" />
		</vehicleTypeConfiguration>
		<vehicleTypeConfiguration name="$l10n_configuration_strobebar" price="400" vehicleType="trailer">
			<objectChange node="warningBeacon" visibilityActive="true" visibilityInactive="false" />
		</vehicleTypeConfiguration>
		<vehicleTypeConfiguration name="$l10n_configuration_both" price="500" vehicleType="trailer">
			<objectChange node="worklightsBack" visibilityActive="true" visibilityInactive="false" />
			<objectChange node="warningBeacon" visibilityActive="true" visibilityInactive="false" />
		</vehicleTypeConfiguration>
	</vehicleTypeConfigurations>
	
	<lights>
		<sharedLight linkNode="sideMarker_10Red1" filename="$data/shared/assets/lights/lizard/sideMarker_10Red.xml" />
		<sharedLight linkNode="sideMarker_10Red2" filename="$data/shared/assets/lights/lizard/sideMarker_10Red.xml" />
		<sharedLight linkNode="sideMarker_10Red3" filename="$data/shared/assets/lights/lizard/sideMarker_10Red.xml" />
		<sharedLight linkNode="sideMarker_10Red4" filename="$data/shared/assets/lights/lizard/sideMarker_10Red.xml" />
		<sharedLight linkNode="sideMarker_10Red5" filename="$data/shared/assets/lights/lizard/sideMarker_10Red.xml" />
		
		<sharedLight linkNode="rearLightOvalLEDRed_01_L" filename="$data/shared/assets/lights/lizard/rearLightOvalLEDRed_01.xml" />
		<sharedLight linkNode="rearLightOvalLEDRed_01_R" filename="$data/shared/assets/lights/lizard/rearLightOvalLEDRed_01.xml" />
		<sharedLight linkNode="rearLightOvalLEDWhite_01_L" 	filename="locals/rearLightOvalLEDWhite_01.xml" />
		<sharedLight linkNode="rearLightOvalLEDWhite_01_R" 	filename="locals/rearLightOvalLEDWhite_01.xml" />
		
		<sharedLight linkNode="sideMarker_09Orange_turnLeft" filename="$data/shared/assets/lights/lizard/sideMarker_09Orange_left.xml" />
		<sharedLight linkNode="sideMarker_09Orange_turnRight" filename="$data/shared/assets/lights/lizard/sideMarker_09Orange_right.xml" />
		<sharedLight linkNode="sideMarker_09Red_L" filename="$data/shared/assets/lights/lizard/sideMarker_09Red.xml" />
		<sharedLight linkNode="sideMarker_09Red_R" filename="$data/shared/assets/lights/lizard/sideMarker_09Red.xml" />
		
		<sharedLight linkNode="hellaWorkingLightOval_01_1" filename="locals/hellaWorkingLightOval_01_front.xml" lightTypes="3"/>
		<sharedLight linkNode="hellaWorkingLightOval_01_2" filename="locals/hellaWorkingLightOval_01_front.xml" lightTypes="3"/>
		<sharedLight linkNode="hellaWorkingLightOval_01_3" filename="locals/hellaWorkingLightOval_01_front.xml" lightTypes="3"/>
		<sharedLight linkNode="hellaWorkingLightOval_01_4" filename="locals/hellaWorkingLightOval_01_front.xml" lightTypes="3"/>
		<sharedLight linkNode="hellaWorkingLightOval_01_5" filename="locals/hellaWorkingLightOval_01_front.xml" lightTypes="3"/>
		
		<sharedLight linkNode="hellaWorkingLightRound_01_L" node="0" lightTypes="2" filename="$data/shared/assets/lights/hella/hellaWorkingLightRound_01_back.xml">
            <rotationNode name="rotationNode1" rotation="0 0 0" />
        </sharedLight>
		<sharedLight linkNode="hellaWorkingLightRound_01_R" node="0" lightTypes="2" filename="$data/shared/assets/lights/hella/hellaWorkingLightRound_01_back.xml">
            <rotationNode name="rotationNode1" rotation="0 0 0" />
        </sharedLight>
		
        <states>
            <state lightTypes="0"/>
            <state lightTypes="0 1"/>
			<state lightTypes="0 1 2"/>
        </states>
		
        <realLights>
            <low>
                <brakeLight node="bedBrakeLight"/>
            </low>
            <high>
				<light node="bedBackLight" lightTypes="0"/>
				<light node="bedWorkLight" lightTypes="2"/>
				<light node="bedWorkLight1" lightTypes="2"/>
				<light node="rb_SpotLight" lightTypes="3"/>
				
                <brakeLight node="bedBrakeLight"/>
				<brakeLight node="hr_BrakeLight"/>
				
                <turnLightLeft node="bedTurnLeft"/>
                <turnLightRight node="bedTurnRight"/>
				
                <reverseLight node="bedReverseLight"/>
				<reverseLight node="hr_ReverseLight"/>
            </high>
        </realLights>
		
		<beaconLights>
			<beaconLight node="warningBeacon" filename="locals/strobeBar.xml" />
            <beaconLight node="warningBeacon" filename="locals/strobeBar2.xml" />
        </beaconLights>
		
		<defaultLights>
			<defaultLight shaderNode="backLightStatic" lightTypes="0" intensity="15" />
			<defaultLight shaderNode="trailbossBackLight" lightTypes="0" intensity="15" />
        </defaultLights>
		
        <brakeLights>
			<brakeLight shaderNode="brakeLightStatic" intensity="30" />
			<brakeLight shaderNode="brakeLEDStatic" intensity="200" />
			<brakeLight shaderNode="trailbossBrakeLight" intensity="200" />
        </brakeLights>
		
		<reverseLights>
			<reverseLight shaderNode="reverseLightStatic" intensity="30" />
			<reverseLight shaderNode="reverseLEDStatic" intensity="200" />
        </reverseLights>
		
        <turnLights>
            <turnLightLeft shaderNode="turnLeftStatic" intensity="30" />
			<turnLightLeft shaderNode="turnLeftLEDStatic" intensity="150" />
			<turnLightRight shaderNode="turnRightStatic" intensity="30" />
			<turnLightRight shaderNode="turnRightLEDStatic" intensity="150" />
        </turnLights>
		
        <sounds>
            <switchLight template="SWITCH_01" />
            <turnLight template="SWITCH_TURNLIGHT" />
        </sounds>
    </lights>
	
	<animations>
		<animation name="moveSupport">
			<part node="col_legs"    		direction="-1" startTime="0" 	endTime="0.3" 	startTrans="0 0.784 2" 	endTrans="0 0.780 1.98" />
            <part node="col_legs"    		direction="-1" startTime="0.3" 	endTime="1.2" 	startTrans="0 0.780 1.98" endTrans="0 0 0" />
			<part node="col_legs_L"   		direction="-1" startTime="0" 	endTime="0.3" 	startTrans="-1 0 0" endTrans="0 0 0" />
			<part node="col_legs_R"  		direction="-1" startTime="0" 	endTime="0.3" 	startTrans="1 0 0" endTrans="0 0 0" />
            <part node="support_frame_grp"  direction="-1" startTime="0" 	endTime="0.9" 	visibility="false" />
            <part node="support_frame_grp"  direction="-1" startTime="0.9" 	endTime="1.2" 	visibility="true" />
            <part node="col_legs"    		direction="1" startTime="0.01" 	endTime="0.02" 	startTrans="0 0.471 1.99" endTrans="0 0 0" />
            <part node="col_legs"    		direction="1" startTime="0.02" 	endTime="1.2" 	startTrans="0 0 0" endTrans="0 0 0" />
			<part node="col_legs_L"   		direction="1" startTime="0" 	endTime="0.01" 	startTrans="-1 0 0" endTrans="-0.02 0 0" />
            <part node="col_legs_R"  		direction="1" startTime="0" 	endTime="0.01" 	startTrans="1 0 0" endTrans="0.02 0 0" />
            <part node="col_legs_L"   		direction="1" startTime="0.01" 	endTime="0.3" 	startTrans="-0.02 0 0" endTrans="-0.01 0 0" />
            <part node="col_legs_R"  		direction="1" startTime="0.01" 	endTime="0.3" 	startTrans="0.02 0 0" endTrans="0.01 0 0" />
            <part node="col_legs_L"   		direction="1" startTime="0.3" 	endTime="1.2" 	startTrans="-0.01 0 0" endTrans="0 0 0" />
            <part node="col_legs_R"  		direction="1" startTime="0.3" 	endTime="1.2" 	startTrans="0.01 0 0" endTrans="0 0 0" />
            <part node="support_frame_grp"  direction="1" startTime="0" 	endTime="0.02" 	visibility="false" />
            <part node="support_frame_grp"  direction="1" startTime="0.02" 	endTime="1.2" 	visibility="true" />
        </animation>
		<animation name="toggleCover">
            <part node="part4" startTime="0" endTime="1" startRot="0 0 0" endRot="180 0 0" />
			<part node="part3" startTime="1" endTime="2" startRot="0 0 0" endRot="180 0 0" />
			<part node="part2" startTime="2" endTime="3" startRot="0 0 0" endRot="180 0 0" />
        </animation>
		<animation name="tailgateAnim">
            <part node="tailgate" startTime="0" endTime="1" startRot="0 0 0" endRot="-90 0 0" />
			<part node="tailgate_axis" startTime="0" endTime="1" startRot="0 0 0" endRot="-90 0 0" />
        </animation>
    </animations>
	
	<cylindered>
		<movingTools>
			<movingTool node="rear_hitch2_adj">
				<controls axis="AXIS_FRONTLOADER_ARM" icon="$dataS2/menu/moveControls/frontloader_tool.png" invertAxis="true" invertMouseAxis="true" speedFactor="0.8" />
				<attacherJoint jointIndices="1 2" />
				<inputAttacherJoint value="true" />
				<translation transSpeed=".5" transAcceleration="5" transMax="0.409" transMin="0.258" translationAxis="2" />
			</movingTool>
		</movingTools>
    </cylindered>

    <tensionBelts>
        <tensionBeltsConfigurations title="$l10n_configuration_livery">
            <tensionBeltsConfiguration name="$l10n_configuration_livery1">
                <tensionBelts linkNode="tensionBelts" rootNode="tlx2020_trailboss_main_component1" jointNode="tlx2020_trailboss_main_component1" width="0.075" maxEdgeLength="0.1" geometryBias="0.01" ratchetPosition="0.2" defaultOffset="0.1" defaultOffsetSide="0.1" defaultHeight="4" activationTrigger="beltActivationTrigger">
                    <tensionBelt startNode="tensionBeltStart1" endNode="tensionBeltEnd1" offsetLeft="0.2"/>
                    <tensionBelt startNode="tensionBeltStart2" endNode="tensionBeltEnd2"/>
                    <tensionBelt startNode="tensionBeltStart3" endNode="tensionBeltEnd3" offsetRight="0.2"/>
                </tensionBelts>
            </tensionBeltsConfiguration>
			<tensionBeltsConfiguration name="$l10n_configuration_livery2" price="250" >
                <tensionBelts linkNode="tensionBelts" rootNode="tlx2020_trailboss_main_component1" jointNode="tlx2020_trailboss_main_component1" width="0.075" maxEdgeLength="0.1" geometryBias="0.01" ratchetPosition="0.2" defaultOffset="0.1" defaultOffsetSide="0.1" defaultHeight="4" activationTrigger="beltActivationTrigger">
                    <tensionBelt startNode="tensionBeltStart1" endNode="tensionBeltEnd1" offsetLeft="0.2"/>
                    <tensionBelt startNode="tensionBeltStart2" endNode="tensionBeltEnd2"/>
                    <tensionBelt startNode="tensionBeltStart3" endNode="tensionBeltEnd3" offsetRight="0.2"/>
                </tensionBelts>
				
				<objectChange node="lawncare_decals" visibilityActive="true" visibilityInactive="false" />
            </tensionBeltsConfiguration>
			<tensionBeltsConfiguration name="$l10n_configuration_livery3" price="250" >
                <tensionBelts linkNode="tensionBelts" rootNode="tlx2020_trailboss_main_component1" jointNode="tlx2020_trailboss_main_component1" width="0.075" maxEdgeLength="0.1" geometryBias="0.01" ratchetPosition="0.2" defaultOffset="0.1" defaultOffsetSide="0.1" defaultHeight="4" activationTrigger="beltActivationTrigger">
                    <tensionBelt startNode="tensionBeltStart1" endNode="tensionBeltEnd1" offsetLeft="0.2"/>
                    <tensionBelt startNode="tensionBeltStart2" endNode="tensionBeltEnd2"/>
                    <tensionBelt startNode="tensionBeltStart3" endNode="tensionBeltEnd3" offsetRight="0.2"/>
                </tensionBelts>
				
				<objectChange node="logistics_decals" visibilityActive="true" visibilityInactive="false" />
			</tensionBeltsConfiguration>
            <tensionBeltsConfiguration name="$l10n_configuration_livery4" price="250" >
                <tensionBelts linkNode="tensionBelts" rootNode="tlx2020_trailboss_main_component1" jointNode="tlx2020_trailboss_main_component1" width="0.075" maxEdgeLength="0.1" geometryBias="0.01" ratchetPosition="0.2" defaultOffset="0.1" defaultOffsetSide="0.1" defaultHeight="4" activationTrigger="beltActivationTrigger">
                    <tensionBelt startNode="tensionBeltStart1" endNode="tensionBeltEnd1" offsetLeft="0.2"/>
                    <tensionBelt startNode="tensionBeltStart2" endNode="tensionBeltEnd2"/>
                    <tensionBelt startNode="tensionBeltStart3" endNode="tensionBeltEnd3" offsetRight="0.2"/>
                </tensionBelts>
				
				<objectChange node="cancer_decals" visibilityActive="true" visibilityInactive="false" />
            </tensionBeltsConfiguration>
        </tensionBeltsConfigurations>
    </tensionBelts>	
	
	<foldable>
		<foldingConfigurations title="$l10n_configuration_rear_bumper">
			<foldingConfiguration name="$l10n_configuration_maincolor" price="0">
				<foldingParts>
					<foldingPart animationName="tailgateAnim" speedScale="1"/>
				</foldingParts>
				<objectChange node="rear_bumper" visibilityActive="true" visibilityInactive="false" />
			</foldingConfiguration>
			<foldingConfiguration name="$l10n_configuration_designcolor" price="0">
				<foldingParts>
					<foldingPart animationName="tailgateAnim" speedScale="1"/>
				</foldingParts>
				<objectChange node="rear_bumper3" visibilityActive="true" visibilityInactive="false" />
			</foldingConfiguration>
			<foldingConfiguration name="$l10n_configuration_black" price="0">
				<foldingParts>
					<foldingPart animationName="tailgateAnim" speedScale="1"/>
				</foldingParts>
				<objectChange node="rear_bumper1" visibilityActive="true" visibilityInactive="false" />
			</foldingConfiguration>
			<foldingConfiguration name="$l10n_configuration_steel" price="0">
				<foldingParts>
					<foldingPart animationName="tailgateAnim" speedScale="1"/>
				</foldingParts>
				<objectChange node="rear_bumper2" visibilityActive="true" visibilityInactive="false" />
			</foldingConfiguration>
		</foldingConfigurations>
    </foldable>
	
	<attachable>
		<inputAttacherJoints>
            <inputAttacherJoint node="attacherJointFrames" jointType="82trailboss" lowerRotLimitScale="0 0 0" upperRotLimitScale="0 0 0" upperRotationOffset="0" lowerTransLimitScale="0 0 0" upperTransLimitScale="0 0 0"/>
        </inputAttacherJoints>		
		<support animationName="moveSupport" delayedOnAttach="false"/>
    </attachable>

	<attacherJoints>
        <attacherJoint node="trailerAttacherJointBack" jointType="trailer" lowerRotLimit="10 70 50" upperRotationOffset="0" allowsJointLimitMovement="false" comboTime="1">
            <schema position="1 0" rotation="0" invertX="false"/>
            <attachSound template="ATTACH_01" linkNode="0>"/>
        </attacherJoint>
        <attacherJoint node="trailerAttacherJointBack" jointType="trailerLow" lowerRotLimit="10 70 50" upperRotationOffset="0" allowsJointLimitMovement="false" comboTime="1">
            <schema position="1 0" rotation="0" invertX="false"/>
            <attachSound template="ATTACH_01" linkNode="0>"/>
        </attacherJoint>
		<attacherJoint node="gooseneckAttacherJoint" jointType="semitrailer" allowsJointLimitMovement="false" allowsLowering="false" lowerRotLimit="15 125 15">
            <schema position="1 0" rotation="0" invertX="false" />
			<attachSound template="TRUCK_ATTACH_01" linkNode="0>" />
        </attacherJoint>
    </attacherJoints>
	
	<connectionHoses>
        <target attacherJointIndices="1 2" type="electric" node="electricBack" socket="electric"/>
    </connectionHoses>
	
	<foliageBending>
        <bendingNode minX="-1.05" maxX="1.05" minZ="-2.8" maxZ="-1.0 " yOffset="0.6" />
        <bendingNode minX="-0.50" maxX="0.50" minZ="-1.1" maxZ="1.6 " yOffset="0.6" />
        <bendingNode minX="-0.90" maxX="0.90" minZ="-1.1" maxZ="1.6 " yOffset="1.6" />
    </foliageBending>
	
    <baseMaterial>
        <material name="trailboss_mat" baseNode="bed_body">
            <shaderParameter name="colorMat0" value="SHARED_GREY2"/>
			<shaderParameter name="colorMat1" value="SHARED_GREY2"/>
        </material>
		<material name="trailboss3_mat" baseNode="rear_bumper3">
            <shaderParameter name="colorMat0" value="SHARED_GREY2"/>
        </material>
		<material name="generic_mat" baseNode="filling1">
            <shaderParameter name="colorMat0" value="SHARED_GREY2"/>
        </material>
    </baseMaterial>
	
	<baseMaterialConfigurations useDefaultColors="true" price="1200">
		<baseMaterialConfiguration name="Pure White" color="STOLL_WHITE2" material="0" />
		
		<baseMaterialConfiguration name="LawnGreen" color="0.027 0.058 0.048" material="0" />
		<baseMaterialConfiguration name="LawnGreen New Age" color="0.027 0.058 0.048" material="27" />
		<baseMaterialConfiguration name="LawnGreen Aged" color="0.027 0.058 0.048" material="6" />
		
		<baseMaterialConfiguration name="Olive" color="LIZARD_OLIVE1" material="0" />
		<baseMaterialConfiguration name="Olive New Age" color="LIZARD_OLIVE1" material="27" />
		<baseMaterialConfiguration name="Olive Aged" color="LIZARD_OLIVE1" material="6" />
		
		<baseMaterialConfiguration name="Blue Jeans" color="0.004 0.02 0.059" material="0" />
		<baseMaterialConfiguration name="Blue Jeans New Age" color="0.004 0.02 0.059" material="27" />
		<baseMaterialConfiguration name="Blue Jeans Aged" color="0.004 0.02 0.059" material="6" />
		
		<baseMaterialConfiguration name="Ruby Red" color="0.3 0 0.004" material="0" />
		<baseMaterialConfiguration name="Ruby Red New Age" color="0.3 0 0.004" material="27" />
		<baseMaterialConfiguration name="Ruby Red Aged" color="0.3 0 0.004" material="6" />
		
		<baseMaterialConfiguration name="Race Red" color="0.657 0.012 0" material="0" />
		<baseMaterialConfiguration name="Race Red New Age" color="0.657 0.012 0" material="27" />
		<baseMaterialConfiguration name="Race Red Aged" color="0.657 0.012 0" material="6" />
		
		<baseMaterialConfiguration name="White Gold" color="0.973 0.976 0.545" material="27" />
		<baseMaterialConfiguration name="Bronze Fire" color="0.153 0.029 0.01" material="27" />
		
		<baseMaterialConfiguration name="Default" color="0 0.02 0.1" material="0" />
		<baseMaterialConfiguration name="New Age" color="0 0.02 0.1" material="27" />
        
		<baseMaterialConfiguration name="JCB" color="JCB_YELLOW1" material="0" />
		<baseMaterialConfiguration name="JCB New Age" color="JCB_YELLOW1" material="27" />
		
        <baseMaterialConfiguration name="Pearl White" color="STOLL_WHITE2" material="27" />
        <baseMaterialConfiguration name="Aged White" color="STOLL_WHITE2" material="6" />
		
		<baseMaterialConfiguration name="New Silver" color="SHARED_GREY2" material="27" />
		<baseMaterialConfiguration name="Scarlet Red" color="CASEIH_RED1" material="27" />
		<baseMaterialConfiguration name="Pearl White" color="STOLL_WHITE2" material="27" />
        <baseMaterialConfiguration name="Gun Metal" color="SHARED_GREY5" material="27" />
		<baseMaterialConfiguration name="Dark Moon" color="0.02 0.02 0.02" material="27" />
		<baseMaterialConfiguration name="Blaze Orange" color="FLIEGL_ORANGE1" material="27" />
		<baseMaterialConfiguration name="Nitro Blue" color="NEWHOLLAND_BLUE1" material="27" />
		<baseMaterialConfiguration name="Deep Blue" color="HATZENBICHLER_DARKBLUE1" material="27" />
		
        <material name="trailboss_mat" shaderParameter="colorMat0" />
		<material name="generic_mat" shaderParameter="colorMat0" />
    </baseMaterialConfigurations>
	
	<designMaterialConfigurations useDefaultColors="true" price="1200">
		<designMaterialConfiguration name="Pure White" color="STOLL_WHITE2" material="0" />
		
		<designMaterialConfiguration name="LawnGreen" color="0.027 0.058 0.048" material="0" />
		<designMaterialConfiguration name="LawnGreen New Age" color="0.027 0.058 0.048" material="27" />
		<designMaterialConfiguration name="LawnGreen Aged" color="0.027 0.058 0.048" material="6" />
		
		<designMaterialConfiguration name="Olive" color="LIZARD_OLIVE1" material="0" />
		<designMaterialConfiguration name="Olive New Age" color="LIZARD_OLIVE1" material="27" />
		<designMaterialConfiguration name="Olive Aged" color="LIZARD_OLIVE1" material="6" />
		
		<designMaterialConfiguration name="Blue Jeans" color="0.004 0.02 0.059" material="0" />
		<designMaterialConfiguration name="Blue Jeans New Age" color="0.004 0.02 0.059" material="27" />
		<designMaterialConfiguration name="Blue Jeans Aged" color="0.004 0.02 0.059" material="6" />
		
		<designMaterialConfiguration name="Ruby Red" color="0.3 0 0.004" material="0" />
		<designMaterialConfiguration name="Ruby Red New Age" color="0.3 0 0.004" material="27" />
		<designMaterialConfiguration name="Ruby Red Aged" color="0.3 0 0.004" material="6" />
		
		<designMaterialConfiguration name="Race Red" color="0.657 0.012 0" material="0" />
		<designMaterialConfiguration name="Race Red New Age" color="0.657 0.012 0" material="27" />
		<designMaterialConfiguration name="Race Red Aged" color="0.657 0.012 0" material="6" />
		
		<designMaterialConfiguration name="White Gold" color="0.973 0.976 0.545" material="27" />
		<designMaterialConfiguration name="Bronze Fire" color="0.153 0.029 0.01" material="27" />
		
		<designMaterialConfiguration name="Default" color="0 0.02 0.1" material="0" />
		<designMaterialConfiguration name="New Age" color="0 0.02 0.1" material="27" />
        
		<designMaterialConfiguration name="JCB" color="JCB_YELLOW1" material="0" />
		<designMaterialConfiguration name="JCB New Age" color="JCB_YELLOW1" material="27" />
		
        <designMaterialConfiguration name="Pearl White" color="STOLL_WHITE2" material="27" />
        <designMaterialConfiguration name="Aged White" color="STOLL_WHITE2" material="6" />
        
		<designMaterialConfiguration name="New Silver" color="SHARED_GREY2" material="27" />
		<designMaterialConfiguration name="Scarlet Red" color="CASEIH_RED1" material="27" />
		<designMaterialConfiguration name="Pearl White" color="STOLL_WHITE2" material="27" />
        <designMaterialConfiguration name="Gun Metal" color="SHARED_GREY5" material="27" />
		<designMaterialConfiguration name="Dark Moon" color="0.02 0.02 0.02" material="27" />
		<designMaterialConfiguration name="Blaze Orange" color="FLIEGL_ORANGE1" material="27" />
		<designMaterialConfiguration name="Nitro Blue" color="NEWHOLLAND_BLUE1" material="27" />
		<designMaterialConfiguration name="Deep Blue" color="HATZENBICHLER_DARKBLUE1" material="27" />
		
        <material name="trailboss_mat" shaderParameter="colorMat1" />
		<material name="trailboss3_mat" shaderParameter="colorMat0" />
    </designMaterialConfigurations>
	
    <wearable wearDuration="480" workMultiplier="5" fieldMultiplier="2"/>
    <washable dirtDuration="90" washDuration="1" workMultiplier="3" fieldMultiplier="2"/>

<i3dMappings>
  <i3dMapping id="tlx2020_trailboss_main_component1" node="0>" />
  <i3dMapping id="attacherJointFrames" node="0>0" />
  <i3dMapping id="trailboss_vis" node="0>1" />
  <i3dMapping id="stock_bed_grp" node="0>1|0" />
  <i3dMapping id="statics" node="0>1|0|0" />
  <i3dMapping id="stock_bed_Lights_housing" node="0>1|0|0|0" />
  <i3dMapping id="chromeHousing" node="0>1|0|0|1" />
  <i3dMapping id="stock_bed_Lights_glass" node="0>1|0|0|2" />
  <i3dMapping id="backLightStatic" node="0>1|0|0|3" />
  <i3dMapping id="brakeLightStatic" node="0>1|0|0|4" />
  <i3dMapping id="brakeLEDStatic" node="0>1|0|0|5" />
  <i3dMapping id="reverseLightStatic" node="0>1|0|0|6" />
  <i3dMapping id="reverseLEDStatic" node="0>1|0|0|7" />
  <i3dMapping id="turnLeftStatic" node="0>1|0|0|8" />
  <i3dMapping id="turnLeftLEDStatic" node="0>1|0|0|9" />
  <i3dMapping id="turnRightStatic" node="0>1|0|0|10" />
  <i3dMapping id="turnRightLEDStatic" node="0>1|0|0|11" />
  <i3dMapping id="tailLights" node="0>1|0|1" />
  <i3dMapping id="bedTurnLeft" node="0>1|0|1|0" />
  <i3dMapping id="bedTurnRight" node="0>1|0|1|1" />
  <i3dMapping id="bedBackLight" node="0>1|0|1|2" />
  <i3dMapping id="bedBackLight1" node="0>1|0|1|2|0" />
  <i3dMapping id="bedBrakeLight" node="0>1|0|1|3" />
  <i3dMapping id="bedBrakeLight1" node="0>1|0|1|3|0" />
  <i3dMapping id="bedReverseLight" node="0>1|0|1|4" />
  <i3dMapping id="bedReverseLight1" node="0>1|0|1|4|0" />
  <i3dMapping id="bed_body" node="0>1|0|2" />
  <i3dMapping id="bed_top" node="0>1|0|3" />
  <i3dMapping id="bed_undercarriage" node="0>1|0|4" />
  <i3dMapping id="mudflap_R" node="0>1|0|5" />
  <i3dMapping id="mudflap_L" node="0>1|0|6" />
  <i3dMapping id="tailgate" node="0>1|0|7" />
  <i3dMapping id="trailboss_decal" node="0>1|0|7|0" />
  <i3dMapping id="tg_sharedLights" node="0>1|0|7|1" />
  <i3dMapping id="sideMarker_10Red1" node="0>1|0|7|1|0" />
  <i3dMapping id="sideMarker_10Red2" node="0>1|0|7|1|1" />
  <i3dMapping id="sideMarker_10Red3" node="0>1|0|7|1|2" />
  <i3dMapping id="sideMarker_10Red4" node="0>1|0|7|1|3" />
  <i3dMapping id="sideMarker_10Red5" node="0>1|0|7|1|4" />
  <i3dMapping id="stock_bed_inner" node="0>1|0|8" />
  <i3dMapping id="liveries_grp" node="0>1|0|9" />
  <i3dMapping id="cancer_decals" node="0>1|0|9|0" />
  <i3dMapping id="cancer_side" node="0>1|0|9|0|0" />
  <i3dMapping id="logistics_decals" node="0>1|0|9|1" />
  <i3dMapping id="logistics_side" node="0>1|0|9|1|0" />
  <i3dMapping id="lawncare_decals" node="0>1|0|9|2" />
  <i3dMapping id="lawncare_side" node="0>1|0|9|2|0" />
  <i3dMapping id="dual_fenders" node="0>1|1" />
  <i3dMapping id="dual_sharedlights" node="0>1|1|0" />
  <i3dMapping id="sideMarker_09Orange_turnLeft" node="0>1|1|0|0" />
  <i3dMapping id="sideMarker_09Orange_turnRight" node="0>1|1|0|1" />
  <i3dMapping id="sideMarker_09Red_L" node="0>1|1|0|2" />
  <i3dMapping id="sideMarker_09Red_R" node="0>1|1|0|3" />
  <i3dMapping id="rear_hitch" node="0>1|2" />
  <i3dMapping id="extras" node="0>1|3" />
  <i3dMapping id="toolbox_grp" node="0>1|3|0" />
  <i3dMapping id="toolbox" node="0>1|3|0|0" />
  <i3dMapping id="cover" node="0>1|3|1" />
  <i3dMapping id="part1" node="0>1|3|1|0" />
  <i3dMapping id="part2" node="0>1|3|1|0|0" />
  <i3dMapping id="part3" node="0>1|3|1|0|0|0" />
  <i3dMapping id="part4" node="0>1|3|1|0|0|0|0" />
  <i3dMapping id="siderails" node="0>1|3|2" />
  <i3dMapping id="rollbar" node="0>1|3|3" />
  <i3dMapping id="rb_sharedLights" node="0>1|3|3|0" />
  <i3dMapping id="hellaWorkingLightOval_01_1" node="0>1|3|3|0|0" />
  <i3dMapping id="hellaWorkingLightOval_01_2" node="0>1|3|3|0|1" />
  <i3dMapping id="hellaWorkingLightOval_01_3" node="0>1|3|3|0|2" />
  <i3dMapping id="hellaWorkingLightOval_01_4" node="0>1|3|3|0|3" />
  <i3dMapping id="hellaWorkingLightOval_01_5" node="0>1|3|3|0|4" />
  <i3dMapping id="rb_SpotLight" node="0>1|3|3|0|5" />
  <i3dMapping id="rb_SpotLight1" node="0>1|3|3|0|5|0" />
  <i3dMapping id="rb_SpotLight2" node="0>1|3|3|0|5|1" />
  <i3dMapping id="rb_SpotLight3" node="0>1|3|3|0|5|2" />
  <i3dMapping id="rb_SpotLight4" node="0>1|3|3|0|5|3" />
  <i3dMapping id="gooseneck" node="0>1|3|4" />
  <i3dMapping id="headache_grp" node="0>1|3|5" />
  <i3dMapping id="headache_rack" node="0>1|3|5|0" />
  <i3dMapping id="trailbossBackLight" node="0>1|3|5|1" />
  <i3dMapping id="trailbossBrakeLight" node="0>1|3|5|2" />
  <i3dMapping id="hr_sharedLights" node="0>1|3|5|3" />
  <i3dMapping id="rearLightOvalLEDRed_01_L" node="0>1|3|5|3|0" />
  <i3dMapping id="rearLightOvalLEDWhite_01_L" node="0>1|3|5|3|1" />
  <i3dMapping id="rearLightOvalLEDRed_01_R" node="0>1|3|5|3|2" />
  <i3dMapping id="rearLightOvalLEDWhite_01_R" node="0>1|3|5|3|3" />
  <i3dMapping id="worklightsBack" node="0>1|3|5|3|4" />
  <i3dMapping id="workingLightBack_L" node="0>1|3|5|3|4|0" />
  <i3dMapping id="bedWorkLight" node="0>1|3|5|3|4|0|0" />
  <i3dMapping id="hellaWorkingLightRound_01_L" node="0>1|3|5|3|4|0|1" />
  <i3dMapping id="workingLightBack_R" node="0>1|3|5|3|4|1" />
  <i3dMapping id="bedWorkLight1" node="0>1|3|5|3|4|1|0" />
  <i3dMapping id="hellaWorkingLightRound_01_R" node="0>1|3|5|3|4|1|1" />
  <i3dMapping id="warningBeacon" node="0>1|3|5|3|5" />
  <i3dMapping id="hr_ReverseLight" node="0>1|3|5|3|6" />
  <i3dMapping id="hr_ReverseLight1" node="0>1|3|5|3|6|0" />
  <i3dMapping id="hr_BrakeLight" node="0>1|3|5|3|7" />
  <i3dMapping id="hr_BrakeLight1" node="0>1|3|5|3|7|0" />
  <i3dMapping id="filling1" node="0>1|4" />
  <i3dMapping id="rearbumper_grp" node="0>1|5" />
  <i3dMapping id="rear_bumper" node="0>1|5|0" />
  <i3dMapping id="rear_bumper1" node="0>1|5|1" />
  <i3dMapping id="rear_bumper2" node="0>1|5|2" />
  <i3dMapping id="rear_bumper3" node="0>1|5|3" />
  <i3dMapping id="tensionBelts" node="0>1|6" />
  <i3dMapping id="tensionBeltStart1" node="0>1|6|0" />
  <i3dMapping id="tensionBeltEnd1" node="0>1|6|0|0" />
  <i3dMapping id="hook_0" node="0>1|6|0|0|0" />
  <i3dMapping id="hook_1" node="0>1|6|0|1" />
  <i3dMapping id="tensionBeltStart2" node="0>1|6|1" />
  <i3dMapping id="tensionBeltEnd2" node="0>1|6|1|0" />
  <i3dMapping id="hook_2" node="0>1|6|1|0|0" />
  <i3dMapping id="hook_3" node="0>1|6|1|1" />
  <i3dMapping id="tensionBeltStart3" node="0>1|6|2" />
  <i3dMapping id="tensionBeltEnd3" node="0>1|6|2|0" />
  <i3dMapping id="hook_4" node="0>1|6|2|0|0" />
  <i3dMapping id="hook_5" node="0>1|6|2|1" />
  <i3dMapping id="beltActivationTrigger" node="0>1|6|3" />
  <i3dMapping id="support_frame_grp" node="0>1|7" />
  <i3dMapping id="support_frame_1" node="0>1|7|0" />
  <i3dMapping id="support_extension1_L" node="0>1|7|0|0" />
  <i3dMapping id="support_legs1_L" node="0>1|7|0|0|0" />
  <i3dMapping id="support_extension1_R" node="0>1|7|0|1" />
  <i3dMapping id="support_legs1_R" node="0>1|7|0|1|0" />
  <i3dMapping id="support_frame_2" node="0>1|7|1" />
  <i3dMapping id="support_extension2_L" node="0>1|7|1|0" />
  <i3dMapping id="support_legs2_L" node="0>1|7|1|0|0" />
  <i3dMapping id="support_extension2_R" node="0>1|7|1|1" />
  <i3dMapping id="support_legs2_R" node="0>1|7|1|1|0" />
  <i3dMapping id="attacherJoints" node="0>1|8" />
  <i3dMapping id="trailerAttacherJointFront" node="0>1|8|0" />
  <i3dMapping id="gooseneckAttacherJoint" node="0>1|8|1" />
  <i3dMapping id="rear_hitch2_grp" node="0>1|8|2" />
  <i3dMapping id="rear_hitch2" node="0>1|8|2|0" />
  <i3dMapping id="rear_hitch2_adj" node="0>1|8|2|1" />
  <i3dMapping id="trailerAttacherJointBack" node="0>1|8|2|1|0" />
  <i3dMapping id="rear_hitch2_pin1" node="0>1|8|2|1|1" />
  <i3dMapping id="rear_hitch2_pin2" node="0>1|8|2|2" />
  <i3dMapping id="electricBack" node="0>1|9" />
  <i3dMapping id="collisions" node="0>2" />
  <i3dMapping id="col_floor" node="0>2|0" />
  <i3dMapping id="col_front" node="0>2|1" />
  <i3dMapping id="col_bumper" node="0>2|2" />
  <i3dMapping id="col_side_L" node="0>2|3" />
  <i3dMapping id="col_side_R" node="0>2|4" />
  <i3dMapping id="col_dual_L" node="0>2|5" />
  <i3dMapping id="col_dual_R" node="0>2|6" />
  <i3dMapping id="col_toolbox" node="0>2|7" />
  <i3dMapping id="col_siderail_L" node="0>2|8" />
  <i3dMapping id="col_siderail_R" node="0>2|9" />
  <i3dMapping id="col_rollbar" node="0>2|10" />
  <i3dMapping id="col_headache" node="0>2|11" />
  <i3dMapping id="tailgate_axis" node="0>2|12" />
  <i3dMapping id="col_tailgate" node="0>2|12|0" />
  <i3dMapping id="col_legs" node="0>2|13" />
  <i3dMapping id="col_legs_L" node="0>2|13|0" />
  <i3dMapping id="col_suppLeg1_L" node="0>2|13|0|0" />
  <i3dMapping id="col_suppLeg2_L" node="0>2|13|0|1" />
  <i3dMapping id="col_legs_R" node="0>2|13|1" />
  <i3dMapping id="col_suppLeg1_R" node="0>2|13|1|0" />
  <i3dMapping id="col_suppLeg2_R" node="0>2|13|1|1" />
</i3dMappings>

</vehicle>
