﻿<?xml version="1.0" encoding="utf-8" standalone="no" ?>
<vehicle type="tlx2020trailer">
    <annotation>Copyright (C) GIANTS Software GmbH, All Rights Reserved.</annotation>
	
    <storeData>
        <name>
			<en>TLX 2020 Tip-IT Open Bed</en>
			<de>TLX 2020 Tip-IT Open Bed</de>
			<es>TLX 2020 Tip-IT Open Bed</es>
        </name>
        <functions>
            <function>$l10n_function_tipper</function>
        </functions>
        <image>store/modStore_tipit3.dds</image>
        <price>3500</price>
        <lifetime>600</lifetime>
        <rotation>0</rotation>
        <brand>82S</brand>
        <category>misc</category>
        <shopTranslationOffset>0 0.04 0</shopTranslationOffset>
        <shopRotationOffset>0 0 0</shopRotationOffset>
        <vertexBufferMemoryUsage>507392</vertexBufferMemoryUsage>
        <indexBufferMemoryUsage>76392</indexBufferMemoryUsage>
        <textureMemoryUsage>6838344</textureMemoryUsage>
        <instanceVertexBufferMemoryUsage>0</instanceVertexBufferMemoryUsage>
        <instanceIndexBufferMemoryUsage>0</instanceIndexBufferMemoryUsage>
    </storeData>
	
    <base>
        <typeDesc>$l10n_typeDesc_tipper</typeDesc>
        <filename>attachments/txl2020_tipit.i3d</filename>
        <size width="3" length="5.5"/>
        <components count="1">
            <component centerOfMass="0 0.4 -1.45" solverIterationCount="10" mass="1200"/>
        </components>
        <schemaOverlay attacherJointPosition="0 0">
            <default name="DEFAULT_IMPLEMENT"/>
            <selected name="DEFAULT_IMPLEMENT_SELECTED"/>
        </schemaOverlay>
    </base>
		
	<lights>
		<sharedLight linkNode="sideMarker_06Red_L1" filename="locals/sideMarker_06Red.xml" />
		<sharedLight linkNode="sideMarker_06Red_R1" filename="locals/sideMarker_06Red.xml" />
		<sharedLight linkNode="sideMarker_06Red_L1" filename="locals/sideMarker_06Red.xml" />
		
		<sharedLight linkNode="sideMarker_06Orange_L1" 	filename="locals/sideMarker_06Orange.xml" />
		<sharedLight linkNode="sideMarker_06Orange_L2" 	filename="locals/sideMarker_06Orange.xml" />
		<sharedLight linkNode="sideMarker_06Orange_R1" 	filename="locals/sideMarker_06Orange.xml" />
		<sharedLight linkNode="sideMarker_06Orange_R2" 	filename="locals/sideMarker_06Orange.xml" />
		
		<sharedLight linkNode="rearMultipointLight_05_left" filename="$data/shared/assets/lights/lizard/rearMultipointLight_05_right.xml" />
		<sharedLight linkNode="rearMultipointLight_05_right" filename="$data/shared/assets/lights/lizard/rearMultipointLight_05_left.xml" />
	
        <states>
            <state lightTypes="0"/>
            <state lightTypes="0 1"/>
        </states>
        <realLights>
            <low>
                <brakeLight node="bedBrakeLight"/>
            </low>
            <high>
				<light node="bedSides" lightTypes="0"/>
				<light node="bedBackLight" lightTypes="0"/>
                <brakeLight node="bedBrakeLight"/>
                <turnLightLeft node="bedTurnLeft"/>
                <turnLightRight node="bedTurnRight"/>
                <reverseLight node="bedReverseLight"/>
            </high>
        </realLights>
    </lights>
	
	<animations>
		<animation name="moveSupport">
			<part node="col_legs"    direction="-1" startTime="0" endTime="0.3" startTrans="0 0.784 2" endTrans="0 0.780 1.98" />
            <part node="col_legs"    direction="-1" startTime="0.3" endTime="1.2" startTrans="0 0.780 1.98" endTrans="0 -0.207 0" />
			<part node="col_legs_L"   direction="-1" startTime="0" endTime="0.3" startTrans="-1 0 0" endTrans="0 0 0" />
			<part node="col_legs_R"  direction="-1" startTime="0" endTime="0.3" startTrans="1 0 0" endTrans="0 0 0" />
            <part node="support_frame_grp"  direction="-1" startTime="0" endTime="0.9" visibility="false" />
            <part node="support_frame_grp"  direction="-1" startTime="0.9" endTime="1.2" visibility="true" />
			
			<part node="tipper_fixed_parts"  direction="-1" startTime="0" endTime="0.9" visibility="true" />
            <part node="tipper_fixed_parts"  direction="-1" startTime="0.9" endTime="1.2" visibility="false" />
			<part node="mudguards"  direction="-1" startTime="0" endTime="0.9" visibility="true" />
            <part node="mudguards"  direction="-1" startTime="0.9" endTime="1.2" visibility="false" />
			<part node="tipper_frame_fixtures"  direction="-1" startTime="0" endTime="0.9" visibility="true" />
            <part node="tipper_frame_fixtures"  direction="-1" startTime="0.9" endTime="1.2" visibility="false" />
			<part node="hydraulicBody"  direction="-1" startTime="0" endTime="0.9" visibility="true" />
            <part node="hydraulicBody"  direction="-1" startTime="0.9" endTime="1.2" visibility="false" />
			<part node="tipit_decal"  direction="-1" startTime="0" endTime="0.9" visibility="true" />
            <part node="tipit_decal"  direction="-1" startTime="0.9" endTime="1.2" visibility="false" />
			
            <part node="col_legs"    direction="1" startTime="0.01" endTime="0.02" startTrans="0 0.471 1.99" endTrans="0 0 0" />
            <part node="col_legs"    direction="1" startTime="0.02" endTime="1.2" startTrans="0 0 0" endTrans="0 -0.207 0" />
			<part node="col_legs_L"   direction="1" startTime="0" endTime="0.01" startTrans="-1 0 0" endTrans="-0.02 0 0" />
            <part node="col_legs_R"  direction="1" startTime="0" endTime="0.01" startTrans="1 0 0" endTrans="0.02 0 0" />
            <part node="col_legs_L"   direction="1" startTime="0.01" endTime="0.3" startTrans="-0.02 0 0" endTrans="-0.01 0 0" />
            <part node="col_legs_R"  direction="1" startTime="0.01" endTime="0.3" startTrans="0.02 0 0" endTrans="0.01 0 0" />
            <part node="col_legs_L"   direction="1" startTime="0.3" endTime="1.2" startTrans="-0.01 0 0" endTrans="0 0 0" />
            <part node="col_legs_R"  direction="1" startTime="0.3" endTime="1.2" startTrans="0.01 0 0" endTrans="0 0 0" />
            <part node="support_frame_grp"  direction="1" startTime="0" endTime="0.02" visibility="false" />
            <part node="support_frame_grp"  direction="1" startTime="0.02" endTime="1.2" visibility="true" />
			
			<part node="tipper_fixed_parts"  direction="1" startTime="0" endTime="0.02" visibility="true" />
            <part node="tipper_fixed_parts"  direction="1" startTime="0.02" endTime="1.2" visibility="false" />
			<part node="mudguards"  direction="1" startTime="0" endTime="0.02" visibility="true" />
            <part node="mudguards"  direction="1" startTime="0.02" endTime="1.2" visibility="false" />
			<part node="tipper_frame_fixtures"  direction="1" startTime="0" endTime="0.02" visibility="true" />
            <part node="tipper_frame_fixtures"  direction="1" startTime="0.02" endTime="1.2" visibility="false" />
			<part node="hydraulicBody"  direction="1" startTime="0" endTime="0.02" visibility="true" />
            <part node="hydraulicBody"  direction="1" startTime="0.02" endTime="1.2" visibility="false" />
			<part node="tipit_decal"  direction="1" startTime="0" endTime="0.02" visibility="true" />
            <part node="tipit_decal"  direction="1" startTime="0.02" endTime="1.2" visibility="false" />
        </animation>
		<animation name="tipAnimationBack">
            <part node="tipper_rot1"		startTime="0.8" endTime="12.8"  					startRot="0 0 0"  	endRot="-50 0 0" />
            <part node="tipper_door"  		startTime="0"   endTime="0.5" 	direction="1"  		startRot="0 0 0"  	endRot="20 0 0" />
            <part node="tipper_door"  		startTime="1.5" endTime="12.8" 	direction="1"  		startRot="20 0 0" 	endRot="50 0 0" />
            <part node="tipper_door"  		startTime="0"   endTime="12.8" 	direction="-1" 		startRot="0 0 0" 	endRot="50 0 0" />
			
			<part node="tipper_rot1_axis"	startTime="0.8" endTime="12.8"  					startRot="0 0 0"  	endRot="-50 0 0" />
            <part node="tipper_door_axis"	startTime="0"   endTime="0.5" 	direction="1"  		startRot="0 0 0"  	endRot="20 0 0" />
            <part node="tipper_door_axis"	startTime="1.5" endTime="12.8" 	direction="1"  		startRot="20 0 0" 	endRot="50 0 0" />
            <part node="tipper_door_axis"	startTime="0"   endTime="12.8" 	direction="-1" 		startRot="0 0 0" 	endRot="50 0 0" />
        </animation>
		<animation name="unfoldRamps">
			<part node="ramp_L_grp"		startTime="0.0" endTime="0.3" startTrans="0.849 0.841 -0.526" endTrans="0.849 0.976 -0.526" />
			<part node="ramp_L_grp"		startTime="0.3" endTime="2.0" startTrans="0.849 0.976 -0.526" endTrans="0.569 0.823 -3.146" />
			<part node="ramp_L_grp"		startTime="2.0" endTime="3.0" startRot="0 0 0" 	endRot="-30 0 0" />
			
			<part node="ramp_R_grp"		startTime="0.0" endTime="0.3" startTrans="-0.849 0.841 -0.526" endTrans="-0.849 0.976 -0.526" />
			<part node="ramp_R_grp"		startTime="0.3" endTime="2.0" startTrans="-0.849 0.976 -0.526" endTrans="-0.569 0.823 -3.146" />
			<part node="ramp_R_grp"		startTime="2.0" endTime="3.0" startRot="0 0 0" 	endRot="-30 0 0" />
        </animation>
    </animations>
	
	<cylindered>
		<movingTools>
			<movingTool node="ramp_L_grp" playSound="true">
				<controls axis="AXIS_FRONTLOADER_ARM" icon="$dataS2/menu/moveControls/frontloader_tool.png" invertAxis="false" invertMouseAxis="true" speedFactor="0.8"/>
				<animation animSpeed="0.3" animAcceleration="1" animName="unfoldRamps" animStartTime="0" />
			</movingTool>
		</movingTools>
		
        <sounds>
            <hydraulic template="DEFAULT_HYDRAULIC_SOUND" linkNode="0>"/>
        </sounds> 
    </cylindered>
	
	<attachable>
		<inputAttacherJointConfigurations>
			<inputAttacherJointConfiguration>
				<inputAttacherJoint node="attacherJointFrames" jointType="82Joint" lowerRotLimitScale="0 0 0" upperRotLimitScale="0 0 0" upperRotationOffset="0" lowerTransLimitScale="0 0 0" upperTransLimitScale="0 0 0">
					<!-- <objectChange node="tlx2020_tipper_main_component1" centerofMassActive="0 0.85 0" centerOfMassInactive="0 0.4 -1.45" /> -->
				</inputAttacherJoint>
				
				<objectChange node="tipper_axle" visibilityActive="false" visibilityInactive="true" />
				<objectChange node="tipper_frame" visibilityActive="false" visibilityInactive="true" />
				
				<objectChange node="col_neck" compoundChildActive="false"/>
				
				<objectChange node="col_door" compoundChildActive="false"/>
				<objectChange node="col_ext_back" compoundChildActive="false" />
				<objectChange node="col_ext_side_L" compoundChildActive="false" />
				<objectChange node="col_ext_side_R" compoundChildActive="false" />
				
				<objectChange node="tipper_door" visibilityActive="false" visibilityInactive="true" />
				<objectChange node="extension_grp" visibilityActive="false" visibilityInactive="true" />
				<objectChange node="effects" visibilityActive="false" visibilityInactive="true" />
				<objectChange node="dischargeNodes" visibilityActive="false" visibilityInactive="true" />
			</inputAttacherJointConfiguration>
		</inputAttacherJointConfigurations>
		<support animationName="moveSupport" delayedOnAttach="false"/>
    </attachable>

	<attacherJoints>
        <attacherJoint node="trailerAttacherJointBack" jointType="trailer" lowerRotLimit="10 70 50" upperRotationOffset="0" allowsJointLimitMovement="false" comboTime="1">
            <schema position="1 0" rotation="0" invertX="false"/>
            <attachSound template="ATTACH_01" linkNode="0>"/>
        </attacherJoint>
        <attacherJoint node="trailerAttacherJointBack" jointType="trailerLow" lowerRotLimit="10 70 50" upperRotationOffset="0" allowsJointLimitMovement="false" comboTime="1">
            <schema position="1 0" rotation="0" invertX="false"/>
            <attachSound template="ATTACH_01" linkNode="0>"/>
        </attacherJoint>
		<attacherJoint node="gooseneckAttacherJoint" jointType="semitrailer" allowsJointLimitMovement="false" allowsLowering="false" lowerRotLimit="15 125 15">
            <schema position="1 0" rotation="0" invertX="false" />
			<attachSound template="TRUCK_ATTACH_01" linkNode="0>" />
        </attacherJoint>
    </attacherJoints>

	<dynamicMountAttacher triggerNode="dynamicMountTrigger" rootNode="tlx2020_tipper_main_component1" jointNode="tlx2020_tipper_main_component1" forceAcceleration="30"/>

	<dynamicallyLoadedParts>
		<dynamicallyLoadedPart node="0" linkNode="tensionBeltStart1" filename="locals/tensionHook.i3d"/>
		<dynamicallyLoadedPart node="0" linkNode="tensionBeltEnd1" filename="locals/tensionHook.i3d"/>
		<dynamicallyLoadedPart node="0" linkNode="tensionBeltStart2" filename="locals/tensionHook.i3d"/>
		<dynamicallyLoadedPart node="0" linkNode="tensionBeltEnd2" filename="locals/tensionHook.i3d"/>
		<dynamicallyLoadedPart node="0" linkNode="tensionBeltStart3" filename="locals/tensionHook.i3d"/>
		<dynamicallyLoadedPart node="0" linkNode="tensionBeltEnd3" filename="locals/tensionHook.i3d"/>
    </dynamicallyLoadedParts>
	
	<tensionBelts>
        <tensionBeltsConfigurations>
            <tensionBeltsConfiguration>
                <tensionBelts linkNode="tensionBelts" rootNode="tlx2020_tipper_main_component1" jointNode="tlx2020_tipper_main_component1" width="0.075" maxEdgeLength="0.1" geometryBias="0.01" ratchetPosition="0.2" defaultOffset="0.1" defaultOffsetSide="0.1" defaultHeight="4" activationTrigger="beltActivationTrigger">
                    <tensionBelt startNode="tensionBeltStart1" endNode="tensionBeltEnd1" offsetLeft="0.2"/>
                    <tensionBelt startNode="tensionBeltStart2" endNode="tensionBeltEnd2"/>
                    <tensionBelt startNode="tensionBeltStart3" endNode="tensionBeltEnd3" offsetRight="0.2"/>
                </tensionBelts>
            </tensionBeltsConfiguration>
        </tensionBeltsConfigurations>
    </tensionBelts>
    
    <foliageBending>
        <bendingNode minX="-1.15" maxX="1.15" minZ="-3" maxZ="3" yOffset="0.3"/>
    </foliageBending>
	
    <baseMaterial>
        <material name="tipper_mat" baseNode="tipper_body">
            <shaderParameter name="colorMat0" value="SHARED_GREY2"/>
        </material>
    </baseMaterial>
	
	<baseMaterialConfigurations useDefaultColors="true" price="1200">
		<baseMaterialConfiguration name="Stock" color="0.02 0.02 0.02" material="6" />
		
		<baseMaterialConfiguration name="LawnGreen" color="0.027 0.058 0.048" material="0" />
		<baseMaterialConfiguration name="LawnGreen New Age" color="0.027 0.058 0.048" material="27" />
		<baseMaterialConfiguration name="LawnGreen Aged" color="0.027 0.058 0.048" material="6" />
		
		<baseMaterialConfiguration name="Olive" color="LIZARD_OLIVE1" material="0" />
		<baseMaterialConfiguration name="Olive New Age" color="LIZARD_OLIVE1" material="27" />
		<baseMaterialConfiguration name="Olive Aged" color="LIZARD_OLIVE1" material="6" />
		
		<baseMaterialConfiguration name="Black Metal" color="0.01 0.01 0.01" material="0" />
		<baseMaterialConfiguration name="Black Metal Aged" color="0 0 0" material="6" />
		
		<baseMaterialConfiguration name="Dark Steel" color="0.35 0.35 0.40" material="8" />
		<baseMaterialConfiguration name="Stainless Steel" color="0.92 0.92 0.92" material="8" />
		<baseMaterialConfiguration name="Aluminum" color="0.65 0.65 0.75" material="3" />
		<baseMaterialConfiguration name="Polished" color="0.95 0.95 1" material="3" />
		
		<baseMaterialConfiguration name="Blue Jeans" color="0.004 0.02 0.059" material="0" />
		<baseMaterialConfiguration name="Blue Jeans New Age" color="0.004 0.02 0.059" material="27" />
		<baseMaterialConfiguration name="Blue Jeans Aged" color="0.004 0.02 0.059" material="6" />
		
		<baseMaterialConfiguration name="Ruby Red" color="0.3 0 0.004" material="0" />
		<baseMaterialConfiguration name="Ruby Red New Age" color="0.3 0 0.004" material="27" />
		<baseMaterialConfiguration name="Ruby Red Aged" color="0.3 0 0.004" material="6" />
		
		<baseMaterialConfiguration name="Race Red" color="0.657 0.012 0" material="0" />
		<baseMaterialConfiguration name="Race Red New Age" color="0.657 0.012 0" material="27" />
		<baseMaterialConfiguration name="Race Red Aged" color="0.657 0.012 0" material="6" />
		
		<baseMaterialConfiguration name="White Gold" color="0.973 0.976 0.545" material="27" />
		<baseMaterialConfiguration name="Bronze Fire" color="0.153 0.029 0.01" material="27" />
		
		<baseMaterialConfiguration name="Default" color="0 0.02 0.1" material="0" />
		<baseMaterialConfiguration name="New Age" color="0 0.02 0.1" material="27" />
        
		<baseMaterialConfiguration name="Pure White" color="STOLL_WHITE2" material="0" />
        <baseMaterialConfiguration name="Pearl White" color="STOLL_WHITE2" material="27" />
        <baseMaterialConfiguration name="Aged White" color="STOLL_WHITE2" material="6" />
		
		<baseMaterialConfiguration name="New Silver" color="SHARED_GREY2" material="27" />
		<baseMaterialConfiguration name="Scarlet Red" color="CASEIH_RED1" material="27" />
		<baseMaterialConfiguration name="Pearl White" color="STOLL_WHITE2" material="27" />
        <baseMaterialConfiguration name="Gun Metal" color="SHARED_GREY5" material="27" />
		<baseMaterialConfiguration name="Dark Moon" color="0.02 0.02 0.02" material="27" />
		<baseMaterialConfiguration name="Blaze Orange" color="FLIEGL_ORANGE1" material="27" />
		<baseMaterialConfiguration name="Nitro Blue" color="NEWHOLLAND_BLUE1" material="27" />
		<baseMaterialConfiguration name="Deep Blue" color="HATZENBICHLER_DARKBLUE1" material="27" />
		
        <material name="tipper_mat" shaderParameter="colorMat0" />
    </baseMaterialConfigurations>
	
    <wearable wearDuration="480" workMultiplier="5" fieldMultiplier="2"/>
    <washable dirtDuration="90" washDuration="1" workMultiplier="3" fieldMultiplier="2"/>

<i3dMappings>
  <i3dMapping id="tlx2020_tipper_main_component1" node="0>" />
  <i3dMapping id="tipit_vis" node="0>0" />
  <i3dMapping id="wheels" node="0>0|0" />
  <i3dMapping id="wheelBackLeft" node="0>0|0|0" />
  <i3dMapping id="wheelBackRight" node="0>0|0|1" />
  <i3dMapping id="wheelBackLeft2" node="0>0|0|2" />
  <i3dMapping id="wheelBackRight2" node="0>0|0|3" />
  <i3dMapping id="tipperbed" node="0>0|1" />
  <i3dMapping id="tipper_rot1" node="0>0|1|0" />
  <i3dMapping id="tipper_body" node="0>0|1|0|0" />
  <i3dMapping id="tipper_net" node="0>0|1|0|1" />
  <i3dMapping id="tipper_pivots" node="0>0|1|0|2" />
  <i3dMapping id="tipper_locks" node="0>0|1|0|3" />
  <i3dMapping id="tipper_door" node="0>0|1|0|4" />
  <i3dMapping id="extension_grp" node="0>0|1|0|5" />
  <i3dMapping id="extensions_frame" node="0>0|1|0|5|0" />
  <i3dMapping id="extensions_wood" node="0>0|1|0|5|1" />
  <i3dMapping id="extensions_alum" node="0>0|1|0|5|2" />
  <i3dMapping id="CapacityConfig" node="0>0|1|0|6" />
  <i3dMapping id="fillVolumes" node="0>0|1|0|6|0" />
  <i3dMapping id="exactFillRootNode1" node="0>0|1|0|6|0|0" />
  <i3dMapping id="exactFillRootNode2" node="0>0|1|0|6|0|1" />
  <i3dMapping id="fillAutoAimTarget1" node="0>0|1|0|6|0|2" />
  <i3dMapping id="fillAutoAimTarget2" node="0>0|1|0|6|0|3" />
  <i3dMapping id="fillVolume1" node="0>0|1|0|6|0|4" />
  <i3dMapping id="fillVolume2" node="0>0|1|0|6|0|5" />
  <i3dMapping id="unloadInfo01" node="0>0|1|0|6|0|6" />
  <i3dMapping id="unloadInfo02" node="0>0|1|0|6|0|7" />
  <i3dMapping id="tipper_lights" node="0>0|1|0|7" />
  <i3dMapping id="sharedLights" node="0>0|1|0|7|0" />
  <i3dMapping id="sideMarker_06Red_L1" node="0>0|1|0|7|0|0" />
  <i3dMapping id="sideMarker_06Red_R1" node="0>0|1|0|7|0|1" />
  <i3dMapping id="sideMarker_06Orange_L1" node="0>0|1|0|7|0|2" />
  <i3dMapping id="sideMarker_06Orange_L2" node="0>0|1|0|7|0|3" />
  <i3dMapping id="sideMarker_06Orange_R1" node="0>0|1|0|7|0|4" />
  <i3dMapping id="sideMarker_06Orange_R2" node="0>0|1|0|7|0|5" />
  <i3dMapping id="realLights_tipper" node="0>0|1|0|7|1" />
  <i3dMapping id="bedSides" node="0>0|1|0|7|1|0" />
  <i3dMapping id="bedSides1" node="0>0|1|0|7|1|0|0" />
  <i3dMapping id="bedSides2" node="0>0|1|0|7|1|0|1" />
  <i3dMapping id="bedSides3" node="0>0|1|0|7|1|0|2" />
  <i3dMapping id="bedSides4" node="0>0|1|0|7|1|0|3" />
  <i3dMapping id="bedSides5" node="0>0|1|0|7|1|0|4" />
  <i3dMapping id="stripes" node="0>0|1|0|8" />
  <i3dMapping id="hydraulicBodyRef" node="0>0|1|0|9" />
  <i3dMapping id="mudguards" node="0>0|1|1" />
  <i3dMapping id="tipper_frame_fixtures" node="0>0|1|2" />
  <i3dMapping id="tipper_axle" node="0>0|1|3" />
  <i3dMapping id="wheelHub_L" node="0>0|1|3|0" />
  <i3dMapping id="wheelHub_R" node="0>0|1|3|1" />
  <i3dMapping id="axle" node="0>0|1|3|2" />
  <i3dMapping id="tipper_frame" node="0>0|1|4" />
  <i3dMapping id="wheelChocks" node="0>0|1|4|0" />
  <i3dMapping id="chockSupport01" node="0>0|1|4|0|0" />
  <i3dMapping id="wheelChock01" node="0>0|1|4|0|0|0" />
  <i3dMapping id="chockSupport02" node="0>0|1|4|0|1" />
  <i3dMapping id="wheelChock02" node="0>0|1|4|0|1|0" />
  <i3dMapping id="tipper_fixed_parts" node="0>0|1|5" />
  <i3dMapping id="fixed_lights" node="0>0|1|5|0" />
  <i3dMapping id="sharedLights1" node="0>0|1|5|0|0" />
  <i3dMapping id="rearMultipointLight_05_left" node="0>0|1|5|0|0|0" />
  <i3dMapping id="rearMultipointLight_05_right" node="0>0|1|5|0|0|1" />
  <i3dMapping id="realLights" node="0>0|1|5|0|1" />
  <i3dMapping id="bedTurnLeft" node="0>0|1|5|0|1|0" />
  <i3dMapping id="bedTurnRight" node="0>0|1|5|0|1|1" />
  <i3dMapping id="bedReverseLight" node="0>0|1|5|0|1|2" />
  <i3dMapping id="bedReverseLight1" node="0>0|1|5|0|1|2|0" />
  <i3dMapping id="bedBackLight" node="0>0|1|5|0|1|3" />
  <i3dMapping id="bedBackLight1" node="0>0|1|5|0|1|3|0" />
  <i3dMapping id="bedBrakeLight" node="0>0|1|5|0|1|4" />
  <i3dMapping id="bedBrakeLight1" node="0>0|1|5|0|1|4|0" />
  <i3dMapping id="tipit_decal" node="0>0|1|6" />
  <i3dMapping id="hydraulicBody" node="0>0|1|7" />
  <i3dMapping id="hydraulicBodyPart" node="0>0|1|7|0" />
  <i3dMapping id="hydraulicBodyPartPunch1" node="0>0|1|7|0|0" />
  <i3dMapping id="hydraulicBodyPartPunch2" node="0>0|1|7|0|0|0" />
  <i3dMapping id="hydraulicBodyPartPunch2_mesh" node="0>0|1|7|0|0|0|0" />
  <i3dMapping id="hydraulicBodyPartPunch1_mesh" node="0>0|1|7|0|0|1" />
  <i3dMapping id="hydraulicBodyPart_mesh" node="0>0|1|7|0|1" />
  <i3dMapping id="hydraulicBodyRefFrame" node="0>0|1|8" />
  <i3dMapping id="hydraulicBodyPartRefFrame" node="0>0|1|9" />
  <i3dMapping id="support_frame_grp" node="0>0|2" />
  <i3dMapping id="support_frame_1" node="0>0|2|0" />
  <i3dMapping id="support_extension1_L" node="0>0|2|0|0" />
  <i3dMapping id="support_legs1_L" node="0>0|2|0|0|0" />
  <i3dMapping id="support_extension1_R" node="0>0|2|0|1" />
  <i3dMapping id="support_legs1_R" node="0>0|2|0|1|0" />
  <i3dMapping id="support_frame_2" node="0>0|2|1" />
  <i3dMapping id="support_extension2_L" node="0>0|2|1|0" />
  <i3dMapping id="support_legs2_L" node="0>0|2|1|0|0" />
  <i3dMapping id="support_extension2_R" node="0>0|2|1|1" />
  <i3dMapping id="support_legs2_R" node="0>0|2|1|1|0" />
  <i3dMapping id="attacherJoints" node="0>0|3" />
  <i3dMapping id="attacherJointFrames" node="0>0|3|0" />
  <i3dMapping id="trailerAttacherJointBack" node="0>0|3|1" />
  <i3dMapping id="trailerAttacherJointFront" node="0>0|3|2" />
  <i3dMapping id="gooseneckAttacherJoint" node="0>0|3|3" />
  <i3dMapping id="effects" node="0>0|4" />
  <i3dMapping id="effectNodeRot" node="0>0|4|0" />
  <i3dMapping id="grainEffect" node="0>0|4|0|0" />
  <i3dMapping id="smokeEffect" node="0>0|4|0|1" />
  <i3dMapping id="emitterShape" node="0>0|4|1" />
  <i3dMapping id="dischargeNodes" node="0>0|5" />
  <i3dMapping id="dischargeNodeBack" node="0>0|5|0" />
  <i3dMapping id="tensionBelts" node="0>0|6" />
  <i3dMapping id="tensionBeltStart1" node="0>0|6|0" />
  <i3dMapping id="tensionBeltEnd1" node="0>0|6|0|0" />
  <i3dMapping id="tensionBeltStart2" node="0>0|6|1" />
  <i3dMapping id="tensionBeltEnd2" node="0>0|6|1|0" />
  <i3dMapping id="tensionBeltStart3" node="0>0|6|2" />
  <i3dMapping id="tensionBeltEnd3" node="0>0|6|2|0" />
  <i3dMapping id="beltActivationTrigger" node="0>0|6|3" />
  <i3dMapping id="dynamicMountTrigger" node="0>0|7" />
  <i3dMapping id="dynamicMountTriggerRef" node="0>0|8" />
  <i3dMapping id="collisions" node="0>1" />
  <i3dMapping id="tipper_rot1_axis" node="0>1|0" />
  <i3dMapping id="col_side_L" node="0>1|0|0" />
  <i3dMapping id="col_side_R" node="0>1|0|1" />
  <i3dMapping id="col_floor" node="0>1|0|2" />
  <i3dMapping id="col_front1" node="0>1|0|3" />
  <i3dMapping id="col_front2" node="0>1|0|4" />
  <i3dMapping id="extension_grp_axis" node="0>1|0|5" />
  <i3dMapping id="col_ext_side_L" node="0>1|0|5|0" />
  <i3dMapping id="col_ext_side_R" node="0>1|0|5|1" />
  <i3dMapping id="col_ext_back" node="0>1|0|5|2" />
  <i3dMapping id="tipper_door_axis" node="0>1|0|6" />
  <i3dMapping id="col_door" node="0>1|0|6|0" />
  <i3dMapping id="col_neck" node="0>1|1" />
  <i3dMapping id="col_legs" node="0>1|2" />
  <i3dMapping id="col_legs_L" node="0>1|2|0" />
  <i3dMapping id="col_suppLeg1_L" node="0>1|2|0|0" />
  <i3dMapping id="col_suppLeg2_L" node="0>1|2|0|1" />
  <i3dMapping id="col_legs_R" node="0>1|2|1" />
  <i3dMapping id="col_suppLeg1_R" node="0>1|2|1|0" />
  <i3dMapping id="col_suppLeg2_R" node="0>1|2|1|1" />
  <i3dMapping id="ramp_L_grp" node="0>1|3" />
  <i3dMapping id="ramp_L" node="0>1|3|0" />
  <i3dMapping id="col_ramp_L" node="0>1|3|1" />
  <i3dMapping id="ramp_R_grp" node="0>1|4" />
  <i3dMapping id="ramp_R" node="0>1|4|0" />
  <i3dMapping id="col_ramp_R" node="0>1|4|1" />
</i3dMappings>

</vehicle>
