﻿<?xml version="1.0" encoding="utf-8" standalone="no" ?>
<vehicle type="tlx2020trailer">
    <annotation>Copyright (C) GIANTS Software GmbH, All Rights Reserved.</annotation>
	
    <storeData>
        <name>
			<en>TLX 2020 Flatbed</en>
			<de>TLX 2020 Plattform</de>
			<es>TLX 2020 Plataforma</es>
        </name>
        <functions>
            <function>$l10n_function_car</function>
        </functions>
        <image>store/modStore_flatbed.dds</image>
        <price>3500</price>
        <lifetime>600</lifetime>
        <rotation>0</rotation>
        <brand>82S</brand>
        <category>misc</category>
        <shopTranslationOffset>0 0.04 0</shopTranslationOffset>
        <shopRotationOffset>0 0 0</shopRotationOffset>
        <vertexBufferMemoryUsage>203328</vertexBufferMemoryUsage>
        <indexBufferMemoryUsage>29322</indexBufferMemoryUsage>
        <textureMemoryUsage>3495728</textureMemoryUsage>
        <instanceVertexBufferMemoryUsage>0</instanceVertexBufferMemoryUsage>
        <instanceIndexBufferMemoryUsage>0</instanceIndexBufferMemoryUsage>
    </storeData>
	
    <base>
        <typeDesc>$l10n_typeDesc_trailer</typeDesc>
        <filename>attachments/tlx2020_flatbed.i3d</filename>
        <size width="3" length="6.5"/>
        <components count="1">
            <component centerOfMass="0 0.4 -1.45" solverIterationCount="10" mass="1000"/>
        </components>
        <schemaOverlay attacherJointPosition="0 0">
            <default name="DEFAULT_IMPLEMENT"/>
            <selected name="DEFAULT_IMPLEMENT_SELECTED"/>
        </schemaOverlay>
    </base>
	
	<designConfigurations title="$l10n_configuration_deck_style">
		<designConfiguration name="$l10n_configuration_diamond" price="0">
			<objectChange node="bed_diamond_plate" visibilityActive="true" visibilityInactive="false" />
		</designConfiguration>
		<designConfiguration name="$l10n_configuration_rubber" price="0">
			<objectChange node="bed_rubber" visibilityActive="true" visibilityInactive="false" />
		</designConfiguration>
	</designConfigurations>
	
	<trailer>
        <trailerConfigurations title="$l10n_configuration_lights">
            <trailerConfiguration name="$l10n_configuration_valueDefault" price="0">
            </trailerConfiguration>
			<trailerConfiguration name="$l10n_configuration_worklights" price="200">
				<objectChange node="worklightsBack" visibilityActive="true" visibilityInactive="false" />
            </trailerConfiguration>
			<trailerConfiguration name="$l10n_configuration_strobebar" price="400">
				<objectChange node="warningBeacon" visibilityActive="true" visibilityInactive="false" />
            </trailerConfiguration>
			<trailerConfiguration name="$l10n_configuration_both" price="500">
				<objectChange node="worklightsBack" visibilityActive="true" visibilityInactive="false" />
				<objectChange node="warningBeacon" visibilityActive="true" visibilityInactive="false" />
            </trailerConfiguration>
	    </trailerConfigurations>
	</trailer>
	
	<lights>
		<sharedLight linkNode="rearLightCircleLEDRed01" filename="$data/shared/assets/lights/lizard/rearLightCircleRed_02.xml" />
		<sharedLight linkNode="rearLightCircleLEDRed01_left" filename="$data/shared/assets/lights/lizard/rearLightCircleOrange_02_left.xml" />
		<sharedLight linkNode="rearLightCircleLEDRed01_right" filename="$data/shared/assets/lights/lizard/rearLightCircleOrange_02_right.xml" />
		
		<sharedLight linkNode="rearLightOvalLEDRed_03_left" 	filename="locals/rearLightOvalLEDRed_03_left.xml" />
		<sharedLight linkNode="rearLightOvalLEDRed_01_L1" 		filename="locals/rearLightOvalLEDRed_01.xml" />
		<sharedLight linkNode="rearLightOvalLEDWhite_01_L1" 	filename="locals/rearLightOvalLEDWhite_01.xml" />
		<sharedLight linkNode="rearLightOvalLEDRed_03_right" 	filename="locals/rearLightOvalLEDRed_03_right.xml" />
		<sharedLight linkNode="rearLightOvalLEDRed_01_R1" 		filename="locals/rearLightOvalLEDRed_01.xml" />
		<sharedLight linkNode="rearLightOvalLEDWhite_01_R1" 	filename="locals/rearLightOvalLEDWhite_01.xml" />
		<sharedLight linkNode="rearLightOvalLEDRed_01_L2" 		filename="locals/rearLightOvalLEDRed_01.xml" />
		<sharedLight linkNode="rearLightOvalLEDWhite_01_L2" 	filename="locals/rearLightOvalLEDWhite_01.xml" />
		<sharedLight linkNode="rearLightOvalLEDRed_01_R2" 		filename="locals/rearLightOvalLEDRed_01.xml" />
		<sharedLight linkNode="rearLightOvalLEDWhite_01_R2" 	filename="locals/rearLightOvalLEDWhite_01.xml" />
		
		<sharedLight linkNode="sideMarker_10Orange_L1" filename="$data/shared/assets/lights/lizard/sideMarker_10Orange.xml" />
		<sharedLight linkNode="sideMarker_10Orange_L2" filename="$data/shared/assets/lights/lizard/sideMarker_10Orange.xml" />
		<sharedLight linkNode="sideMarker_10Orange_L3" filename="$data/shared/assets/lights/lizard/sideMarker_10Orange.xml" />
		<sharedLight linkNode="sideMarker_10Orange_R1" filename="$data/shared/assets/lights/lizard/sideMarker_10Orange.xml" />
		<sharedLight linkNode="sideMarker_10Orange_R2" filename="$data/shared/assets/lights/lizard/sideMarker_10Orange.xml" />
		<sharedLight linkNode="sideMarker_10Orange_R3" filename="$data/shared/assets/lights/lizard/sideMarker_10Orange.xml" />
		
		<sharedLight linkNode="hellaWorkingLightSquare_01_L" node="0" lightTypes="2" filename="$data/shared/assets/lights/hella/hellaWorkingLightSquare_01_back.xml">
            <rotationNode name="rotationNode1" rotation="15 0 0" />
        </sharedLight>
		<sharedLight linkNode="hellaWorkingLightSquare_01_R" node="0" lightTypes="2" filename="$data/shared/assets/lights/hella/hellaWorkingLightSquare_01_back.xml">
            <rotationNode name="rotationNode1" rotation="15 0 0" />
        </sharedLight>
		
        <states>
            <state lightTypes="0"/>
            <state lightTypes="0 1"/>
			<state lightTypes="0 1 2"/>
        </states>
        <realLights>
            <low>
                <brakeLight node="bedBrakeLight"/>
            </low>
            <high>
				<light node="bedSides" lightTypes="0"/>
				<light node="bedBackLight" lightTypes="0"/>
				<light node="bedWorkLight" lightTypes="2"/>
				<light node="bedWorkLight1" lightTypes="2"/>
                <brakeLight node="bedBrakeLight"/>
                <turnLightLeft node="bedTurnLeft"/>
                <turnLightRight node="bedTurnRight"/>
                <reverseLight node="bedReverseLight"/>
            </high>
        </realLights>
		
		<beaconLights>
			<beaconLight node="warningBeacon" filename="locals/strobeBar.xml" />
            <beaconLight node="warningBeacon" filename="locals/strobeBar2.xml" />
        </beaconLights>
    </lights>
	
	<animations>
		<animation name="moveSupport">
			<part node="col_legs"    direction="-1" startTime="0" endTime="0.3" startTrans="0 0.784 2" endTrans="0 0.780 1.98" />
            <part node="col_legs"    direction="-1" startTime="0.3" endTime="1.2" startTrans="0 0.780 1.98" endTrans="0 -0.207 0" />
			<part node="col_legs_L"   direction="-1" startTime="0" endTime="0.3" startTrans="-1 0 0" endTrans="0 0 0" />
			<part node="col_legs_R"  direction="-1" startTime="0" endTime="0.3" startTrans="1 0 0" endTrans="0 0 0" />
            <part node="support_frame_grp"  direction="-1" startTime="0" endTime="0.9" visibility="false" />
            <part node="support_frame_grp"  direction="-1" startTime="0.9" endTime="1.2" visibility="true" />
            <part node="col_legs"    direction="1" startTime="0.01" endTime="0.02" startTrans="0 0.471 1.99" endTrans="0 0 0" />
            <part node="col_legs"    direction="1" startTime="0.02" endTime="1.2" startTrans="0 0 0" endTrans="0 -0.207 0" />
			<part node="col_legs_L"   direction="1" startTime="0" endTime="0.01" startTrans="-1 0 0" endTrans="-0.02 0 0" />
            <part node="col_legs_R"  direction="1" startTime="0" endTime="0.01" startTrans="1 0 0" endTrans="0.02 0 0" />
            <part node="col_legs_L"   direction="1" startTime="0.01" endTime="0.3" startTrans="-0.02 0 0" endTrans="-0.01 0 0" />
            <part node="col_legs_R"  direction="1" startTime="0.01" endTime="0.3" startTrans="0.02 0 0" endTrans="0.01 0 0" />
            <part node="col_legs_L"   direction="1" startTime="0.3" endTime="1.2" startTrans="-0.01 0 0" endTrans="0 0 0" />
            <part node="col_legs_R"  direction="1" startTime="0.3" endTime="1.2" startTrans="0.01 0 0" endTrans="0 0 0" />
            <part node="support_frame_grp"  direction="1" startTime="0" endTime="0.02" visibility="false" />
            <part node="support_frame_grp"  direction="1" startTime="0.02" endTime="1.2" visibility="true" />
        </animation>
		<animation name="workLightsAnim">
            <part node="workingLightBack_L" startTime="0" endTime="1" startRot="0 0 0" endRot="0 -130 0" />
			<part node="workingLightBack_R" startTime="0" endTime="1" startRot="0 0 0" endRot="0 130 0" />
        </animation>
    </animations>
	
	<cylindered>
		<movingTools>
			<movingTool node="workingLightBack_L">
				<controls axis="AXIS_FRONTLOADER_TOOL3" iconName="FRONTLOADER_ARM_ROTATE" invertAxis="true" mousespeedFactor="1" />
				<animation animSpeed="1" animAcceleration="1" animName="workLightsAnim" animStartTime="0" />
			</movingTool>
		</movingTools>
    </cylindered>
	
	<attachable>
        <inputAttacherJoints>
            <inputAttacherJoint node="attacherJointFrames" jointType="82flatbed" lowerRotLimitScale="0 0 0" upperRotLimitScale="0 0 0" upperRotationOffset="0" lowerTransLimitScale="0 0 0" upperTransLimitScale="0 0 0"/>
        </inputAttacherJoints>
		<support animationName="moveSupport" delayedOnAttach="false"/>
    </attachable>
        
	<attacherJoints>
        <attacherJoint node="trailerAttacherJointBack" jointType="trailer" lowerRotLimit="10 70 50" upperRotationOffset="0" allowsJointLimitMovement="false" comboTime="1">
            <schema position="1 0" rotation="0" invertX="false"/>
            <attachSound template="ATTACH_01" linkNode="0>"/>
        </attacherJoint>
        <attacherJoint node="trailerAttacherJointBack" jointType="trailerLow" lowerRotLimit="10 70 50" upperRotationOffset="0" allowsJointLimitMovement="false" comboTime="1">
            <schema position="1 0" rotation="0" invertX="false"/>
            <attachSound template="ATTACH_01" linkNode="0>"/>
        </attacherJoint>
		<attacherJoint node="gooseneckAttacherJoint" jointType="semitrailer" allowsJointLimitMovement="false" allowsLowering="false" lowerRotLimit="15 125 15">
			<schema position="1 0" rotation="0" invertX="false" />
			<attachSound template="TRUCK_ATTACH_01" linkNode="0>" />
		</attacherJoint>
    </attacherJoints>
    
	<connectionHoses>
        <target attacherJointIndices="1 2" type="electric" node="electricBack" socket="electric"/>
    </connectionHoses>
            
	<dynamicallyLoadedParts>
		<dynamicallyLoadedPart node="0" linkNode="tensionBeltStart1" filename="locals/tensionHook.i3d"/>
		<dynamicallyLoadedPart node="0" linkNode="tensionBeltEnd1" filename="locals/tensionHook.i3d"/>
		<dynamicallyLoadedPart node="0" linkNode="tensionBeltStart2" filename="locals/tensionHook.i3d"/>
		<dynamicallyLoadedPart node="0" linkNode="tensionBeltEnd2" filename="locals/tensionHook.i3d"/>
		<dynamicallyLoadedPart node="0" linkNode="tensionBeltStart3" filename="locals/tensionHook.i3d"/>
		<dynamicallyLoadedPart node="0" linkNode="tensionBeltEnd3" filename="locals/tensionHook.i3d"/>
    </dynamicallyLoadedParts>
	
    <tensionBelts>
        <tensionBeltsConfigurations>
            <tensionBeltsConfiguration>
                <tensionBelts linkNode="tensionBelts" rootNode="tlx2020_flatbet_main_component1" jointNode="tlx2020_flatbet_main_component1" width="0.075" maxEdgeLength="0.1" geometryBias="0.01" ratchetPosition="0.2" defaultOffset="0.1" defaultOffsetSide="0.1" defaultHeight="4" activationTrigger="beltActivationTrigger">
                    <tensionBelt startNode="tensionBeltStart1" endNode="tensionBeltEnd1" offsetLeft="0.2"/>
                    <tensionBelt startNode="tensionBeltStart2" endNode="tensionBeltEnd2"/>
                    <tensionBelt startNode="tensionBeltStart3" endNode="tensionBeltEnd3" offsetRight="0.2"/>
                </tensionBelts>
            </tensionBeltsConfiguration>
        </tensionBeltsConfigurations>
    </tensionBelts>
	
    <dynamicMountAttacher triggerNode="dynamicMountTrigger" rootNode="tlx2020_flatbet_main_component1" jointNode="tlx2020_flatbet_main_component1" forceAcceleration="30"/>
	
    <foliagesupport_frame_grpding>
        <support_frame_grpdingNode minX="-1.15" maxX="1.15" minZ="-3" maxZ="3" yOffset="0.3"/>
    </foliagesupport_frame_grpding>
	
    <baseMaterial>
        <material name="bed_mat" baseNode="bed">
            <shaderParameter name="colorMat0" value="SHARED_GREY2"/>
        </material>
    </baseMaterial>
	
	<baseMaterialConfigurations useDefaultColors="true" price="1200">
		<baseMaterialConfiguration name="Stock" color="0.02 0.02 0.02" material="6" />
		
		<baseMaterialConfiguration name="LawnGreen" color="0.027 0.058 0.048" material="0" />
		<baseMaterialConfiguration name="LawnGreen New Age" color="0.027 0.058 0.048" material="27" />
		<baseMaterialConfiguration name="LawnGreen Aged" color="0.027 0.058 0.048" material="6" />
		
		<baseMaterialConfiguration name="Olive" color="LIZARD_OLIVE1" material="0" />
		<baseMaterialConfiguration name="Olive New Age" color="LIZARD_OLIVE1" material="27" />
		<baseMaterialConfiguration name="Olive Aged" color="LIZARD_OLIVE1" material="6" />
		
		<baseMaterialConfiguration name="Black Metal" color="0.01 0.01 0.01" material="0" />
		<baseMaterialConfiguration name="Black Metal Aged" color="0 0 0" material="6" />
		
		<baseMaterialConfiguration name="Dark Steel" color="0.35 0.35 0.40" material="8" />
		<baseMaterialConfiguration name="Stainless Steel" color="0.92 0.92 0.92" material="8" />
		<baseMaterialConfiguration name="Aluminum" color="0.65 0.65 0.75" material="3" />
		<baseMaterialConfiguration name="Polished" color="0.95 0.95 1" material="3" />
		
		<baseMaterialConfiguration name="Blue Jeans" color="0.004 0.02 0.059" material="0" />
		<baseMaterialConfiguration name="Blue Jeans New Age" color="0.004 0.02 0.059" material="27" />
		<baseMaterialConfiguration name="Blue Jeans Aged" color="0.004 0.02 0.059" material="6" />
		
		<baseMaterialConfiguration name="Ruby Red" color="0.3 0 0.004" material="0" />
		<baseMaterialConfiguration name="Ruby Red New Age" color="0.3 0 0.004" material="27" />
		<baseMaterialConfiguration name="Ruby Red Aged" color="0.3 0 0.004" material="6" />
		
		<baseMaterialConfiguration name="Race Red" color="0.657 0.012 0" material="0" />
		<baseMaterialConfiguration name="Race Red New Age" color="0.657 0.012 0" material="27" />
		<baseMaterialConfiguration name="Race Red Aged" color="0.657 0.012 0" material="6" />
		
		<baseMaterialConfiguration name="White Gold" color="0.973 0.976 0.545" material="27" />
		<baseMaterialConfiguration name="Bronze Fire" color="0.153 0.029 0.01" material="27" />
		
		<baseMaterialConfiguration name="Default" color="0 0.02 0.1" material="0" />
		<baseMaterialConfiguration name="New Age" color="0 0.02 0.1" material="27" />
        
		<baseMaterialConfiguration name="Pure White" color="STOLL_WHITE2" material="0" />
        <baseMaterialConfiguration name="Pearl White" color="STOLL_WHITE2" material="27" />
        <baseMaterialConfiguration name="Aged White" color="STOLL_WHITE2" material="6" />
		
		<baseMaterialConfiguration name="New Silver" color="SHARED_GREY2" material="27" />
		<baseMaterialConfiguration name="Scarlet Red" color="CASEIH_RED1" material="27" />
		<baseMaterialConfiguration name="Pearl White" color="STOLL_WHITE2" material="27" />
        <baseMaterialConfiguration name="Gun Metal" color="SHARED_GREY5" material="27" />
		<baseMaterialConfiguration name="Dark Moon" color="0.02 0.02 0.02" material="27" />
		<baseMaterialConfiguration name="Blaze Orange" color="FLIEGL_ORANGE1" material="27" />
		<baseMaterialConfiguration name="Nitro Blue" color="NEWHOLLAND_BLUE1" material="27" />
		<baseMaterialConfiguration name="Deep Blue" color="HATZENBICHLER_DARKBLUE1" material="27" />
		
        <material name="bed_mat" shaderParameter="colorMat0" />
    </baseMaterialConfigurations>
	
    <wearable wearDuration="480" workMultiplier="5" fieldMultiplier="2"/>
    <washable dirtDuration="90" washDuration="1" workMultiplier="3" fieldMultiplier="2"/>

	<i3dMappings>
		<i3dMapping id="tlx2020_flatbet_main_component1" node="0>" />
		<i3dMapping id="flatbed_vis" node="0>0" />
		<i3dMapping id="bed" node="0>0|0" />
		<i3dMapping id="bed_diamond_plate" node="0>0|0|0" />
		<i3dMapping id="bed_rubber" node="0>0|0|1" />
		<i3dMapping id="bed_boxes" node="0>0|0|2" />
		<i3dMapping id="bedbase_frame" node="0>0|0|3" />
		<i3dMapping id="gooseneck" node="0>0|0|4" />
		<i3dMapping id="rear_hitch" node="0>0|0|5" />
		<i3dMapping id="tensionBelts" node="0>0|1" />
		<i3dMapping id="tensionBeltStart1" node="0>0|1|0" />
		<i3dMapping id="tensionBeltEnd1" node="0>0|1|0|0" />
		<i3dMapping id="tensionBeltStart2" node="0>0|1|1" />
		<i3dMapping id="tensionBeltEnd2" node="0>0|1|1|0" />
		<i3dMapping id="tensionBeltStart3" node="0>0|1|2" />
		<i3dMapping id="tensionBeltEnd3" node="0>0|1|2|0" />
		<i3dMapping id="beltActivationTrigger" node="0>0|1|3" />
		<i3dMapping id="electricBack" node="0>0|2" />
		<i3dMapping id="support_frame_grp" node="0>0|3" />
		<i3dMapping id="support_frame_1" node="0>0|3|0" />
		<i3dMapping id="support_extension1_L" node="0>0|3|0|0" />
		<i3dMapping id="support_legs1_L" node="0>0|3|0|0|0" />
		<i3dMapping id="support_extension1_R" node="0>0|3|0|1" />
		<i3dMapping id="support_legs1_R" node="0>0|3|0|1|0" />
		<i3dMapping id="support_frame_2" node="0>0|3|1" />
		<i3dMapping id="support_extension2_L" node="0>0|3|1|0" />
		<i3dMapping id="support_legs2_L" node="0>0|3|1|0|0" />
		<i3dMapping id="support_extension2_R" node="0>0|3|1|1" />
		<i3dMapping id="support_legs2_R" node="0>0|3|1|1|0" />
		<i3dMapping id="attacherJoints" node="0>0|4" />
		<i3dMapping id="attacherJointFrames" node="0>0|4|0" />
		<i3dMapping id="trailerAttacherJointBack" node="0>0|4|1" />
		<i3dMapping id="gooseneckAttacherJoint" node="0>0|4|2" />
		<i3dMapping id="dynamicMountTrigger" node="0>0|5" />
		<i3dMapping id="bedLights" node="0>0|6" />
		<i3dMapping id="sharedbradLights" node="0>0|6|0" />
		<i3dMapping id="rearLightCircleLEDRed01" node="0>0|6|0|0" />
		<i3dMapping id="rearLightCircleLEDRed01_left" node="0>0|6|0|1" />
		<i3dMapping id="rearLightCircleLEDRed01_right" node="0>0|6|0|2" />
		<i3dMapping id="rearLightOvalLEDRed_03_left" node="0>0|6|0|3" />
		<i3dMapping id="rearLightOvalLEDRed_01_L1" node="0>0|6|0|4" />
		<i3dMapping id="rearLightOvalLEDWhite_01_L1" node="0>0|6|0|5" />
		<i3dMapping id="rearLightOvalLEDRed_03_right" node="0>0|6|0|6" />
		<i3dMapping id="rearLightOvalLEDRed_01_R1" node="0>0|6|0|7" />
		<i3dMapping id="rearLightOvalLEDWhite_01_R1" node="0>0|6|0|8" />
		<i3dMapping id="rearLightOvalLEDRed_01_L2" node="0>0|6|0|9" />
		<i3dMapping id="rearLightOvalLEDWhite_01_L2" node="0>0|6|0|10" />
		<i3dMapping id="rearLightOvalLEDRed_01_R2" node="0>0|6|0|11" />
		<i3dMapping id="rearLightOvalLEDWhite_01_R2" node="0>0|6|0|12" />
		<i3dMapping id="sideMarker_10Orange_L1" node="0>0|6|0|13" />
		<i3dMapping id="sideMarker_10Orange_L2" node="0>0|6|0|14" />
		<i3dMapping id="sideMarker_10Orange_L3" node="0>0|6|0|15" />
		<i3dMapping id="sideMarker_10Orange_R1" node="0>0|6|0|16" />
		<i3dMapping id="sideMarker_10Orange_R2" node="0>0|6|0|17" />
		<i3dMapping id="sideMarker_10Orange_R3" node="0>0|6|0|18" />
		<i3dMapping id="worklightsBack" node="0>0|6|0|19" />
		<i3dMapping id="workingLightBack_L" node="0>0|6|0|19|0" />
		<i3dMapping id="bedWorkLight" node="0>0|6|0|19|0|0" />
		<i3dMapping id="hellaWorkingLightSquare_01_L" node="0>0|6|0|19|0|1" />
		<i3dMapping id="workingLightBack_R" node="0>0|6|0|19|1" />
		<i3dMapping id="bedWorkLight1" node="0>0|6|0|19|1|0" />
		<i3dMapping id="hellaWorkingLightSquare_01_R" node="0>0|6|0|19|1|1" />
		<i3dMapping id="warningBeacon" node="0>0|6|0|20" />
		<i3dMapping id="bedlights" node="0>0|6|1" />
		<i3dMapping id="bedSides" node="0>0|6|1|0" />
		<i3dMapping id="bedSides1" node="0>0|6|1|0|0" />
		<i3dMapping id="bedSides2" node="0>0|6|1|0|1" />
		<i3dMapping id="bedSides3" node="0>0|6|1|0|2" />
		<i3dMapping id="bedSides4" node="0>0|6|1|0|3" />
		<i3dMapping id="bedSides5" node="0>0|6|1|0|4" />
		<i3dMapping id="bedTurnLeft" node="0>0|6|1|1" />
		<i3dMapping id="bedTurnLeft1" node="0>0|6|1|1|0" />
		<i3dMapping id="bedTurnRight" node="0>0|6|1|2" />
		<i3dMapping id="bedTurnRight1" node="0>0|6|1|2|0" />
		<i3dMapping id="bedBackLight" node="0>0|6|1|3" />
		<i3dMapping id="bedBackLight1" node="0>0|6|1|3|0" />
		<i3dMapping id="bedBackLight2" node="0>0|6|1|3|1" />
		<i3dMapping id="bedBackLight3" node="0>0|6|1|3|2" />
		<i3dMapping id="bedBackLight4" node="0>0|6|1|3|3" />
		<i3dMapping id="bedBackLight5" node="0>0|6|1|3|4" />
		<i3dMapping id="bedBrakeLight" node="0>0|6|1|4" />
		<i3dMapping id="bedBrakeLight1" node="0>0|6|1|4|0" />
		<i3dMapping id="bedBrakeLight2" node="0>0|6|1|4|1" />
		<i3dMapping id="bedReverseLight" node="0>0|6|1|5" />
		<i3dMapping id="bedReverseLight1" node="0>0|6|1|5|0" />
		<i3dMapping id="bedReverseLight2" node="0>0|6|1|5|1" />
		<i3dMapping id="bedReverseLight3" node="0>0|6|1|5|2" />
		<i3dMapping id="collisions" node="0>1" />
		<i3dMapping id="col_bed_front" node="0>1|0" />
		<i3dMapping id="col_bed_floor" node="0>1|1" />
		<i3dMapping id="col_bed_back" node="0>1|2" />
		<i3dMapping id="col_legs" node="0>1|3" />
		<i3dMapping id="col_legs_L" node="0>1|3|0" />
		<i3dMapping id="col_suppLeg1_L" node="0>1|3|0|0" />
		<i3dMapping id="col_suppLeg2_L" node="0>1|3|0|1" />
		<i3dMapping id="col_legs_R" node="0>1|3|1" />
		<i3dMapping id="col_suppLeg1_R" node="0>1|3|1|0" />
		<i3dMapping id="col_suppLeg2_R" node="0>1|3|1|1" />
	</i3dMappings>

</vehicle>
