﻿<?xml version="1.0" encoding="utf-8" standalone="no" ?>
<vehicle type="liqittanker">
    <annotation>Copyright (C) GIANTS Software GmbH, All Rights Reserved.</annotation>
	
    <storeData>
        <name>
			<en>TLX 2020 Liq-IT</en>
			<de>TLX 2020 Liq-IT</de>
			<es>TLX 2020 Liq-IT</es>
        </name>
        <functions>
            <function>$l10n_function_tank</function>
        </functions>
        <image>store/modStore_liqit.dds</image>
        <price>3500</price>
        <lifetime>600</lifetime>
        <rotation>0</rotation>
        <brand>82S</brand>
        <category>misc</category>
        <shopTranslationOffset>0 0.04 0</shopTranslationOffset>
        <shopRotationOffset>0 0 0</shopRotationOffset>
        <vertexBufferMemoryUsage>687328</vertexBufferMemoryUsage>
        <indexBufferMemoryUsage>115644</indexBufferMemoryUsage>
        <textureMemoryUsage>5265272</textureMemoryUsage>
        <instanceVertexBufferMemoryUsage>0</instanceVertexBufferMemoryUsage>
        <instanceIndexBufferMemoryUsage>0</instanceIndexBufferMemoryUsage>
    </storeData>
	
    <base>
        <typeDesc>$l10n_typeDesc_waterTrailer</typeDesc>
        <filename>attachments/txl2020_liqit.i3d</filename>
        <size width="3" length="5.5"/>
        <components count="1">
            <component centerOfMass="0 0.4 -1.45" solverIterationCount="10" mass="750"/>
        </components>
        <schemaOverlay attacherJointPosition="0 0">
            <default name="DEFAULT_IMPLEMENT"/>
            <selected name="DEFAULT_IMPLEMENT_SELECTED"/>
        </schemaOverlay>
    </base>

	<configurationSets>
		<configurationSet name="$l10n_configuration_multi" isDefault="true">
            <configuration name="vehicleType"  	index="1" />
			<configuration name="fillUnit"     	index="1" />
		</configurationSet>
		
		<configurationSet name="$l10n_configuration_slurry">
            <configuration name="vehicleType"  	index="2" />
			<configuration name="fillUnit"     	index="2" />
        </configurationSet>
	</configurationSets>
		
	<vehicleTypeConfigurations>
        <vehicleTypeConfiguration name="$l10n_configuration_valueDefault" price="0" vehicleType="liqittanker">
		</vehicleTypeConfiguration>
		
		<vehicleTypeConfiguration name="$l10n_configuration_slurry" price="500" vehicleType="tlx2020manure">
			<objectChange node="effectNodeRoot" visibilityActive="true" />
			<objectChange node="effects" visibilityActive="false" />
			
			<objectChange node="warning_L" visibilityActive="false" />
			<objectChange node="warning_R" visibilityActive="false" />
			<objectChange node="warning_B" visibilityActive="false" />
		</vehicleTypeConfiguration>
	</vehicleTypeConfigurations>
	
	<lights>
		<sharedLight linkNode="sideMarker_10Orange_L1" 	filename="$data/shared/assets/lights/lizard/sideMarker_10Orange.xml" />
		<sharedLight linkNode="sideMarker_10Orange_L2" 	filename="$data/shared/assets/lights/lizard/sideMarker_10Orange.xml" />
		<sharedLight linkNode="sideMarker_10Orange_L3" 	filename="$data/shared/assets/lights/lizard/sideMarker_10Orange.xml" />
		<sharedLight linkNode="sideMarker_10Orange_L4" 	filename="$data/shared/assets/lights/lizard/sideMarker_10Orange.xml" />
		<sharedLight linkNode="sideMarker_10Orange_R1" 	filename="$data/shared/assets/lights/lizard/sideMarker_10Orange.xml" />
		<sharedLight linkNode="sideMarker_10Orange_R2" 	filename="$data/shared/assets/lights/lizard/sideMarker_10Orange.xml" />
		<sharedLight linkNode="sideMarker_10Orange_R3" 	filename="$data/shared/assets/lights/lizard/sideMarker_10Orange.xml" />
		<sharedLight linkNode="sideMarker_10Orange_R4" 	filename="$data/shared/assets/lights/lizard/sideMarker_10Orange.xml" />
	
		<sharedLight linkNode="sideMarker_06Red_L1" 	filename="locals/sideMarker_06Red.xml" />
		<sharedLight linkNode="sideMarker_06Red_R1"		filename="locals/sideMarker_06Red.xml" />
		
		<sharedLight linkNode="rearLightOvalLEDRed_01_left" filename="locals/rearLightOvalLEDRed_03_left.xml" />
		<sharedLight linkNode="rearLightOvalLEDRed_01_right" filename="locals/rearLightOvalLEDRed_03_right.xml" />
		<sharedLight linkNode="hellaReverseLightRound_01" filename="locals/hellaReverseLightRound_01_back.xml" />
		
		<sharedLight linkNode="rearLightCircleLEDRed01_left" 	filename="$data/shared/assets/lights/lizard/rearLightCircleLEDRed01_left.xml" />
		<sharedLight linkNode="rearLightCircleLEDRed01_L" 		filename="$data/shared/assets/lights/lizard/rearLightCircleLEDRed01.xml" />
		<sharedLight linkNode="rearLightCircleLEDRed01_right" 	filename="$data/shared/assets/lights/lizard/rearLightCircleLEDRed01_right.xml" />
		<sharedLight linkNode="rearLightCircleLEDRed01_R" 		filename="$data/shared/assets/lights/lizard/rearLightCircleLEDRed01.xml" />
		
		<sharedLight linkNode="bigTriangle"	filename="$data/shared/assets/reflectors/lizard/bigTriangle.xml" />
		<sharedLight linkNode="redRectangle_01_L"	filename="$data/shared/assets/reflectors/lizard/redRectangle_01.xml" />
		<sharedLight linkNode="redRectangle_01_R"	filename="$data/shared/assets/reflectors/lizard/redRectangle_01.xml" />
	
		<sharedLight linkNode="hellaWorkingLightSquare_01_L" node="0" lightTypes="2" filename="$data/shared/assets/lights/hella/hellaWorkingLightSquare_01_back.xml">
            <rotationNode name="rotationNode1" rotation="15 0 0" />
        </sharedLight>
		<sharedLight linkNode="hellaWorkingLightSquare_01_R" node="0" lightTypes="2" filename="$data/shared/assets/lights/hella/hellaWorkingLightSquare_01_back.xml">
            <rotationNode name="rotationNode1" rotation="15 0 0" />
        </sharedLight>
	
        <states>
            <state lightTypes="0"/>
            <state lightTypes="0 1"/>
			<state lightTypes="0 1 2"/>
        </states>
		
        <realLights>
            <low>
                <brakeLight node="bedBrakeLight"/>
            </low>
            <high>
				<light node="bedBackLight" lightTypes="0"/>
				<light node="topSideMarker" lightTypes="0"/>
				<light node="bedWorkLight" lightTypes="2"/>
				<light node="bedWorkLight1" lightTypes="2"/>
                <brakeLight node="bedBrakeLight"/>
                <turnLightLeft node="bedTurnLeft"/>
				<turnLightLeft node="topTurnLeft"/>
                <turnLightRight node="topTurnRight"/>
				<turnLightRight node="bedTurnRight"/>
                <reverseLight node="bedReverseLight"/>
            </high>
        </realLights>
		
		<beaconLights>
			<beaconLight node="beaconLight06_L" filename="$data/shared/assets/beaconLights/lizard/beaconLight06.xml" />
            <beaconLight node="beaconLight06_R" filename="$data/shared/assets/beaconLights/lizard/beaconLight06.xml" />
        </beaconLights>
    </lights>

	<dynamicallyLoadedParts>
		<dynamicallyLoadedPart node="0" linkNode="extinguisher" filename="$data/shared/assets/extinguisher.i3d"/>
	</dynamicallyLoadedParts>
	
	<animations>
		<animation name="tipAnimationBack">
			<part node="dischargePipe" 	startTime="0.0" endTime="0.05" visibility="false" />
			<part node="dischargePipe" 	startTime="0.05" endTime="0.1" visibility="true" />
			<part node="dischargeLeaver" 	startTime="0.0" endTime="1" startRot="0 180 0" endRot="0 270 0" />
        </animation>
		
		<animation name="toggleCover">
            <part node="leaver1" startTime="0.0" endTime="0.2" startRot="0 0 0" endRot="180 0 0" />
			<part node="cover1" 	 startTime="0.25" endTime="1" startRot="0 0 0" endRot="-125 0 0" />
			<part node="leaver2" startTime="0.2" endTime="0.4" startRot="0 0 0" endRot="180 0 0" />
			<part node="cover2" 	 startTime="0.45" endTime="1" startRot="0 0 0" endRot="-125 0 0" />
			<part node="fillTrigger" startTime="0" endTime="0.05" startTrans="0 -4 -0.75094903" endTrans="0 1.57049 -0.75094903" />
        </animation>
		
		<animation name="foldWarnings">
			<part node="warning_sign_L" 		startTime="0.0" endTime="0.5" startTrans="0.001 0.005 0" endTrans="-0.198 0.1 0" />
			<part node="warning_sign_L" 		startTime="0.5" endTime="1.5" startTrans="-0.198 0.1 0" endTrans="-0.198 -0.138 0" />
			<part node="warning_sign_L" 		startTime="0.5" endTime="1.0" startRot="0 0 0" endRot="90 0 90" />
			<part node="flamable_warning_L" 	startTime="1.4" endTime="1.49" visibility="true"/>
            <part node="flamable_warning_L" 	startTime="1.49" endTime="1.5" visibility="false"/>
			
			<part node="warning_sign_R" 		startTime="0.0" endTime="0.5" startTrans="0.001 0.005 0" endTrans="-0.198 0.1 0" />
			<part node="warning_sign_R" 		startTime="0.5" endTime="1.5" startTrans="-0.198 0.1 0" endTrans="-0.198 -0.138 0" />
			<part node="warning_sign_R" 		startTime="0.5" endTime="1.0" startRot="0 0 0" endRot="90 0 90" />
			<part node="flamable_warning_R" 	startTime="1.4" endTime="1.49" visibility="true"/>
            <part node="flamable_warning_R" 	startTime="1.49" endTime="1.5" visibility="false"/>
			
			<part node="flamable_warning_B" 	startTime="1.4" endTime="1.49" visibility="true"/>
            <part node="flamable_warning_B" 	startTime="1.49" endTime="1.5" visibility="false"/>
        </animation>
		
		<animation name="manureFlowAnimationBack">
			<part node="dischargeLeaver" 	startTime="0.0" endTime="1" startRot="0 180 0" endRot="0 270 0" />
        </animation>
		
		<animation name="moveSupport">
			<part node="col_legs"    direction="-1" startTime="0" endTime="0.3" startTrans="0 0.784 2" endTrans="0 0.780 1.98" />
            <part node="col_legs"    direction="-1" startTime="0.3" endTime="1.2" startTrans="0 0.780 1.98" endTrans="0 -0.207 0" />
			<part node="col_legs_L"   direction="-1" startTime="0" endTime="0.3" startTrans="-1 0 0" endTrans="0 0 0" />
			<part node="col_legs_R"  direction="-1" startTime="0" endTime="0.3" startTrans="1 0 0" endTrans="0 0 0" />
            <part node="support_frame_grp"  direction="-1" startTime="0" endTime="0.9" visibility="false" />
            <part node="support_frame_grp"  direction="-1" startTime="0.9" endTime="1.2" visibility="true" />
			<part node="attached_parts"  direction="-1" startTime="0" endTime="0.9" visibility="true" />
            <part node="attached_parts"  direction="-1" startTime="0.9" endTime="1.2" visibility="false" />
            <part node="col_legs"    direction="1" startTime="0.01" endTime="0.02" startTrans="0 0.471 1.99" endTrans="0 0 0" />
            <part node="col_legs"    direction="1" startTime="0.02" endTime="1.2" startTrans="0 0 0" endTrans="0 -0.207 0" />
			<part node="col_legs_L"   direction="1" startTime="0" endTime="0.01" startTrans="-1 0 0" endTrans="-0.02 0 0" />
            <part node="col_legs_R"  direction="1" startTime="0" endTime="0.01" startTrans="1 0 0" endTrans="0.02 0 0" />
            <part node="col_legs_L"   direction="1" startTime="0.01" endTime="0.3" startTrans="-0.02 0 0" endTrans="-0.01 0 0" />
            <part node="col_legs_R"  direction="1" startTime="0.01" endTime="0.3" startTrans="0.02 0 0" endTrans="0.01 0 0" />
            <part node="col_legs_L"   direction="1" startTime="0.3" endTime="1.2" startTrans="-0.01 0 0" endTrans="0 0 0" />
            <part node="col_legs_R"  direction="1" startTime="0.3" endTime="1.2" startTrans="0.01 0 0" endTrans="0 0 0" />
            <part node="support_frame_grp"  direction="1" startTime="0" endTime="0.02" visibility="false" />
            <part node="support_frame_grp"  direction="1" startTime="0.02" endTime="1.2" visibility="true" />
			<part node="attached_parts"  direction="1" startTime="0" endTime="0.02" visibility="true" />
            <part node="attached_parts"  direction="1" startTime="0.02" endTime="1.2" visibility="false" />
        </animation>
		
		<animation name="workLightsAnim">
            <part node="workingLightBack_L" startTime="0" endTime="1" startRot="0 0 0" endRot="0 -130 0" />
			<part node="workingLightBack_R" startTime="0" endTime="1" startRot="0 0 0" endRot="0 130 0" />
        </animation>
    </animations>
	
	<foldable>
        <foldingParts>
            <foldingPart animationName="foldWarnings" speedScale="1"/>
        </foldingParts>
    </foldable>
	
	<cylindered>
        <movingTools>
            <movingTool node="cover1" playSound="true"/>
			<movingTool node="cover2" playSound="true"/>
			<movingTool node="workingLightBack_L">
				<controls axis="AXIS_FRONTLOADER_TOOL3" iconName="FRONTLOADER_ARM_ROTATE" invertAxis="true" mousespeedFactor="1" />
				<animation animSpeed="1" animAcceleration="1" animName="workLightsAnim" animStartTime="0" />
			</movingTool>
        </movingTools>

       	<sounds>
			<hydraulic file="sounds/cover.wav" innerRadius="5.0" outerRadius="45.0" indoor="0.40" outdoor="0.90" linkNode="cover1"/>
        </sounds>
    </cylindered>
	
	<attachable>
		<inputAttacherJointConfigurations>
			<inputAttacherJointConfiguration>
				<inputAttacherJoint node="attacherJointFrames" jointType="82Joint" lowerRotLimitScale="0 0 0" upperRotLimitScale="0 0 0" upperRotationOffset="0" lowerTransLimitScale="0 0 0" upperTransLimitScale="0 0 0"/>	
				<objectChange node="trailer_axle" visibilityActive="false" visibilityInactive="true" />
				<objectChange node="trailer_frame" visibilityActive="false" visibilityInactive="true" />
				
				<objectChange node="col_neck" compoundChildActive="false"/>
			</inputAttacherJointConfiguration>
		</inputAttacherJointConfigurations>
		<support animationName="moveSupport" delayedOnAttach="false"/>
    </attachable>

	<attacherJoints>
        <attacherJoint node="trailerAttacherJointBack" jointType="trailer" lowerRotLimit="10 70 50" upperRotationOffset="0" allowsJointLimitMovement="false" comboTime="1">
            <schema position="1 0" rotation="0" invertX="false"/>
            <attachSound template="ATTACH_01" linkNode="0>"/>
        </attacherJoint>
        <attacherJoint node="trailerAttacherJointBack" jointType="trailerLow" lowerRotLimit="10 70 50" upperRotationOffset="0" allowsJointLimitMovement="false" comboTime="1">
            <schema position="1 0" rotation="0" invertX="false"/>
            <attachSound template="ATTACH_01" linkNode="0>"/>
        </attacherJoint>
    </attacherJoints>

    <fillUnit>
        <fillUnitConfigurations>
            <fillUnitConfiguration name="$l10n_configuration_valueDefault" price="0" >
                <fillUnits fillTypeChangeThreshold="1">
                    <fillUnit unit="$l10n_unit_literShort" fillTypeCategories="LIQUID SPRAYER SLURRYTANK" capacity="5000" >
                        <exactFillRootNode node="exactFillRootNode" />
                    </fillUnit>
					<fillTrigger consumePtoPower="true"/>
				</fillUnits>
            </fillUnitConfiguration>
			
			<fillUnitConfiguration name="$l10n_configuration_valueDefault" price="0" >
                <fillUnits fillTypeChangeThreshold="1">
                    <fillUnit unit="$l10n_unit_literShort" fillTypes="LIQUIDMANURE DIGESTATE" capacity="5000" >
                        <exactFillRootNode node="exactFillRootNode" />
                    </fillUnit>
					<fillTrigger consumePtoPower="true"/>
				</fillUnits>
            </fillUnitConfiguration>
        </fillUnitConfigurations>
		
		<sounds>
            <fill template="SLURRY_03" />
        </sounds>
    </fillUnit>

    <fillTriggerVehicle triggerNode="fillTrigger" fillUnitIndex="1" litersPerSecond="800"/>

	<cover>
        <coverConfigurations title="$l10n_configuration_lights">
            <coverConfiguration name="$l10n_configuration_valueDefault" price="0" openOnBuy="false" openCoverWhileTipping="false" >
                <cover openAnimation="toggleCover" fillUnitIndices="1 2"/>
            </coverConfiguration>
			<coverConfiguration name="$l10n_configuration_worklights" price="0" openOnBuy="false" openCoverWhileTipping="false" >
                <cover openAnimation="toggleCover" fillUnitIndices="1 2"/>
				<objectChange node="worklightsBack" visibilityActive="true" visibilityInactive="false" />
            </coverConfiguration>
			<coverConfiguration name="$l10n_configuration_leftbeacon" price="0" openOnBuy="false" openCoverWhileTipping="false" >
                <cover openAnimation="toggleCover" fillUnitIndices="1 2"/>
				<objectChange node="beaconLight06_L" visibilityActive="true" visibilityInactive="false" />
            </coverConfiguration>
			<coverConfiguration name="$l10n_configuration_rightbeacon" price="0" openOnBuy="false" openCoverWhileTipping="false" >
                <cover openAnimation="toggleCover" fillUnitIndices="1 2"/>
				<objectChange node="beaconLight06_R" visibilityActive="true" visibilityInactive="false" />
            </coverConfiguration>
			<coverConfiguration name="$l10n_configuration_both" price="0" openOnBuy="false" openCoverWhileTipping="false" >
                <cover openAnimation="toggleCover" fillUnitIndices="1 2"/>
				<objectChange node="beaconLight06_L" visibilityActive="true" visibilityInactive="false" />
				<objectChange node="beaconLight06_R" visibilityActive="true" visibilityInactive="false" />
            </coverConfiguration>
			<coverConfiguration name="$l10n_configuration_lights1_2" price="0" openOnBuy="false" openCoverWhileTipping="false" >
                <cover openAnimation="toggleCover" fillUnitIndices="1 2"/>
				<objectChange node="worklightsBack" visibilityActive="true" visibilityInactive="false" />
				<objectChange node="beaconLight06_L" visibilityActive="true" visibilityInactive="false" />
            </coverConfiguration>
			<coverConfiguration name="$l10n_configuration_lights1_3" price="0" openOnBuy="false" openCoverWhileTipping="false" >
                <cover openAnimation="toggleCover" fillUnitIndices="1 2"/>
				<objectChange node="worklightsBack" visibilityActive="true" visibilityInactive="false" />
				<objectChange node="beaconLight06_R" visibilityActive="true" visibilityInactive="false" />
            </coverConfiguration>
			<coverConfiguration name="$l10n_configuration_lights_all_1" price="0" openOnBuy="false" openCoverWhileTipping="false" >
                <cover openAnimation="toggleCover" fillUnitIndices="1 2"/>
				<objectChange node="worklightsBack" visibilityActive="true" visibilityInactive="false" />
				<objectChange node="beaconLight06_L" visibilityActive="true" visibilityInactive="false" />
				<objectChange node="beaconLight06_R" visibilityActive="true" visibilityInactive="false" />
            </coverConfiguration>
        </coverConfigurations>
    </cover>
	
	<trailer>
        <trailerConfigurations>
            <trailerConfiguration>
                <trailer>
                    <tipSide name="$l10n_info_tipSideBack" dischargeNodeIndex="1">
                        <animation name="tipAnimationBack" speedScale="1.0" startTipTime="0.15"/>
                    </tipSide>
                </trailer>
            </trailerConfiguration>
        </trailerConfigurations>
    </trailer>
	
	<dischargeable requiresTipOcclusionArea="false">
        <dischargeNode node="dischargeNode1" emptySpeed="400" fillUnitIndex="1" maxDistance="6" canStartDischargeAutomatically="false">
            <info width="0.4" length="0.4" />
            <dischargeSound template="SLURRY_03"/>
			<trigger node="dischargeTrigger1" />

            <effects>
                <effectNode effectClass="PipeEffect" effectNode="pipeEffect" materialType="unloading" materialTypeId="1"  delay="0" fadeTime="0.5" /> 
            </effects>
        </dischargeNode>
    </dischargeable>
	
	<waterTrailer fillUnitIndex="1" fillLitersPerSecond="400" fillNode="tlx2020_tanker_main_component1">
        <sounds>
            <refill template="DEFAULT_REFUEL_SOUND" linkNode="0>" />
        </sounds>
    </waterTrailer>
	
	<ai>
        <areaMarkers leftNode="aiLeftMarker" rightNode="aiRightMarker" backNode="aiBackMarker"/>
        <sizeMarkers leftNode="sizeMarkerLeft" rightNode="sizeMarkerRight" backNode="sizeMarkerBack" />
        <allowTurnBackward value="false" />
        <toolReverserDirectionNode node="sizeMarkerBack" />
        <useAttributesOfAttachedImplement value="true" />
    </ai>
	
	<workAreas>
        <workArea type="sprayer" functionName="processSprayerArea" disableBackwards="false" requiresGroundContact="false" >
            <area startNode="workAreaStart" widthNode="workAreaWidth" heightNode="workAreaHeight" />
        </workArea>
    </workAreas>

    <sprayer>
        <usageScales workingWidth="9.0" scale="1" />
        <effects>
            <effectNode effectNode="effectSlurry" delay="0" materialType="sprayer" materialTypeId="1" />
        </effects>
    </sprayer>
	
	<turnOnVehicle>
        <activatableFillUnits>
            <activatableFillUnit index="2" />
        </activatableFillUnits>

        <sounds>
            <work template="SLURRY_03">
                <pitch indoor="0.75" outdoor="0.75" />
            </work>
        </sounds>
    </turnOnVehicle>
	
	<foliageBending>
        <bendingNode minX="-1.05" maxX="1.05" minZ="-2.8" maxZ="-1.0 " yOffset="0.6" />
        <bendingNode minX="-0.50" maxX="0.50" minZ="-1.1" maxZ="1.6 " yOffset="0.6" />
        <bendingNode minX="-0.90" maxX="0.90" minZ="-1.1" maxZ="1.6 " yOffset="1.6" />
    </foliageBending>
	
    <baseMaterial>
        <material name="tanker_mat" baseNode="tank">
            <shaderParameter name="colorMat0" value="SHARED_GREY2"/>
			<shaderParameter name="colorMat1" value="SHARED_GREY2"/>
        </material>
    </baseMaterial>
	
	<baseMaterialConfigurations useDefaultColors="true" price="1200">
		<baseMaterialConfiguration name="Stock" color="0.85 0.85 0.9" material="2" />
		
		<baseMaterialConfiguration name="LawnGreen" color="0.027 0.058 0.048" material="0" />
		<baseMaterialConfiguration name="LawnGreen New Age" color="0.027 0.058 0.048" material="27" />
		<baseMaterialConfiguration name="LawnGreen Aged" color="0.027 0.058 0.048" material="6" />
		
		<baseMaterialConfiguration name="Olive" color="LIZARD_OLIVE1" material="0" />
		<baseMaterialConfiguration name="Olive New Age" color="LIZARD_OLIVE1" material="27" />
		<baseMaterialConfiguration name="Olive Aged" color="LIZARD_OLIVE1" material="6" />
		
		<baseMaterialConfiguration name="Black Metal" color="0.01 0.01 0.01" material="0" />
		<baseMaterialConfiguration name="Black Metal Aged" color="0 0 0" material="6" />
		
		<baseMaterialConfiguration name="Dark Steel" color="0.35 0.35 0.40" material="8" />
		<baseMaterialConfiguration name="Stainless Steel" color="0.92 0.92 0.92" material="8" />
		<baseMaterialConfiguration name="Aluminum" color="0.65 0.65 0.75" material="3" />
		<baseMaterialConfiguration name="Polished" color="0.95 0.95 1" material="3" />
		
		<baseMaterialConfiguration name="Blue Jeans" color="0.004 0.02 0.059" material="0" />
		<baseMaterialConfiguration name="Blue Jeans New Age" color="0.004 0.02 0.059" material="27" />
		<baseMaterialConfiguration name="Blue Jeans Aged" color="0.004 0.02 0.059" material="6" />
		
		<baseMaterialConfiguration name="Ruby Red" color="0.3 0 0.004" material="0" />
		<baseMaterialConfiguration name="Ruby Red New Age" color="0.3 0 0.004" material="27" />
		<baseMaterialConfiguration name="Ruby Red Aged" color="0.3 0 0.004" material="6" />
		
		<baseMaterialConfiguration name="Race Red" color="0.657 0.012 0" material="0" />
		<baseMaterialConfiguration name="Race Red New Age" color="0.657 0.012 0" material="27" />
		<baseMaterialConfiguration name="Race Red Aged" color="0.657 0.012 0" material="6" />
		
		<baseMaterialConfiguration name="White Gold" color="0.973 0.976 0.545" material="27" />
		<baseMaterialConfiguration name="Bronze Fire" color="0.153 0.029 0.01" material="27" />
		
		<baseMaterialConfiguration name="Default" color="0 0.02 0.1" material="0" />
		<baseMaterialConfiguration name="New Age" color="0 0.02 0.1" material="27" />
        
		<baseMaterialConfiguration name="Pure White" color="STOLL_WHITE2" material="0" />
        <baseMaterialConfiguration name="Pearl White" color="STOLL_WHITE2" material="27" />
        <baseMaterialConfiguration name="Aged White" color="STOLL_WHITE2" material="6" />
		
		<baseMaterialConfiguration name="New Silver" color="SHARED_GREY2" material="27" />
		<baseMaterialConfiguration name="Scarlet Red" color="CASEIH_RED1" material="27" />
		<baseMaterialConfiguration name="Pearl White" color="STOLL_WHITE2" material="27" />
        <baseMaterialConfiguration name="Gun Metal" color="SHARED_GREY5" material="27" />
		<baseMaterialConfiguration name="Dark Moon" color="0.02 0.02 0.02" material="27" />
		<baseMaterialConfiguration name="Blaze Orange" color="FLIEGL_ORANGE1" material="27" />
		<baseMaterialConfiguration name="Nitro Blue" color="NEWHOLLAND_BLUE1" material="27" />
		<baseMaterialConfiguration name="Deep Blue" color="HATZENBICHLER_DARKBLUE1" material="27" />
		
        <material name="tanker_mat" shaderParameter="colorMat0" />
    </baseMaterialConfigurations>
	
	<designMaterialConfigurations useDefaultColors="true" price="1200">
		<designMaterialConfiguration name="Stock" color="0.5 0.5 0.55" material="8" />
	
		<designMaterialConfiguration name="Aluminum" color="0.65 0.65 0.75" material="3" />
		<designMaterialConfiguration name="Black" color="0.02 0.02 0.02" material="6" />
		<designMaterialConfiguration name="Black Metal" color="0.01 0.01 0.01" material="0" />
		<designMaterialConfiguration name="Black Metal Aged" color="0 0 0" material="6" />
		
		<designMaterialConfiguration name="Dark Steel" color="0.35 0.35 0.40" material="8" />
		<designMaterialConfiguration name="Stainless Steel" color="0.92 0.92 0.92" material="8" />
		<designMaterialConfiguration name="Polished" color="0.95 0.95 1" material="3" />
        
		<designMaterialConfiguration name="Pure White" color="STOLL_WHITE2" material="0" />
        <designMaterialConfiguration name="Pearl White" color="STOLL_WHITE2" material="27" />
        <designMaterialConfiguration name="Aged White" color="STOLL_WHITE2" material="6" />
        
		<designMaterialConfiguration name="New Silver" color="SHARED_GREY2" material="27" />
		<designMaterialConfiguration name="Scarlet Red" color="CASEIH_RED1" material="27" />
		<designMaterialConfiguration name="Pearl White" color="STOLL_WHITE2" material="27" />
        <designMaterialConfiguration name="Gun Metal" color="SHARED_GREY5" material="27" />
		<designMaterialConfiguration name="Dark Moon" color="0.02 0.02 0.02" material="27" />
		<designMaterialConfiguration name="Blaze Orange" color="FLIEGL_ORANGE1" material="27" />
		<designMaterialConfiguration name="Nitro Blue" color="NEWHOLLAND_BLUE1" material="27" />
		<designMaterialConfiguration name="Deep Blue" color="HATZENBICHLER_DARKBLUE1" material="27" />
		
        <material name="tanker_mat" shaderParameter="colorMat1" />
    </designMaterialConfigurations>
	
    <wearable wearDuration="480" workMultiplier="5" fieldMultiplier="2"/>
    <washable dirtDuration="90" washDuration="1" workMultiplier="3" fieldMultiplier="2"/>

	<i3dMappings>
		<i3dMapping id="tlx2020_tanker_main_component1" node="0>" />
		<i3dMapping id="liqit_vis" node="0>0" />
		<i3dMapping id="wheels" node="0>0|0" />
		<i3dMapping id="wheelBackLeft" node="0>0|0|0" />
		<i3dMapping id="wheelBackRight" node="0>0|0|1" />
		<i3dMapping id="wheelBackLeft2" node="0>0|0|2" />
		<i3dMapping id="wheelBackRight2" node="0>0|0|3" />
		<i3dMapping id="fillUnit" node="0>0|1" />
		<i3dMapping id="exactFillRootNode" node="0>0|1|0" />
		<i3dMapping id="dischargeable" node="0>0|2" />
		<i3dMapping id="dischargeNode1" node="0>0|2|0" />
		<i3dMapping id="dischargeTrigger1" node="0>0|2|1" />
		<i3dMapping id="effects" node="0>0|2|2" />
		<i3dMapping id="pipeEffect" node="0>0|2|2|0" />
		<i3dMapping id="dischargeNode2" node="0>0|2|3" />
		<i3dMapping id="dischargeTrigger2" node="0>0|2|4" />
		<i3dMapping id="dischargeNode3" node="0>0|2|5" />
		<i3dMapping id="dischargeTrigger3" node="0>0|2|6" />
		<i3dMapping id="dischargePipe" node="0>0|2|7" />
		<i3dMapping id="triggers" node="0>0|3" />
		<i3dMapping id="fillTrigger" node="0>0|3|0" />
		<i3dMapping id="waterTrigger" node="0>0|3|1" />
		<i3dMapping id="tanker_vis" node="0>0|4" />
		<i3dMapping id="trailer_axle" node="0>0|4|0" />
		<i3dMapping id="wheelHub_L" node="0>0|4|0|0" />
		<i3dMapping id="wheelHub_R" node="0>0|4|0|1" />
		<i3dMapping id="axle" node="0>0|4|0|2" />
		<i3dMapping id="trailer_frame" node="0>0|4|1" />
		<i3dMapping id="wheelChocks" node="0>0|4|1|0" />
		<i3dMapping id="chockSupport01" node="0>0|4|1|0|0" />
		<i3dMapping id="wheelChock01" node="0>0|4|1|0|0|0" />
		<i3dMapping id="chockSupport02" node="0>0|4|1|0|1" />
		<i3dMapping id="wheelChock02" node="0>0|4|1|0|1|0" />
		<i3dMapping id="lights" node="0>0|4|2" />
		<i3dMapping id="sharedLights" node="0>0|4|2|0" />
		<i3dMapping id="sideMarker_06Red_L1" node="0>0|4|2|0|0" />
		<i3dMapping id="sideMarker_06Red_R1" node="0>0|4|2|0|1" />
		<i3dMapping id="rearLightOvalLEDRed_01_left" node="0>0|4|2|0|2" />
		<i3dMapping id="rearLightOvalLEDRed_01_right" node="0>0|4|2|0|3" />
		<i3dMapping id="sideMarker_10Orange_L1" node="0>0|4|2|0|4" />
		<i3dMapping id="sideMarker_10Orange_L2" node="0>0|4|2|0|5" />
		<i3dMapping id="sideMarker_10Orange_L3" node="0>0|4|2|0|6" />
		<i3dMapping id="sideMarker_10Orange_L4" node="0>0|4|2|0|7" />
		<i3dMapping id="sideMarker_10Orange_R1" node="0>0|4|2|0|8" />
		<i3dMapping id="sideMarker_10Orange_R2" node="0>0|4|2|0|9" />
		<i3dMapping id="sideMarker_10Orange_R3" node="0>0|4|2|0|10" />
		<i3dMapping id="sideMarker_10Orange_R4" node="0>0|4|2|0|11" />
		<i3dMapping id="realLights_tipper" node="0>0|4|2|1" />
		<i3dMapping id="topTurnLeft" node="0>0|4|2|1|0" />
		<i3dMapping id="topTurnRight" node="0>0|4|2|1|1" />
		<i3dMapping id="topSideMarker" node="0>0|4|2|1|2" />
		<i3dMapping id="topSideMarker1" node="0>0|4|2|1|2|0" />
		<i3dMapping id="topSideMarker2" node="0>0|4|2|1|2|1" />
		<i3dMapping id="topSideMarker3" node="0>0|4|2|1|2|2" />
		<i3dMapping id="topSideMarker4" node="0>0|4|2|1|2|3" />
		<i3dMapping id="topSideMarker5" node="0>0|4|2|1|2|4" />
		<i3dMapping id="topSideMarker6" node="0>0|4|2|1|2|5" />
		<i3dMapping id="topSideMarker7" node="0>0|4|2|1|2|6" />
		<i3dMapping id="worklightsBack" node="0>0|4|2|2" />
		<i3dMapping id="workingLightBack_L" node="0>0|4|2|2|0" />
		<i3dMapping id="bedWorkLight" node="0>0|4|2|2|0|0" />
		<i3dMapping id="hellaWorkingLightSquare_01_L" node="0>0|4|2|2|0|1" />
		<i3dMapping id="workingLightBack_R" node="0>0|4|2|2|1" />
		<i3dMapping id="bedWorkLight1" node="0>0|4|2|2|1|0" />
		<i3dMapping id="hellaWorkingLightSquare_01_R" node="0>0|4|2|2|1|1" />
		<i3dMapping id="beacons" node="0>0|4|2|3" />
		<i3dMapping id="beaconLight06_L" node="0>0|4|2|3|0" />
		<i3dMapping id="beaconLight06_R" node="0>0|4|2|3|1" />
		<i3dMapping id="tank" node="0>0|4|3" />
		<i3dMapping id="tank_parts" node="0>0|4|4" />
		<i3dMapping id="top_ladge" node="0>0|4|5" />
		<i3dMapping id="tankaccess1" node="0>0|4|5|0" />
		<i3dMapping id="leaver1" node="0>0|4|5|1" />
		<i3dMapping id="ladge1" node="0>0|4|5|2" />
		<i3dMapping id="cover1" node="0>0|4|5|3" />
		<i3dMapping id="top_ladge2" node="0>0|4|6" />
		<i3dMapping id="tankaccess2" node="0>0|4|6|0" />
		<i3dMapping id="leaver2" node="0>0|4|6|1" />
		<i3dMapping id="ladge2" node="0>0|4|6|2" />
		<i3dMapping id="cover2" node="0>0|4|6|3" />
		<i3dMapping id="dischargeLeaver" node="0>0|4|7" />
		<i3dMapping id="dischargeValve" node="0>0|4|8" />
		<i3dMapping id="frame_parts" node="0>0|4|9" />
		<i3dMapping id="attached_parts" node="0>0|4|10" />
		<i3dMapping id="tank_fixtures" node="0>0|4|10|0" />
		<i3dMapping id="stair_down" node="0>0|4|10|1" />
		<i3dMapping id="mudguards" node="0>0|4|10|2" />
		<i3dMapping id="redRectangle_01_L" node="0>0|4|10|2|0" />
		<i3dMapping id="redRectangle_01_R" node="0>0|4|10|2|1" />
		<i3dMapping id="rear_bumper" node="0>0|4|10|3" />
		<i3dMapping id="liqit_decal" node="0>0|4|10|4" />
		<i3dMapping id="warning_L" node="0>0|4|10|5" />
		<i3dMapping id="warning_base_L" node="0>0|4|10|5|0" />
		<i3dMapping id="warning_sign_L" node="0>0|4|10|5|1" />
		<i3dMapping id="flamable_warning_L" node="0>0|4|10|5|1|0" />
		<i3dMapping id="warning_R" node="0>0|4|10|6" />
		<i3dMapping id="warning_base_R" node="0>0|4|10|6|0" />
		<i3dMapping id="warning_sign_R" node="0>0|4|10|6|1" />
		<i3dMapping id="flamable_warning_R" node="0>0|4|10|6|1|0" />
		<i3dMapping id="warning_B" node="0>0|4|10|7" />
		<i3dMapping id="warning_sign_B" node="0>0|4|10|7|0" />
		<i3dMapping id="flamable_warning_B" node="0>0|4|10|7|0|0" />
		<i3dMapping id="fixed_lights" node="0>0|4|10|8" />
		<i3dMapping id="sharedLights1" node="0>0|4|10|8|0" />
		<i3dMapping id="rearLightCircleLEDRed01_left" node="0>0|4|10|8|0|0" />
		<i3dMapping id="rearLightCircleLEDRed01_L" node="0>0|4|10|8|0|1" />
		<i3dMapping id="rearLightCircleLEDRed01_right" node="0>0|4|10|8|0|2" />
		<i3dMapping id="rearLightCircleLEDRed01_R" node="0>0|4|10|8|0|3" />
		<i3dMapping id="hellaReverseLightRound_01" node="0>0|4|10|8|0|4" />
		<i3dMapping id="realLights" node="0>0|4|10|8|1" />
		<i3dMapping id="bedTurnLeft" node="0>0|4|10|8|1|0" />
		<i3dMapping id="bedTurnRight" node="0>0|4|10|8|1|1" />
		<i3dMapping id="bedBackLight" node="0>0|4|10|8|1|2" />
		<i3dMapping id="bedBackLight1" node="0>0|4|10|8|1|2|0" />
		<i3dMapping id="bedBrakeLight" node="0>0|4|10|8|1|3" />
		<i3dMapping id="bedBrakeLight1" node="0>0|4|10|8|1|3|0" />
		<i3dMapping id="bedReverseLight" node="0>0|4|10|8|1|4" />
		<i3dMapping id="dynamicallyLoadedParts" node="0>0|4|11" />
		<i3dMapping id="extinguisher" node="0>0|4|11|0" />
		<i3dMapping id="bigTriangle" node="0>0|4|11|1" />
		<i3dMapping id="attacherJoints" node="0>0|5" />
		<i3dMapping id="attacherJointFrames" node="0>0|5|0" />
		<i3dMapping id="trailerAttacherJointBack" node="0>0|5|1" />
		<i3dMapping id="trailerAttacherJointFront" node="0>0|5|2" />
		<i3dMapping id="workAreas" node="0>0|6" />
		<i3dMapping id="workAreaStart" node="0>0|6|0" />
		<i3dMapping id="workAreaWidth" node="0>0|6|1" />
		<i3dMapping id="workAreaHeight" node="0>0|6|2" />
		<i3dMapping id="ai" node="0>0|7" />
		<i3dMapping id="aiMarkers" node="0>0|7|0" />
		<i3dMapping id="aiLeftMarker" node="0>0|7|0|0" />
		<i3dMapping id="aiRightMarker" node="0>0|7|0|1" />
		<i3dMapping id="aiBackMarker" node="0>0|7|0|2" />
		<i3dMapping id="sizeMarkers" node="0>0|7|1" />
		<i3dMapping id="sizeMarkerLeft" node="0>0|7|1|0" />
		<i3dMapping id="sizeMarkerRight" node="0>0|7|1|1" />
		<i3dMapping id="sizeMarkerBack" node="0>0|7|1|2" />
		<i3dMapping id="effectNodeRoot" node="0>0|8" />
		<i3dMapping id="manureSpreader" node="0>0|8|0" />
		<i3dMapping id="effectNode" node="0>0|8|1" />
		<i3dMapping id="effectSlurry" node="0>0|8|1|0" />
		<i3dMapping id="support_frame_grp" node="0>0|9" />
		<i3dMapping id="support_frame_1" node="0>0|9|0" />
		<i3dMapping id="support_extension1_L" node="0>0|9|0|0" />
		<i3dMapping id="support_legs1_L" node="0>0|9|0|0|0" />
		<i3dMapping id="support_extension1_R" node="0>0|9|0|1" />
		<i3dMapping id="support_legs1_R" node="0>0|9|0|1|0" />
		<i3dMapping id="support_frame_2" node="0>0|9|1" />
		<i3dMapping id="support_extension2_L" node="0>0|9|1|0" />
		<i3dMapping id="support_legs2_L" node="0>0|9|1|0|0" />
		<i3dMapping id="support_extension2_R" node="0>0|9|1|1" />
		<i3dMapping id="support_legs2_R" node="0>0|9|1|1|0" />
		<i3dMapping id="collisions" node="0>1" />
		<i3dMapping id="col_neck" node="0>1|0" />
		<i3dMapping id="col_back" node="0>1|1" />
		<i3dMapping id="col_tank" node="0>1|2" />
		<i3dMapping id="col_legs" node="0>1|3" />
		<i3dMapping id="col_legs_L" node="0>1|3|0" />
		<i3dMapping id="col_suppLeg1_L" node="0>1|3|0|0" />
		<i3dMapping id="col_suppLeg2_L" node="0>1|3|0|1" />
		<i3dMapping id="col_legs_R" node="0>1|3|1" />
		<i3dMapping id="col_suppLeg1_R" node="0>1|3|1|0" />
		<i3dMapping id="col_suppLeg2_R" node="0>1|3|1|1" />
	</i3dMappings>

</vehicle>
