<?xml version="1.0" encoding="utf-8" standalone="no"?>
<modDesc descVersion="41">
    <author>Wyatt Speer</author>
    <version>0.0.5</version>
    <title>
        <en>Skidsteer Plow</en>
    </title>
    <description>
		<en>Skidsteer Plow</en>
    </description>
    <iconFilename>storeskidsteer.dds</iconFilename>
    <multiplayer supported="true"/>
	
	<extraSourceFiles>
        <sourceFile filename="scripts/SeasonsAvailabilityCheck.lua"/>
    </extraSourceFiles>

    <specializations>
        <specialization name="snowPlow" className="SnowPlow" filename="scripts/SnowPlow.lua"/>
    </specializations>

    <vehicleTypes>
        <type name="snowPlow" className="Vehicle" filename="$dataS/scripts/vehicles/Vehicle.lua">
            <specialization name="baseMaterial"/>
            <specialization name="tipOccluder"/>
            <specialization name="foliageBending"/>
            <specialization name="washable"/>
            <specialization name="wearable"/>
            <specialization name="dynamicallyLoadedParts"/>
            <specialization name="animatedVehicle"/>
            <specialization name="cylindered"/>
            <specialization name="mountable"/>
            <specialization name="wheels"/>
            <specialization name="slopeCompensation"/>
            <specialization name="speedRotatingParts"/>
            <specialization name="attachable"/>
            <specialization name="lights"/>
            <specialization name="powerTakeOffs"/>
            <specialization name="powerConsumer"/>
            <specialization name="suspensions"/>
            <specialization name="aiImplement"/>
            <specialization name="connectionHoses"/>
            <specialization name="attacherJoints"/>
            <specialization name="foldable"/>
            <specialization name="cylinderedFoldable"/>
            <specialization name="fillUnit"/>
            <specialization name="fillVolume"/>
            <specialization name="cover"/>
            <specialization name="snowPlow"/>
        </type>
    </vehicleTypes>
	
    <storeItems>
        <storeItem rootNode="vehicle" xmlFilename="skidsteerplow.xml"/>
    </storeItems>
    <brands>
        <brand name="LIZARD" title="Lizard" image="brand.dds"/>
    </brands>
</modDesc>
