﻿<?xml version="1.0" encoding="utf-8" standalone="no" ?>
<vehicle type="snowPlow">
    <annotation>Copyright (C) GIANTS Software GmbH, All Rights Reserved.</annotation>
    <storeData>
        <name>            <en>Skidsteer Plow</en>
        </name>
        <functions>
            <function>Skidsteer Plow</function>
        </functions>
        <image>storeskidsteer.png</image>
        <price>6650</price>
        <lifetime>600</lifetime>
        <rotation>0</rotation>
        <brand>LIZARD</brand>
        <category>skidsteers</category>
        <shopTranslationOffset>0 0.07 0</shopTranslationOffset>
        <shopRotationOffset>0 0 0</shopRotationOffset>
        <vertexBufferMemoryUsage>471896</vertexBufferMemoryUsage>
        <nodeBufferMemoryUsage>97170</nodeBufferMemoryUsage>
        <textureMemoryUsage>6116920</textureMemoryUsage>
        <instanceVertexBufferMemoryUsage>0</instanceVertexBufferMemoryUsage>
        <instancenodeBufferMemoryUsage>0</instancenodeBufferMemoryUsage>
    </storeData>
    <base>
        <typeDesc>Skidsteer Plow</typeDesc>
        <filename>skidsteerplow.i3d</filename>
        <size width="6" length="2.5" widthOffset="0.4"/>
        <speedLimit value="17"/>
        <components>
            <component centerOfMass="0 0 0.8" solverIterationCount="10" mass="800"/>
        </components>
        <schemaOverlay attacherJointPosition="0 0">
            <default name="DEFAULT_IMPLEMENT"/>
            <selected name="DEFAULT_IMPLEMENT_SELECTED"/>
        </schemaOverlay>
    </base>
    
    <attachable>
        <inputAttacherJoints>
            <inputAttacherJoint node="0>0" jointType="skidSteer"  attacherHeight="1.08"/>
        </inputAttacherJoints>
    </attachable>
	
	
	<connectionHoses>
        <hose inputAttacherJointIndices="1" type="hydraulicIn"  node="0>1|0|1"  length="1" diameter="0.02" straighteningFactor="1">
        </hose>
        <hose inputAttacherJointIndices="1" type="hydraulicOut" node="0>1|1|1" length="1" diameter="0.02" straighteningFactor="1">
        </hose>
    </connectionHoses>
	
	<cylindered>
		<movingTools>
			<movingTool node="0>1|2"  playSound="true">
                <controls axis="AXIS_FRONTLOADER_TOOL2" invertAxis="true" mouseSpeedFactor="0.8" />
                <attacherJoint jointIndices="0"/>
                <rotation rotSpeed="50" rotAcceleration="300" rotMax="30" rotMin="-30" rotationAxis="2" />
            </movingTool>
        </movingTools>
        <movingParts>
			<movingPart node="0>1|0" referencePoint="0>1|2|0" referenceFrame="0>1" isActiveDirty="true" scaleZ="true">
                <translatingPart node="0>1|0|0" scaleZ="true"/>
            </movingPart>
			<movingPart node="0>1|1" referencePoint="0>1|2|1" referenceFrame="0>1" isActiveDirty="true" scaleZ="true">
                <translatingPart node="0>1|1|0" scaleZ="true"/>
            </movingPart>
			
        </movingParts>
        <sounds>
            <hydraulic template="DEFAULT_HYDRAULIC_SOUND" linkNode="0>"/>
        </sounds>
    </cylindered>
	
    
    <fillUnit>
        <fillUnitConfigurations>
            <fillUnitConfiguration name="$l10n_configuration_valueDefault">
                <fillUnits>
                    <fillUnit unit="$l10n_unit_literShort" fillTypeCategories="bulk windrow" capacity="8000" showInShop="false" showOnHud="false"/>
                </fillUnits>
            </fillUnitConfiguration>
        </fillUnitConfigurations>
    </fillUnit>	
    
    <snowPlow fillUnitIndex="1" pickUpDirection="1">
        <nodes>
            <node node="0>1|2|4" rotDependentNode="0>1|0" rotThreshold="0" width="4.2" minDropWidth="6" maxDropWidth="9" tipOffset="0.45"/>
        </nodes>

        <effects>
            <effectNode effectNode="0>1|2|5|5" materialType="unloading" materialTypeId="1" maxBending="0.8"/>
            <effectNode effectClass="ParticleEffect" effectNode="0>1|2|5|0" particleType="SNOW" emitCountScale="2" worldSpace="false"/>
            <effectNode effectClass="ParticleEffect" effectNode="0>1|2|5|1" particleType="SNOW_CHUNKS" emitCountScale="2" worldSpace="false"/>
            <effectNode effectClass="ParticleEffect" effectNode="0>1|2|5|2" particleType="SNOW_BIG_CHUNKS" emitCountScale="1" worldSpace="false"/>
            <effectNode effectClass="ParticleEffect" effectNode="0>1|2|5|3" particleType="SNOW_SMOKE" emitCountScale="10"/>
            <effectNode effectClass="ParticleEffect" effectNode="0>1|2|5|4" particleType="SNOW_SMOKE" emitCountScale="5"/>
        </effects>

        <sounds>
            <work file="sounds/snowplow.wav" innerRadius="5.0" outerRadius="50.0" fadeOut="0.1">
                <volume indoor="0.5" outdoor="1.5" >
                    <modifier type="SPEED" value="0.50" modifiedValue="0.0" />
                    <modifier type="SPEED" value="5.00" modifiedValue="1.0" />
                </volume>
                <pitch indoor="1.0" outdoor="1.0" >
                    <modifier type="SPEED" value="0.00" modifiedValue="0.8" />
                    <modifier type="SPEED" value="10.0" modifiedValue="1.05" />
                </pitch>
                <lowpassGain indoor="0.7" outdoor="1.0" />
            </work>
        </sounds>
    </snowPlow>
		
	
    <foliageBending>
        <bendingNode minX="-2.0" maxX="2.0" minZ="-0.8" maxZ="0.8" yOffset="0.6"/>
    </foliageBending>
    <baseMaterial>
        <material name="plow_color" baseNode="0>1|2|3">
            <shaderParameter name="colorMat0" value="1 1 1 6"/>
        </material>
    </baseMaterial>
	
	<baseMaterialConfigurations price="0" useDefaultColors="true" defaultColorIndex="1">    
		<baseMaterialConfiguration name="Dark Gray" color="0.05 0.05 0.05 0" material="0"/>
		<baseMaterialConfiguration name="Bright Gray" color="0.15 0.15 0.15 0" material="0"/>
		<baseMaterialConfiguration name="White" color="1 1 1 0" material="0"/>
		<baseMaterialConfiguration name="Bright Orange" color="1 0.15 0 0" material="0"/>
		<baseMaterialConfiguration name="Dark Orange" color="0.3 0.06 0 0" material="0"/>
		<baseMaterialConfiguration name="John Deere Green" color="JOHNDEERE_GREEN1" material="0"/>
		<baseMaterialConfiguration name="John Deere Yellow" color="JOHNDEERE_YELLOW1" material="0"/>
		<baseMaterialConfiguration name="Dark Green" color="0 0.03 0 0" material="0"/>
		<baseMaterialConfiguration name="Baby Blue" color="0 0.2 0.3 0" material="0"/>
		<baseMaterialConfiguration name="Sky Blue" color="0.1 0.2 0.5 0" material="0"/>
		<baseMaterialConfiguration name="Dark Blue" color="0 0 0.1 0" material="0"/>
		<baseMaterialConfiguration name="Bright Blue" color="0 0 0.5 0" material="0"/>
		<baseMaterialConfiguration name="Bright Red" color="1 0 0 0" material="0"/>
		<baseMaterialConfiguration name="Dark Red" color="0.1 0 0 0" material="0"/>
	    <baseMaterialConfiguration name="Black" color="0 0 0 0" material="0"/>
		<baseMaterialConfiguration name="Ford Gold" color="0.18 0.15 0.11 0" material="0"/>
        <baseMaterialConfiguration name="Stock" color="0.017 0.017 0.017" material="0" />
		<baseMaterialConfiguration name="Stock Aged" color="0.017 0.017 0.017" material="6" />
	
		
        <baseMaterialConfiguration name="Stainless Steel" color="1 1 1" material="8" />
		<baseMaterialConfiguration name="Dark Steel" color="0.35 0.35 0.40" material="8" />
		<baseMaterialConfiguration name="Aluminum" color="0.65 0.65 0.75" material="3" />
		<baseMaterialConfiguration name="Chrome" color="0.9 0.9 1" material="2"  />
		<baseMaterialConfiguration name="Polished" color="0.95 0.95 1" material="3" />
		 
		<baseMaterialConfiguration name="Old White" color="STOLL_WHITE2" material="6" />
		<baseMaterialConfiguration name="Old Silver" color="SHARED_GREY2" material="6" />
		<baseMaterialConfiguration name="Old Red" color="CASEIH_RED1" material="6" />
		<baseMaterialConfiguration name="Old Grey" color="SHARED_GREY5" material="6" />
		<baseMaterialConfiguration name="Old Orange" color="FLIEGL_ORANGE1" material="6" />
		<baseMaterialConfiguration name="Old Blue" color="NEWHOLLAND_BLUE1" material="6" />
		<baseMaterialConfiguration name="Old Dark Blue" color="HATZENBICHLER_DARKBLUE1" material="6" />
		<baseMaterialConfiguration name="Old Deer Green" color="JOHNDEERE_GREEN1" material="6" />
		<baseMaterialConfiguration name="Old Deer Yellow" color="JOHNDEERE_YELLOW1" material="6" />
		 
		<baseMaterialConfiguration name="New Silver" color="SHARED_GREY2" material="27" />
		<baseMaterialConfiguration name="Scarlet Red" color="CASEIH_RED1" material="27" />
		<baseMaterialConfiguration name="Pearl White" color="STOLL_WHITE2" material="27" />
        <baseMaterialConfiguration name="Gun Metal" color="SHARED_GREY5" material="27" />
		<baseMaterialConfiguration name="Dark Moon" color="0.02 0.02 0.02" material="27" />
		<baseMaterialConfiguration name="Blaze Orange" color="FLIEGL_ORANGE1" material="27" />
		<baseMaterialConfiguration name="Nitro Blue" color="NEWHOLLAND_BLUE1" material="27" />
		<baseMaterialConfiguration name="Deep Blue" color="HATZENBICHLER_DARKBLUE1" material="27" />
		<baseMaterialConfiguration name="Deer Green" color="JOHNDEERE_GREEN1" material="27" />
		<baseMaterialConfiguration name="Deer Yellow" color="JOHNDEERE_YELLOW1" material="27" />
	    <material name="plow_color" shaderParameter="colorMat0"/>
    </baseMaterialConfigurations>
	
    <wearable wearDuration="480" workMultiplier="5" fieldMultiplier="2"/>
    <washable dirtDuration="90" washDuration="1" workMultiplier="4" fieldMultiplier="2"/>
    
</vehicle>
