<?xml version="1.0" encoding="utf-8" standalone="no" ?>
<sounds>
    <motorStart template="DEFAULT_MOTOR_START" file="sounds/start.ogg" linkNode="0>"/>
    <motorStop template="DEFAULT_MOTOR_STOP" file="sounds/stop.ogg" linkNode="0>">
        <volume indoor="1.0" outdoor="1.0" />
	</motorStop>
    <motor template="DEFAULT_MOTOR_IDLE" file="sounds/idle.ogg" linkNode="0>">
	    <volume indoor="1.0" outdoor="1.0" />
	</motor>
    
	<motor template="DEFAULT_MOTOR_RUN" file="sounds/run.ogg" linkNode="0>" >
        <volume indoor="0.65" outdoor="1.0" >
		    <!-- gear 1/ -->
            <modifier type="SPEED" value="0.0"  modifiedValue="0.0" />
            <modifier type="SPEED" value="3.0"  modifiedValue="1.5" />
            <modifier type="SPEED" value="20.0"  modifiedValue="1.8" />
            <modifier type="SPEED" value="53.0"  modifiedValue="2.0" />
            <!-- gear 2/ -->
            <modifier type="SPEED" value="53.5"  modifiedValue="0.0" />
            <modifier type="SPEED" value="60.0"  modifiedValue="1.1" />
            <modifier type="SPEED" value="70.0"  modifiedValue="1.3" />
            <modifier type="SPEED" value="86.0"  modifiedValue="1.7" />
            <!-- gear 3/ -->
            <modifier type="SPEED" value="87.0"  modifiedValue="0.0" />
            <modifier type="SPEED" value="95.0"  modifiedValue="0.9" />
            <modifier type="SPEED" value="110.0"  modifiedValue="1.3" />
            <modifier type="SPEED" value="125.0"  modifiedValue="1.5" />
            <!-- gear 4/ -->
            <modifier type="SPEED" value="126.0"  modifiedValue="0.0" />
            <modifier type="SPEED" value="130.0"  modifiedValue="0.9" />
            <modifier type="SPEED" value="160.0"  modifiedValue="1.3" />
            <modifier type="SPEED" value="177.0"  modifiedValue="1.5" />
            <!-- gear 5/ -->
            <modifier type="SPEED" value="178.0"  modifiedValue="0.0" />
            <modifier type="SPEED" value="180.0"  modifiedValue="0.9" />
            <modifier type="SPEED" value="230.0"  modifiedValue="1.3" />
            <modifier type="SPEED" value="241.0"  modifiedValue="1.5" />
        </volume>
        <pitch indoor="1.0" outdoor="1.0" >
            <!-- gear 1/ -->
            <modifier type="SPEED" value="0.0"  modifiedValue="0.0" />
            <modifier type="SPEED" value="3.0"  modifiedValue="0.3" />
            <modifier type="SPEED" value="20.0"  modifiedValue="0.55" />
            <modifier type="SPEED" value="53.0"  modifiedValue="1.5" />
            <!-- gear 2/ -->
            <modifier type="SPEED" value="54.0"  modifiedValue="0.88" />
            <modifier type="SPEED" value="86.0"  modifiedValue="1.46" />
            <!-- gear 3/ -->
            <modifier type="SPEED" value="87.0"  modifiedValue="0.9" />
            <modifier type="SPEED" value="125.0"  modifiedValue="1.4" />
            <!-- gear 4/ -->
            <modifier type="SPEED" value="126.0"  modifiedValue="0.9" />
            <modifier type="SPEED" value="177.0"  modifiedValue="1.38" />
            <!-- gear 5/ -->
            <modifier type="SPEED" value="178.0"  modifiedValue="0.92" />
            <modifier type="SPEED" value="241.0"  modifiedValue="1.35" />
        </pitch>
    </motor>
	
	
</sounds>
