﻿<?xml version="1.0" encoding="utf-8" standalone="no"?>
<modDesc descVersion="46">
    <author>FSClub-FIN Modding</author>
    <version>1.0.0.0</version>
    <title>
        <en>Snow Blower Esko</en>
		<de>Schneefräse Esko</de>
    </title>
    <description>
        <en><![CDATA[A snow blower clears fallen snow by blowing it to the side. With his excellent working width you can clear a road in a couple of seconds!
It can handle the biggest layer of snow without struggling. 
So just put your cruise control at 10 km/h and start to work your way through the mass of snow.

How to operate it:
First of, this snow blower is not meant to be a over loader, this is “just” for clearing the way in back of you and blow the snow to either side.

You NEED to own the land you want to clear, as the “tip here” function won’t work on non bought areas.


Price: 12,400.- $
Working width: 3m
Maximum working speed: 10 km/h

CONTROLS. 
To select pipe.1 or pipe.2, press O on the keyboard.
press CTRL + l to activate Unloading
GrainDoor's works manually with either a joystick or a mouse.
when you close graindoor unloading stops.


Special thanks for the guidance and advice. bdbssb and T-Bone]]>


</en>
<de>
<![CDATA[Mit einer Schneefräse wird Schnee bei Seite geräumt, wenn ein normales Räumschild nicht mehr ausreicht. Mit seiner hervorragenden Arbeitsbreite räumt man Straßen innerhalb von wenigen Sekunden. 
Die Fräse hat selbst mit den dicksten Schneeschichten kein Problem. 
Eine maximale Arbeitsgeschwindigkeit von 10 km/h wird empfohlen.

Wie man es bedient:
Erstens ist diese Schneefräse nicht als Überlader gedacht, sondern dient nur dazu, den Weg hinter Ihnen freizumachen und den Schnee nach beiden Seiten zu blasen.

Sie MÜSSEN das Land besitzen, das Sie räumen möchten, da die Funktion "Tipp hier" auf nicht gekauften Gebieten nicht funktioniert.


Preis: 12,400.,- €
Arbeitsbreite: 3m
Maximale Arbeitsgeschwindigkeit: 10 km/h

CONTROLS
Um pipe.1 oder pipe.2 auszuwählen, drücken Sie O auf der Tastatur.
Drücken Sie STRG + l, um das Entladen zu aktivieren
GrainDoor's funktioniert manuell mit einem Joystick oder einer Maus.
Wenn Sie die Tür schließen, stoppt das Entladen.

Besonderer Dank für die Anleitung und Beratung. bdbssb und T-Bone

]]>
</de>
    </description>
	
    <iconFilename>textures/snowBlower_icon.dds</iconFilename>
    <multiplayer supported="true"/>
	

    <storeItems>
        <storeItem xmlFilename="snowblower.xml"/>							
    </storeItems>

    <axisIcons>
        <icon name="PIPE_LEFT" filename="textures/blow_left.png"/>
        <icon name="PIPE_RIGHT" filename="textures/blow_right.png"/>
    </axisIcons>
	
	
	<brands>
        <brand name="NOKKA" title="NOKKA" image="textures/nokka_brand.dds"/>
    </brands>
	
	
	
	<vehicleTypes>
		 <type name="SnowBlower_Esko" parent="baseAttachable" className="Vehicle" filename="$dataS/scripts/vehicles/Vehicle.lua">
			<specialization name="turnOnVehicle" />
			<specialization name="fillUnit" />
			<specialization name="fillVolume" />
			<specialization name="dischargeable" />
			<specialization name="bunkerSiloInteractor" />
			<specialization name="shovel" />
			<specialization name="pipe" />
		</type>
	</vehicleTypes>
	
	
	
	<l10n>
        <text name="typeDesc_snowBlower">
            <en>Snow Blower</en>
            <de>Schneefräse</de>
        </text>
        <text name="function_snowBlower">
            <en>A Snow blower clears fallen snow by blowing it to the side.</en>
            <de>Die Schneefräse räumt den gefallenen Schnee, indem sie ihn zur Seite bläst.</de>
		</text>
    </l10n>
</modDesc>
