﻿<?xml version="1.0" encoding="utf-8" standalone="no" ?>
<vehicle type="SnowBlower_Esko">
    <annotation>Copyright (C) GIANTS Software GmbH, All Rights Reserved.</annotation>

    <storeData>
        <name>
			<en>Snow Blower Esko</en>
			<de>Schneefräse Esko</de>
		</name>
		<specs>
            <neededPower>80</neededPower>
            <workingWidth>2.5</workingWidth>
        </specs>
        <functions>
            <function>$l10n_function_snowBlower</function>
        </functions>
        <image>textures/snowBlower_store.dds</image>
        <price>12400</price>
        <lifetime>600</lifetime>
        <rotation>0</rotation>
        <brand>NOKKA</brand>
        <category>Misc</category>
        <shopTranslationOffset>0 -0.1 0</shopTranslationOffset>
        <shopRotationOffset>1 0 0</shopRotationOffset>
    </storeData>

    <base>
        <typeDesc>$l10n_typeDesc_snowBlower</typeDesc>
        <filename>SnowBlower.i3d</filename>
        <size width="2.5" length="3.75" />
		<powerConsumer ptoRpm="1500" neededPtoPower="200"/>
		<speedLimit value="10"/>
        <components>
            <component centerOfMass="0.2 0 -0.1" solverIterationCount="10" mass="1300"/>
        </components>
        <schemaOverlay attacherJointPosition="0 0">
            <default name="DEFAULT_IMPLEMENT"/>
            <selected name="DEFAULT_IMPLEMENT_SELECTED"/>
        </schemaOverlay>
    </base>
	
	<attachable>
        <inputAttacherJoints>
            <inputAttacherJoint node="AttacherJoint" jointType="implement" topReferenceNode="topReferenceNode" lowerRotLimitScale="0 0 0" upperRotationOffset="1" lowerTransLimitScale="0 0 0" needsLowering="true">
                    <distanceToGround lower="0.50" upper="1.3"/>
                </inputAttacherJoint>
        </inputAttacherJoints>
    </attachable>
	
	<powerTakeOffs>
        <input inputAttacherJointIndices="1" detachNode="0>1|1" inputNode="0>1|0" aboveAttacher="true" filename="$data/shared/assets/powerTakeOffs/walterscheidW.xml" />
    </powerTakeOffs>
	
	 <powerConsumer forceNode="snowblower_main" maxForce="2"/>

	<fillVolume>
        <fillVolumeConfigurations>
            <fillVolumeConfiguration>
                <volumes>
                    <volume node="fillVolumeRight" fillUnitIndex="1" maxDelta="0.04"/>
                    <volume node="fillVolumeLeft" fillUnitIndex="2" maxDelta="0.04"/>
                </volumes>
            </fillVolumeConfiguration>
        </fillVolumeConfigurations>
		
        <unloadInfos>
           <unloadInfo fillVolumeIndex="1" >
                <node node="unloadInfo" width="0.3" length="0.3"/>
            </unloadInfo>
            <unloadInfo fillVolumeIndex="2" >
                <node node="unloadInfo" width="0.3" length="0.3"/>
            </unloadInfo>
        </unloadInfos>
    </fillVolume>
 	<fillUnit>
        <fillUnitConfigurations>
            <fillUnitConfiguration>
                <fillUnits>
                    <fillUnit unit="$l10n_unit_literShort" showOnHud="false" fillTypeCategories="bulk" capacity="10000" showCapacityInShop="false">
					</fillUnit>
                    <fillUnit unit="$l10n_unit_literShort" showOnHud="false" fillTypeCategories="bulk" capacity="10000" showCapacityInShop="false">
					</fillUnit>	
                </fillUnits>
            </fillUnitConfiguration>
        </fillUnitConfigurations>
    </fillUnit>
	
	<shovel>
        <shovelNode node="pickUpNode" fillUnitIndex="1" width="1.7" length="0.5" yOffset="-0.3" needsMovement="false" needsActivation="true" fillLitersPerSecond="4000"/>
        <shovelNode node="pickUpNode2" fillUnitIndex="2" width="1.7" length="0.5" yOffset="-0.3" needsMovement="false" needsActivation="true" fillLitersPerSecond="4000"/>
    </shovel>
	<!-- GreinDoorRight -->
	<dischargeable>
		<dischargeNode node="raycastNode" emptySpeed="4000" fillUnitIndex="1" maxDistance="32" unloading="trailerTrigger" stopDischargeOnEmpty="false">
            <raycast extraDistance="6" maxDistance="20"/>
            <effects>
                <effectNode effectNode="effectParticleDoorRight" effectClass="ParticleEffect"/>
                <effectNode effectNode="effectGrainDoorRight" materialType="unloading" materialTypeId="1" fadeTime="0.5" extraDistanceNode="raycastNode" extraDistance="0.2"/>
				<effectNode 						 effectNode="effectMesh" materialType="unloading" materialTypeId="1" fadeTime="0.5" useDistance="false" fadeScale="0"/>
                <effectNode effectNode="effectSmokeRight" materialType="smoke" materialTypeId="1" fadeTime="0.5"/>
						
				<effectNode effectClass="ParticleEffect" effectNode="emitShape" particleType="SNOW" emitCountScale="2" worldSpace="false"/>
				<effectNode effectClass="ParticleEffect" effectNode="emitShapeChunks" particleType="SNOW_CHUNKS" emitCountScale="2" worldSpace="false"/>
				<effectNode effectClass="ParticleEffect" effectNode="emitShapeChunksBig" particleType="SNOW_BIG_CHUNKS" emitCountScale="1" worldSpace="false"/>
				<effectNode effectClass="ParticleEffect" effectNode="emitShapeChunksBig2" particleType="SNOW_BIG_CHUNKS" emitCountScale="4" worldSpace="false"/>
				<effectNode effectClass="ParticleEffect" effectNode="emitShapeSmokeUtkast2R" particleType="SNOW_SMOKE" emitCountScale="3"/>
				<effectNode effectClass="ParticleEffect" effectNode="emitShapeSmokeUtkast3R" particleType="SNOW_SMOKE" emitCountScale="3"/>
				<effectNode effectClass="ParticleEffect" effectNode="emitShapeSmokeUtkast4R" particleType="SNOW_SMOKE" emitCountScale="3"/>
				<effectNode effectClass="ParticleEffect" effectNode="emitShapeSmoke" particleType="SNOW_SMOKE" emitCountScale="5"/>
				<effectNode effectClass="ParticleEffect" effectNode="emitShapeSmoke1" particleType="SNOW_SMOKE" emitCountScale="3"/>
			</effects>
        </dischargeNode>
		<!-- GrainDoorLeft -->
        <dischargeNode node="raycastNode1" emptySpeed="4000" fillUnitIndex="2" maxDistance="32" unloading="trailerTrigger2" stopDischargeOnEmpty="false">
            <raycast extraDistance="6" maxDistance="20"/>
            <effects>
                <effectNode effectNode="effectParticleDoorLeft" effectClass="ParticleEffect"/>
                <effectNode effectNode="effectGrainDoorLeft" materialType="unloading" materialTypeId="1" fadeTime="0.5" extraDistanceNode="raycastNode1" extraDistance="0.2"/>
				<effectNode 						 effectNode="effectMeshLeft" materialType="unloading" materialTypeId="1" fadeTime="0.5" useDistance="false" fadeScale="0"/>
                <effectNode effectNode="effectSmokeLeft" materialType="smoke" materialTypeId="1" fadeTime="0.5"/>

				<effectNode effectClass="ParticleEffect" effectNode="emitShapeLeft" particleType="SNOW" emitCountScale="2" worldSpace="false"/>
				<effectNode effectClass="ParticleEffect" effectNode="emitShapeChunksLeft" particleType="SNOW_CHUNKS" emitCountScale="2" worldSpace="false"/>
				<effectNode effectClass="ParticleEffect" effectNode="emitShapeChunksBigLeft" particleType="SNOW_BIG_CHUNKS" emitCountScale="1" worldSpace="false"/>
				<effectNode effectClass="ParticleEffect" effectNode="emitShapeChunksBigLeft2" particleType="SNOW_BIG_CHUNKS" emitCountScale="4" worldSpace="false"/>
				<effectNode effectClass="ParticleEffect" effectNode="emitShapeSmokeUtkast2L" particleType="SNOW_SMOKE" emitCountScale="3"/>
				<effectNode effectClass="ParticleEffect" effectNode="emitShapeSmokeUtkast3L" particleType="SNOW_SMOKE" emitCountScale="3"/>
				<effectNode effectClass="ParticleEffect" effectNode="emitShapeSmokeUtkast4L" particleType="SNOW_SMOKE" emitCountScale="3"/>
				<effectNode effectClass="ParticleEffect" effectNode="emitShapeSmokeLeft" particleType="SNOW_SMOKE" emitCountScale="5"/>
				<effectNode effectClass="ParticleEffect" effectNode="emitShapeSmokeLeft1" particleType="SNOW_SMOKE" emitCountScale="3"/>
			</effects>
        </dischargeNode>
    </dischargeable>
	
	
	<cylindered>
		<movingTools>
			<movingTool node="grainDoorRight" playSound="true">
				<controls axis="AXIS_FRONTLOADER_TOOL4" invertAxis="true" mouseSpeedFactor="0.5" iconName="PIPE_RIGHT"/>
				<rotation rotationAxis="3" rotSpeed="70" rotAcceleration="250" rotMin="-67" rotMax="3" startRot="-3"/>
				<dependentPart node="hydraulikRight"/>
			</movingTool>
			<movingTool node="grainDoorLeft" playSound="true">
				<controls axis="AXIS_FRONTLOADER_TOOL3" invertAxis="true" mouseSpeedFactor="0.5" iconName="PIPE_LEFT"/>
				<rotation rotationAxis="3" rotSpeed="70" rotAcceleration="250" rotMin="4" rotMax="55" startRot=" 4"/>
				<dependentPart node="hydraulikLeft"/>
			</movingTool>
        </movingTools>
	
        <movingParts>
            <movingPart node="hydraulikRight" referencePoint="hydraulicsRightRef" referenceFrame="hydraulicsRightRef" playSound="true">
                <translatingPart node="hydraulikRightSylinder"/>
			</movingPart>	
            <movingPart node="hydraulikLeft" referencePoint="hydraulicsLeftRef" referenceFrame="hydraulicsLeftRef" playSound="true">
                <translatingPart node="hydraulikLeftSylinder"/>
			</movingPart>	
        </movingParts>
        <sounds>
            <hydraulic template="DEFAULT_HYDRAULIC_SOUND" linkNode="snowblower_main"/>
        </sounds>
    </cylindered>
	
    <pipe unloadInfoIndex="1">
		<pipeNodes>
			<pipeNode node="grainDoorLeft" extraDistanceNode="raycastNode1">
			</pipeNode>
			<pipeNode node="grainDoorRight" extraDistanceNode="raycastNode">
			</pipeNode>
		</pipeNodes>
        <states num="3" unloading="2 3">
            <state stateIndex="2" dischargeNodeIndex="1"/>
            <state stateIndex="3" dischargeNodeIndex="2"/>
        </states>
		<unloadingTriggers>
			<unloadingTrigger node="trailerTrigger"/>
		</unloadingTriggers>
		<unloadingTriggers>
			<unloadingTrigger node="trailerTrigger2"/>
		</unloadingTriggers>
	</pipe>
	
	
	<turnOnVehicle turnOffIfNotAllowed="true">
		<animationNodes>
			<animationNode node="rotor2" type="turnOn" rotSpeed="-2500" rotAxis="3" turnOnFadeTime="1.5" turnOffFadeTime="5"/>
		</animationNodes>
        <sounds>
            <start template="DEFAULT_MOWER_START" linkNode="snowblower_main"/>
            <stop template="DEFAULT_MOWER_STOP"   linkNode="snowblower_main"/>
            <work template="DEFAULT_MOWER_WORK"   linkNode="snowblower_main"/>
        </sounds>
    </turnOnVehicle>
	
	
	
    <baseMaterial>
        <material name="material.01" baseNode="snowblower_vis">
            <shaderParameter name="colorMat1" value="1 0.05 0.05"/>
        </material>
    </baseMaterial>

    <baseMaterialConfigurations price="100" useDefaultColors="true">
		<baseMaterialConfiguration color="1 0.05 0.05"/>
        <material name="material.01" shaderParameter="colorMat1"/>
    </baseMaterialConfigurations>

    <wearable wearDuration="480" workMultiplier="5" fieldMultiplier="2"/>
    <washable dirtDuration="90" washDuration="1" workMultiplier="2" fieldMultiplier="2"/>
	
    <i3dMappings>
        <i3dMapping id="snowblower_main" node="0>"/>
        <i3dMapping id="snowblower_vis" node="0>1"/>
        <i3dMapping id="AttacherJoint" node="0>0|0"/>
        <i3dMapping id="topReferenceNode" node="0>0|1"/>
        <i3dMapping id="ptoInputNode" node="0>1|0"/>
        <i3dMapping id="ptoDetachNode" node="0>1|1"/>
        <i3dMapping id="rotor2" node="0>1|3|0|0|0"/>
        <i3dMapping id="fillVolumeDischargeNodeLeft" node="0>1|9|0|2"/>
        <i3dMapping id="fillVolumeDischargeNodeRight" node="0>1|9|1|2"/>
		<i3dMapping id="pipeLeft" node="0>1|3|1|0"/>
        <i3dMapping id="hydraulikLeft" node="0>1|3|1|0|0"/>
        <i3dMapping id="hydraulikLeftSylinder" node="0>1|3|1|0|0|0"/>
        <i3dMapping id="grainDoorLeft" node="0>1|3|2|1|0" />
        <i3dMapping id="effectNodesDoorLeft" node="0>1|3|2|1|1|10"/>
        <i3dMapping id="effectGrainDoorLeft" node="0>1|3|2|1|1|10|0"/>
        <i3dMapping id="effectSmokeLeft" node="0>1|3|2|1|1|10|1"/>
        <i3dMapping id="particleNodesDoorLeft" node="0>1|3|2|1|0|1"/>
        <i3dMapping id="effectParticleDoorLeft" node="0>1|3|2|1|0|2|0"/>
        <i3dMapping id="raycastNode1" node="0>1|3|2|1|0|1"/>
        <i3dMapping id="hydraulicsLeftRef" node="0>1|3|2|1|0|0" />
        <i3dMapping id="emitShapeSmokeUtkast2L" node="0>1|3|2|1|1|0"/>
        <i3dMapping id="emitShapeSmokeUtkast3L" node="0>1|3|2|1|1|1"/>
        <i3dMapping id="emitShapeSmokeUtkast4L" node="0>1|3|2|1|1|2"/>
        <i3dMapping id="pipeRight" node="0>1|3|1|1"/>
        <i3dMapping id="hydraulikRight" node="0>1|3|1|1|0"/>
        <i3dMapping id="hydraulikRightSylinder" node="0>1|3|1|1|0|0"/>
		<i3dMapping id="grainDoorRight" node="0>1|3|2|0|0"/>
        <i3dMapping id="effectNodesDoorRight" node="0>1|3|2|0|1|10"/>
        <i3dMapping id="effectGrainDoorRight" node="0>1|3|2|0|1|10|0"/>
        <i3dMapping id="effectSmokeRight" node="0>1|3|2|0|1|10|1"/>
        <i3dMapping id="particleNodesDoorRight" node="0>1|3|2|0|0|0"/>
        <i3dMapping id="effectParticleDoorRight" node="0>1|3|2|0|0|0|0"/>
        <i3dMapping id="raycastNode" node="0>1|3|2|0|0|2"/>
        <i3dMapping id="hydraulicsRightRef" node="0>1|3|2|0|0|3"/>
        <i3dMapping id="emitShapeSmokeUtkast2R" node="0>1|3|2|0|1|0"/>
        <i3dMapping id="emitShapeSmokeUtkast3R" node="0>1|3|2|0|1|1"/>
        <i3dMapping id="emitShapeSmokeUtkast4R" node="0>1|3|2|0|1|2"/>
        <i3dMapping id="tipReferenceNode" node="0>1|7"/>
        <i3dMapping id="tipReferenceNode2" node="0>1|8"/>
		<i3dMapping id="emitShape" node="0>1|3|2|0|1|3"/>
        <i3dMapping id="emitShapeChunks" node="0>1|3|2|0|1|4"/>
        <i3dMapping id="emitShapeChunksBig" node="0>1|3|2|0|1|5"/>
        <i3dMapping id="emitShapeSmoke" node="0>1|3|2|0|1|6"/>
        <i3dMapping id="emitShapeSmoke1" node="0>1|3|2|0|1|7"/>
        <i3dMapping id="emitShapeChunksBig2" node="0>1|3|2|0|1|8"/>
        <i3dMapping id="effectMesh" node="0>1|3|2|0|1|9"/>
		<i3dMapping id="trailerTrigger" node="0>1|6|0"/>
		<i3dMapping id="trailerTrigger2" node="0>1|6|1"/>
        <i3dMapping id="pickUpNode" node="0>1|4"/>
        <i3dMapping id="pickUpNode2" node="0>1|5"/>
		<i3dMapping id="emitShapeLeft" node="0>1|3|2|1|1|3"/>
        <i3dMapping id="emitShapeChunksLeft" node="0>1|3|2|1|1|4"/>
        <i3dMapping id="emitShapeChunksBigLeft" node="0>1|3|2|1|1|5"/>
        <i3dMapping id="emitShapeSmokeLeft" node="0>1|3|2|1|1|6"/>
        <i3dMapping id="emitShapeSmokeLeft1" node="0>1|3|2|1|1|7"/>
        <i3dMapping id="emitShapeChunksBigLeft2" node="0>1|3|2|1|1|8"/>
        <i3dMapping id="effectMeshLeft" node="0>1|3|2|1|1|9"/>
        <i3dMapping id="fillVolumeLeft" node="0>1|9|0|0"/>
        <i3dMapping id="unloadInfo" node="0>1|9|0|1"/>
        <i3dMapping id="unloadInfo2" node="0>1|9|1|1"/>
        <i3dMapping id="fillVolumeRight" node="0>1|9|1|0"/>
        <i3dMapping id="exactFillRootNode" node="0>1|9|2"/>
        <i3dMapping id="exactFillRootNode2" node="0>1|9|3"/>
    </i3dMappings>
	
</vehicle>