﻿<?xml version="1.0" encoding="utf-8" standalone="no" ?>
<modDesc descVersion="53">
	<author>North Modding Company</author>
    <version>1.2.0.0</version>
    
	<title>
		<en>NMC Raptor Pack</en>
    </title>
    
	<description>
        <en>
<![CDATA[The NMC Raptor 2500 and 3500 series line of truck's where definitely designed with the hard working farmers and loggers of the world in mind. Any logger or farmer can tell you horsepower, torque and size matters! And the NMC Raptor series delivers on all fonts. 

NMC Raptor 2500 and 3500
The NMC Raptor 2500 and 3500 series offers three regular standard rim options and 3 dually rim options. Also offering  running board configuration and roll bar configuration. Three bumper configurations. Both LED light bar and strobe light bar options. Plus standard mirror's or tow mirror's. And also a 5th wheel option and standard bumper hitch. . And numerous NMC bed modules which include log bunk, 2 different service beds, standard flat bed, flat bed with 5th wheel and standard truck bed. DISCLAIMER the NMC service bed do not actual perform maintenance service they are for appearance and refueling only. 

Raptor 2500 and 3500 series Engine configurations 
6.6L V8
6.7L C
6.7L V8
Built 5.9L 12V

Prices:
2500 and 3500 Price: 37000 $
Backbed: 6700 €

Changelog 1.1.0.0:
-Removed Raptor 1500
-Removed Raptor 3500
-Removed airlines from 5th wheel option
-Added color options for lights
-Added new engine configs
-Added new wheel configs
-Added standard rim color: Chrome
-Added custom sounds
-Added couple more wheel configs
-Added fuel tank option to module
-Added ball hitch option to module
-Fixed scale on all models
-Fixed wheels turning to slow at high speed
-Fixed side steps not sticking out far enough
-Fixed collisionMasks
-Fixed wheels not giving shadow
-Fixed suspensions for wheels
-Fixed mirrors
-Changed name for "NMC Super Engine" to "Built 5.9L 12V"
-Raised descVersion to 53

Changelog 1.2.0.0:
-New engine sounds
-Added support for NMC Pickup Blade
-Added 3500 version, this version have stiffer suspension than the 2500
-Added "Rolling Coal" exhaust option
-Added more wheel configurations
-Adjusted breakForce]]>
		</en>
		<de>
<![CDATA[Die Pick UP-Baureihen NMC Raptor 2500 und 3500 wurden definitiv für die hart arbeitenden Landwirte und Holzfäller der Welt entwickelt. Jeder Holzfäller oder Landwirt kann Ihnen sagen, wie wichtig Leistung, Drehmoment und Größe sind! Und die NMC Rambker-Serie liefert an allen Fronten.

NMC Rambler 2500 and 3500
Die NMC Rambler 2500 und 3500-Serie bietet drei reguläre Standardfelgenoptionen und drei Doppelfelgenoptionen. Bietet auch Trittbrettkonfiguration und Überrollbügelkonfiguration. Drei Stoßstangenkonfigurationen. Optionen für LED-Lichtleiste und Blitzlichtleiste. Plus Standardspiegel oder Schleppspiegel. Und auch eine Sattelkupplung und eine serienmäßige Stoßstangenkupplung. . Und zahlreiche NMC-Bettmodule, darunter Holzkoje, 2 verschiedene Servicebetten, Standardflachbett, Flachbett mit Sattelkupplung und Standard-Pick UP-Ladefläche. HAFTUNGSAUSSCHLUSS Das NMC-Servicebett führt keine Wartungsarbeiten durch, sondern dient nur zum Aussehen und Auftanken.

Rambler 2500 und 3500 Serie Motorkonfigurationen
6.6L V8
6.7L C
6.7L V8

Preise:
2500 und 3500 Preis: 37000 €
Ladefläche: 6700 €

Changelog 1.1.0.0:
-Rambler 1500 entfernt
-Rambler 3500 entfernt
-Druckluftschläuche von der Sattelkupplung entfernt
-Farboptionen für Lichter hinzugefügt
-Neue Motorkonfigurationen hinzugefügt
-Neue Radkonfigurationen hinzugefügt
-Standardfelgenfarbe hinzugefügt: Chrom
-Benutzerdefinierte Sounds hinzugefügt
-Ein paar weitere Radkonfigurationen hinzugefügt
-Kraftstofftankoption zum Modul hinzugefügt
-Kugelkupplungsoption zum Modul hinzugefügt
-Skalierung  bei allen Modellen geändert
-Behoben, Räder drehen sich bei hoher Geschwindigkeit zu langsam
-Behoben, Seitenstufen ragen nicht weit genug heraus
-Behoben, Kollisionsmasken
-Behoben, Räder geben keinen Schatten
-Behoben, Aufhängungen für Räder
-Behoben, Spiegel
-Der Name für "NMC Super Engine" wurde in "Built 5.9L 12V" geändert

Changelog 1.2.0.0:
-Neue Motorgeräusche
-Unterstützung für NMC Pickup Blade hinzugefügt
-Die Version 3500 hinzugefügt, diese Version hat eine steifere Federung als die 2500
-Die Auspuffoption "Rolling Coal" wurde hinzugefügt
-Weitere Radkonfigurationen hinzugefügt
-Bremskraft angepasst]]>
		</de>
		<fr>
<![CDATA[La gamme de camions NMC Raptor des séries 2500 et 3500 a été définitivement conçue pour les agriculteurs et les bûcherons du monde entier. Tout bûcheron ou agriculteur peut vous dire que la puissance, le couple et la taille comptent! Et la série NMC Rambker offre toutes les possibilités.

NMC Raptor 2500 et 3500
Les séries NMC Raptor 2500 et 3500 offrent trois options de jantes standard standard et 3 options de jantes doubles. Offrant également une configuration de marche pied et une configuration d'arceau de sécurité. Trois configurations de pare-chocs. Options de barre lumineuse LED et de barre lumineuse stroboscopique. Plus les rétroviseurs standards ou les rétroviseurs de remorquage. Et aussi une option de 5ème roue et un attelage de pare-chocs standard. . Et de nombreux modules de lit NMC qui comprennent une couchette en rondins, 2 lits de service différents, une plate-forme standard, une plate-forme avec 5ème roue et une plate-forme standard. AVIS DE NON-RESPONSABILITÉ le lit de service NMC n'effectue pas de service de maintenance, mais uniquement pour l'apparence et le ravitaillement en carburant.

Configurations des moteurs des séries Raptor 2500 et 3500
V8 de 6,6 L
6,7 L C
V8 de 6,7 L

Les prix:
2500 et 3500 Prix: 37000 €
Lit arrière: 6700 €

Changelog 1.1.0.0:
-Removed Raptor 1500
-Removed Raptor 3500
-Retiré des compagnies aériennes de l'option 5ème roue
-Ajout d'options de couleur pour les lumières
-Ajout de nouvelles configurations de moteur
-Ajout de nouvelles configurations de roues
-Ajout de couleur de jante standard: Chrome
-Ajout de sons personnalisés
-Ajout de quelques configurations de roues supplémentaires
-Ajout d'une option de réservoir de carburant au module
-Ajout d'une option d'attelage à boule au module
-Échelle fixe sur tous les modèles
-Roues fixes tournant pour ralentir à grande vitesse
-Les marches latérales fixes ne dépassent pas assez loin
-Fixed collisionMasks
-Roues fixes ne donnant pas d'ombre
-Suspensions fixes pour roues
-Miroirs fixes
-Changement du nom de "NMC Super Engine" en "Built 5.9L 12V"
-Raised descVersion à 53

Changelog 1.2.0.0:
-New engine sounds
-Added support for NMC Pickup Blade
-Added 3500 version, this version have stiffer suspension than the 2500
-Added "Rolling Coal" exhaust option
-Added more wheel configurations
-Adjusted breakForce]]>
		</fr>
    </description>
	<iconFilename>store/icon_raptor.dds</iconFilename>
    <multiplayer supported="true"/>
	<storeItems>
        <storeItem rootNode="vehicle" xmlFilename="raptor2500.xml"/>
        <storeItem rootNode="vehicle" xmlFilename="raptor3500.xml"/>
        <storeItem rootNode="vehicle" xmlFilename="raptorBackbedModule.xml"/>
    </storeItems>
	<brands>
        <brand name="NMC" title="NMC" image="store/NMC2021_brand.dds"/>
        <brand name="STANDARD" title="STANDARD" image="store/NMC2021_brand.dds"/>
        <brand name="LIFTED" title="LIFTED" image="store/NMC2021_brand.dds"/>
    </brands>
	<jointTypes>
        <jointType name="NMC_bedAttacherJoint"/>
		<jointType name="hAttach"/>
		<jointType name="NMC_pickupBlade"/>
    </jointTypes>
	<l10n>
		<text name="configuration_bumper2"> <en>Bumper 2</en> <de>Stoßstange 2</de> <fr>pare-chocs 2</fr></text>
		<text name="configuration_bumper3"> <en>Bumper 3</en> <de>Stoßstange 3</de> <fr>pare-chocs 3</fr></text>
		<text name="title_sideStepConfiguration"> <en>Step Configuration</en> <de>Schritt Konfiguration</de> <fr>Configuration de l'étape</fr></text>
		<text name="title_mirrorConfiguration"> <en>Mirror Configuration</en> <de>Spiegelkonfiguration</de> <fr>Configuration du miroir</fr></text>
		<text name="title_assets"> <en>Assets Configuration</en> <de>Konfiguration der Assets</de> <fr>Configuration des actifs</fr></text>
		<text name="configuration_lightbar"> <en>Light Bar</en> <de>Lichtleiste</de> <fr>Barre lumineuse</fr></text>
		<text name="configuration_beacon"> <en>Beacon</en> <de>Rundumleuchte</de> <fr>balise</fr></text>
		<text name="configuration_both"> <en>Both</en> <de>Beide</de> <fr>Tous les deux</fr></text>
		<text name="configuration_standardMirror"> <en>Standard mirror</en> <de>Standardspiegel</de> <fr>Miroir standard</fr></text>
		<text name="configuration_towMirror"> <en>Tow mirror</en> <de>Schleppspiegel</de> <fr>Miroir de remorquage</fr></text>
		<text name="configuration_5thWheel"> <en>5th Wheel</en> <de>5th Wheel</de> <fr>5th Wheel</fr></text>
		<text name="configuration_ballHitch"> <en>Ball Hitch</en> <de>Kugelkupplung</de> <fr>Attelage à boule</fr></text>
		<text name="configuration_fenders"> <en>Wide Fenders</en> <de>Breite Kotflügel</de> <fr>Ailes larges</fr></text>
		<text name="title_bars"> <en>Bars</en> <de>Riegel</de> <fr>Bars</fr></text>
		<text name="configuration_rim1"> <en>Rim 1</en> <de>Felge 1</de> <fr>jante 1</fr></text>
		<text name="configuration_rim1Wide"> <en>Rim 1 Wide</en> <de>Felge 1 breit</de> <fr>jante 1 large</fr></text>
		<text name="configuration_rim2"> <en>Rim 2</en> <de>Felge 2</de> <fr>jante 2</fr></text>
		<text name="configuration_rim2Wide"> <en>Rim 2 Wide</en> <de>Felge 2 breit</de> <fr>jante 2 large</fr></text>
		<text name="configuration_rim3"> <en>Rim 3</en> <de>Felge 3</de> <fr>jante 3</fr></text>
		<text name="configuration_rim3Wide"> <en>Rim 3 Wide</en> <de>Felge 3 breit</de> <fr>jante 3 large</fr></text>
		<text name="configuration_rim1Dual"> <en>Rim 1 Dual</en> <de>Doppelfelge 1</de> <fr>jante 1 double</fr></text>
		<text name="configuration_rim2Dual"> <en>Rim 2 Dual</en> <de>Doppelfelge 2</de> <fr>jante 2 double</fr></text>
		<text name="configuration_rim3Dual"> <en>Rim 3 Dual</en> <de>Doppelfelge 3</de> <fr>jante 3 double</fr></text>
		<text name="configuration_streetWheels"> <en>Street Wheels</en> <de>Straßenräder</de> <fr>Roues de rue</fr></text>
		<text name="configuration_streetWheelsDual"> <en>Street Wheels Dual</en> <de>Straßenräder Dual</de> <fr>Roues de rue double</fr></text>
		<text name="configuration_fuelTank"> <en>Fuel Tank</en> <de>Kraftstofftank</de> <fr>Fuel Tank</fr></text>
		<text name="configuration_back"> <en>Bed Options</en> <de>Ladefläche Optionen</de> <fr>Bed Options</fr></text>
		<text name="color_RED"> <en>Red</en> <de>Rot</de> <fr>Rouge</fr></text>
		<text name="color_BLUE"> <en>Blue</en> <de>Blau</de> <fr>Bleu</fr></text>
		<text name="color_GREEN"> <en>Green</en> <de>Grün</de> <fr>Vert</fr></text>
		<text name="color_ORANGE"> <en>Orange</en> <de>Orange</de> <fr>Orange</fr></text>
		<text name="color_PINK"> <en>Pink</en> <de>Rosa</de> <fr>Rose</fr></text>
		<text name="color_PURPLE"> <en>Purple</en> <de>Lila</de> <fr>Violet</fr></text>
		<text name="color_WHITE"> <en>White</en> <de>Weiß</de> <fr>Blanc</fr></text>
		<text name="color_YELLOW"> <en>Yellow</en> <de>Gelb</de> <fr>Jaune</fr></text>
		<text name="title_lightColors"> <en>Light Ring Color</en> <de>Helle Ringfarbe</de> <fr>Couleur de l'anneau lumineux</fr></text>
		<text name="title_exhaust"> <en>Exhaust</en> <de>Auspuff</de> <fr>Échappement</fr></text>
		<text name="configuration_rollingCoal"> <en>Rolling Coal</en> <de>Rollende Kohle</de> <fr>Rouler le charbon</fr></text>
	</l10n>
	<vehicleTypes>
		<type name="raptorBackbedModuleFill" parent="fuelTrailer" className="Vehicle" filename="$dataS/scripts/vehicles/Vehicle.lua">
			<specialization name="dischargeable" />
			<specialization name="trailer" />
			<specialization name="tensionBelts" />
		</type>
	</vehicleTypes>
</modDesc>