﻿<?xml version="1.0" encoding="utf-8" standalone="no" ?>
<vehicle type="raptorBackbedModuleFill">
    <annotation>Copyright (C) GIANTS Software GmbH, All Rights Reserved.</annotation>
    <storeData>
        <name>Raptor Backbed Module</name>
		<specs>
            <combination>Raptor 2500</combination>
        </specs>
        <functions>
            <function>$l10n_function_car</function>
        </functions>
        <image>store/store_raptorBackbedModule.dds</image>
        <price>6700</price>
        <lifetime>600</lifetime>
        <rotation>0</rotation>
        <brand>NMC</brand>
        <category>misc</category>
		<shopTranslationOffset>0 0.5 0</shopTranslationOffset>
        <vertexBufferMemoryUsage>705824</vertexBufferMemoryUsage>
        <indexBufferMemoryUsage>138006</indexBufferMemoryUsage>
        <textureMemoryUsage>3583008</textureMemoryUsage>
        <instanceVertexBufferMemoryUsage>0</instanceVertexBufferMemoryUsage>
        <instanceIndexBufferMemoryUsage>0</instanceIndexBufferMemoryUsage>
    </storeData>
    <base>
        <typeDesc>$l10n_typeDesc_car</typeDesc>
        <filename>raptorBackbedModule.i3d</filename>
        <size width="6" length="4"/>
        <components count="1">
            <component centerOfMass="0 0.2 0" solverIterationCount="10" mass="500" />
        </components>
        <schemaOverlay attacherJointPosition="0 0">
            <default name="DEFAULT_IMPLEMENT"/>
			<selected name="DEFAULT_IMPLEMENT_SELECTED"/>
        </schemaOverlay>
    </base>
    <lights>
        <realLights>
            <high>
                <light node="backLightsHigh1"   lightTypes="0 3"/>
                <brakeLight node="backLightsHigh1" />
                <turnLightLeft node="turnLightLeftBack" />
                <turnLightRight node="turnLightRightBack" />
                <reverseLight node="reverseLight" />
            </high>
        </realLights>
        <defaultLights>
            <defaultLight shaderNode="raptorBedLightsBrake" lightTypes="0 3" intensity="80"/>
            <defaultLight shaderNode="raptorBedLightRingsBlue" lightTypes="0" intensity="80"/>
            <defaultLight shaderNode="raptorBedLightRingsGreen" lightTypes="0" intensity="80"/>
            <defaultLight shaderNode="raptorBedLightRingsOrange" lightTypes="0" intensity="80"/>
            <defaultLight shaderNode="raptorBedLightRingsPink" lightTypes="0" intensity="80"/>
            <defaultLight shaderNode="raptorBedLightRingsPurple" lightTypes="0" intensity="80"/>
            <defaultLight shaderNode="raptorBedLightRingsRed" lightTypes="0" intensity="80"/>
            <defaultLight shaderNode="raptorBedLightRingsWhite" lightTypes="0" intensity="80"/>
            <defaultLight shaderNode="raptorBedLightRingsYellow" lightTypes="0" intensity="80"/>
        </defaultLights>
        <brakeLights>
            <brakeLight shaderNode="raptorBedLightsBrake" intensity="80"/>
        </brakeLights>
        <reverseLights>
            <reverseLight shaderNode="raptorBedLightsReverse" intensity="80"/>
        </reverseLights>
        <turnLights>
            <turnLightLeft shaderNode="raptorBedLightsBlinkLeft" intensity="80"/>
            <turnLightRight shaderNode="raptorBedLightsBlinkRight" intensity="80"/>
        </turnLights>
        <sounds>
            <switchLight template="SWITCH_01"  />
            <turnLight template="SWITCH_TURNLIGHT"  />
        </sounds>
    </lights>
	<attachable>
        <inputAttacherJoints>
            <inputAttacherJoint node="bedAttacher" jointType="NMC_bedAttacherJoint" lowerRotLimitScale="0 0 0" upperRotLimitScale="0 0 0" upperRotationOffset="0" lowerTransLimitScale="0 0 0" upperTransLimitScale="0 0 0"/>
        </inputAttacherJoints>
        <support animationName="moveSupport" delayedOnAttach="false"/>
    </attachable>
	<attacherJoints>
		<attacherJointConfigurations>
            <attacherJointConfiguration name="$l10n_configuration_valueDefault" price="0" />
			<attacherJointConfiguration name="$l10n_configuration_5thWheel" price="500" >
				<attacherJoint node="5thWheelAttacher" jointType="hAttach" allowsJointLimitMovement="false" allowsLowering="false" lowerRotLimit="20 125 20" enableCollision="false" >
					<schema position="1 0" rotation="0" invertX="false" />
				</attacherJoint>
				<attacherJoint node="5thWheelAttacher" jointType="semitrailer" allowsJointLimitMovement="false" allowsLowering="false" lowerRotLimit="12 125 12" enableCollision="false">
                    <schema position="1 0" rotation="0" invertX="false" />
                </attacherJoint>
				<objectChange node="5thwheel" visibilityActive="true" visibilityInactive="false"/>
				<objectChange node="box" visibilityActive="true" visibilityInactive="false"/>
            </attacherJointConfiguration>
			<attacherJointConfiguration name="$l10n_configuration_ballHitch" price="500" >
				<attacherJoint node="ballHitchJoint" jointType="hAttach" allowsJointLimitMovement="false" allowsLowering="false" lowerRotLimit="20 125 20" enableCollision="false" >
					<schema position="1 0" rotation="0" invertX="false" />
				</attacherJoint>
				<attacherJoint node="ballHitchJoint" jointType="semitrailer" allowsJointLimitMovement="false" allowsLowering="false" lowerRotLimit="12 125 12" enableCollision="false">
                    <schema position="1 0" rotation="0" invertX="false" />
                </attacherJoint>
				<objectChange node="ballHitch" visibilityActive="true" visibilityInactive="false"/>
				<objectChange node="box" visibilityActive="true" visibilityInactive="false"/>
            </attacherJointConfiguration>
        </attacherJointConfigurations>
		<sounds>
            <attach template="ATTACH_01" linkNode="0>" />
            <hydraulic template="DEFAULT_HYDRAULIC_SOUND" linkNode="0>" />
        </sounds>
    </attacherJoints>
    <animations>
        <animation name="backDoor">
            <part node="ramblerBackdoor" startTime="0" endTime="1" startRot="0 0 0" endRot="-90 0 0"/>
        </animation>
		<animation name="moveSupport">
			<part node="leftSupCol"   direction="-1" startTime="0" endTime="1.2" startTrans="0.56 1.132 -0.312" endTrans="1.981 0.079 -0.312" />
			<part node="leftSupCol"   direction="1" startTime="0.01" endTime="0.3" startTrans="0.4 1.132 -0.312" endTrans="1.9811 0.079 -0.312" />
			<part node="leftSupCol"   direction="1" startTime="0.3" endTime="1.2" startTrans="1.9811 0.079 -0.312" endTrans="1.981 0.079 -0.312" />
			<part node="leftSupCol2"   direction="-1" startTime="0" endTime="1.2" startTrans="0.708 1.242 -1.959" endTrans="1.981 0.079 -2.587" />
			<part node="leftSupCol2"   direction="1" startTime="0.01" endTime="0.3" startTrans="0.7081 1.242 -1.959" endTrans="1.9811 0.079 -2.587" />
			<part node="leftSupCol2"   direction="1" startTime="0.3" endTime="1.2" startTrans="1.9811 0.079 -2.587" endTrans="1.981 0.079 -2.587" />
			<part node="rightSupCol"   direction="-1" startTime="0" endTime="1.2" startTrans="-0.56 1.132 -0.312" endTrans="-1.981 0.079 -0.312" />
			<part node="rightSupCol"   direction="1" startTime="0.01" endTime="0.3" startTrans="-0.4 1.132 -0.312" endTrans="-1.9811 0.079 -0.312" />
			<part node="rightSupCol"   direction="1" startTime="0.3" endTime="1.2" startTrans="-1.9811 0.079 -0.312" endTrans="-1.981 0.079 -0.312" />
			<part node="rightSupCol2"   direction="-1" startTime="0" endTime="1.2" startTrans="-0.708 1.242 -1.959" endTrans="-1.981 0.079 -2.587" />
			<part node="rightSupCol2"   direction="1" startTime="0.01" endTime="0.3" startTrans="-0.7081 1.242 -1.959" endTrans="-1.9811 0.079 -2.587" />
			<part node="rightSupCol2"   direction="1" startTime="0.3" endTime="1.2" startTrans="-1.9811 0.079 -2.587" endTrans="-1.981 0.079 -2.587" />
			<part node="stottebukk"  direction="-1" startTime="0" endTime="0.9" visibility="false" />
            <part node="stottebukk"  direction="-1" startTime="0.9" endTime="1.2" visibility="true" />
            <part node="stottebukk"  direction="1" startTime="0" endTime="0.3" visibility="false" />
            <part node="stottebukk"  direction="1" startTime="0.3" endTime="1.2" visibility="true" />
        </animation>
    </animations>

    <foldable>
        <foldingParts>
            <foldingPart animationName="backDoor" speedScale="1" />
        </foldingParts>
    </foldable>

    <cylindered>
        <movingTools>
            <movingTool node="ramblerBackdoor" playSound="true"/>
        </movingTools>
        <sounds>
            <hydraulic template="PICKUP_TRUNK" linkNode="backbed_main_component1"/>
        </sounds>
    </cylindered>
	<configurationSets title="$l10n_configuration_back">
		<configurationSet name="$l10n_configuration_valueDefault">
			<configuration name="fillUnit" index="1" />
			<configuration name="attacherJoint" index="1" />
			<configuration name="tensionBelts" index="2" />
        </configurationSet>
		<configurationSet name="$l10n_configuration_5thWheel">
			<configuration name="fillUnit" index="1" />
			<configuration name="attacherJoint" index="2" />
			<configuration name="tensionBelts" index="1" />
        </configurationSet>
		<configurationSet name="$l10n_configuration_ballHitch">
			<configuration name="fillUnit" index="1" />
			<configuration name="attacherJoint" index="3" />
			<configuration name="tensionBelts" index="1" />
        </configurationSet>
		<configurationSet name="$l10n_configuration_fuelTank">
			<configuration name="fillUnit" index="2" />
			<configuration name="attacherJoint" index="1" />
			<configuration name="tensionBelts" index="1" />
        </configurationSet>
	</configurationSets>
	<fillUnit>
        <fillUnitConfigurations>
            <fillUnitConfiguration name="$l10n_configuration_valueDefault" price="0">
				<fillUnits>
					<fillUnit unit="$l10n_unit_literShort" fillTypes="diesel" capacity="0" />
                </fillUnits>
			</fillUnitConfiguration>
			<fillUnitConfiguration name="$l10n_configuration_fuelTank" price="4000">
                <fillUnits>
                    <fillUnit unit="$l10n_unit_literShort" fillTypes="diesel" capacity="1700" >
						<exactFillRootNode node="exactFillRootNode" />
					</fillUnit>
                </fillUnits>
				<objectChange node="fuelTank" visibilityActive="true" visibilityInactive="false" />
				<objectChange node="fuelTankCol" compoundChildActive="true" compoundChildInactive="false" />
            </fillUnitConfiguration>
        </fillUnitConfigurations>
    </fillUnit>
    <fillTriggerVehicle triggerNode="fuelTrigger" fillUnitIndex="1" litersPerSecond="50"/>
	<trailer>
        <trailerConfigurations title="$l10n_title_lightColors">
			<trailerConfiguration name="$l10n_color_RED" price="0">
				<objectChange node="raptorBedLightRingsRed" visibilityActive="true" visibilityInactive="false" />
            </trailerConfiguration>
			<trailerConfiguration name="$l10n_color_BLUE" price="0">
				<objectChange node="raptorBedLightRingsBlue" visibilityActive="true" visibilityInactive="false" />
            </trailerConfiguration>
			<trailerConfiguration name="$l10n_color_GREEN" price="0">
				<objectChange node="raptorBedLightRingsGreen" visibilityActive="true" visibilityInactive="false" />
            </trailerConfiguration>
			<trailerConfiguration name="$l10n_color_ORANGE" price="0">
				<objectChange node="raptorBedLightRingsOrange" visibilityActive="true" visibilityInactive="false" />
            </trailerConfiguration>
			<trailerConfiguration name="$l10n_color_PINK" price="0">
				<objectChange node="raptorBedLightRingsPink" visibilityActive="true" visibilityInactive="false" />
            </trailerConfiguration>
			<trailerConfiguration name="$l10n_color_PURPLE" price="0">
				<objectChange node="raptorBedLightRingsPurple" visibilityActive="true" visibilityInactive="false" />
            </trailerConfiguration>
			<trailerConfiguration name="$l10n_color_WHITE" price="0">
				<objectChange node="raptorBedLightRingsWhite" visibilityActive="true" visibilityInactive="false" />
            </trailerConfiguration>
			<trailerConfiguration name="$l10n_color_YELLOW" price="0">
				<objectChange node="raptorBedLightRingsYellow" visibilityActive="true" visibilityInactive="false" />
            </trailerConfiguration>
		</trailerConfigurations>
	</trailer>
    <tensionBelts>
        <tensionBeltsConfigurations>
			<tensionBeltsConfiguration/>
            <tensionBeltsConfiguration>
                <tensionBelts linkNode="tensionBelts" jointNode="backbed_main_component1" width="0.075" maxEdgeLength="0.1" geometryBias="0.01" ratchetPosition="0.2" defaultOffset="0.1" defaultOffsetSide="0.1" defaultHeight="4" activationTrigger="beltActivationTrigger">
                    <tensionBelt startNode="tensionBeltStart1" endNode="tensionBeltEnd1" offsetLeft="0.2" />
                    <tensionBelt startNode="tensionBeltStart2" endNode="tensionBeltEnd2" />
                    <tensionBelt startNode="tensionBeltStart3" endNode="tensionBeltEnd3" offsetRight="0.2" />
                </tensionBelts>
            </tensionBeltsConfiguration>
        </tensionBeltsConfigurations>
    </tensionBelts>
	<designConfigurations>
        <designConfiguration name="$l10n_configuration_valueDefault" price="0"/>
		<designConfiguration name="$l10n_configuration_fenders" price="300">
			<objectChange node="backbedFenders" visibilityActive="true" visibilityInactive="false"/>
		</designConfiguration>
    </designConfigurations>
	<vehicleTypeConfigurations title="$l10n_title_bars">
		<vehicleTypeConfiguration name="$l10n_ui_no" price="0" vehicleType="raptorBackbedModuleFill"/>
		<vehicleTypeConfiguration name="$l10n_ui_yes" price="100" vehicleType="raptorBackbedModuleFill">
			<objectChange node="bars" visibilityActive="true" visibilityInactive="false" />
		</vehicleTypeConfiguration>
	</vehicleTypeConfigurations>
    <foliageBending>
        <bendingNode minX="-1.358" maxX="1.358" minZ="-1.601" maxZ="1.507" yOffset="0.3" />
    </foliageBending>
    <baseMaterial>
        <material name="raptorBed_mat" baseNode="raptorBedModule">
            <shaderParameter name="colorMat0" value="SHARED_GREY2"/>
            <shaderParameter name="colorMat1" value="SHARED_GREY2"/>
        </material>
		<material name="backbedFender_mat" baseNode="backbedFenders">
            <shaderParameter name="colorMat0" value="SHARED_GREY2"/>
        </material>
		<material name="scarokBackbedExtras_mat" baseNode="box">
            <shaderParameter name="colorMat0" value="SHARED_GREY2"/>
            <shaderParameter name="colorMat1" value="SHARED_BLACK1"/>
        </material>
    </baseMaterial>
    <dischargeable requiresTipOcclusionArea="false" />
    <baseMaterialConfigurations price="1400" useDefaultColors="true" defaultColorIndex="3">
		<baseMaterialConfiguration name="GREY METALLIC" color="SHARED_GREY2" material="27" price="500"/>
		<baseMaterialConfiguration name="KRONE GREEN" color="KRONE_GREEN1" material="0" price="500"/>
		<baseMaterialConfiguration name="KRONE YELLOW" color="KRONE_YELLOW1" material="0" price="500"/>
		<baseMaterialConfiguration name="NEWHOLLAND RED" color="NEWHOLLAND_RED1" material="0" price="500"/>
		<baseMaterialConfiguration name="NEWHOLLAND YELLOW" color="NEWHOLLAND_YELLOW1" material="0" price="500"/>
		<baseMaterialConfiguration name="GREEN METALLIC" color="KRONE_GREEN1" material="27" price="1000"/>
		<baseMaterialConfiguration name="YELLOW METALLIC" color="JOHNDEERE_YELLOW1" material="27" price="1000"/>
		<baseMaterialConfiguration name="ORANGE METALLIC" color="0.5 0.08 0.0046 1" material="27" price="1000"/>
		<baseMaterialConfiguration name="FADED WHITE" color="0.58 0.58 0.58" material="6" price="100"/>
		<baseMaterialConfiguration name="FADED TAN" color="0.921 0.676 0.242" material="6" price="100"/>
		<baseMaterialConfiguration name="FADED BLACK" color="0.026 0.023 0.022" material="6" price="100"/>
		<baseMaterialConfiguration name="FADED RED" color="0.807 0.074 0.06" material="6" price="100"/>
		<baseMaterialConfiguration name="FADED BLUE" color="0.054 0.178 0.991" material="6" price="100"/>
		<baseMaterialConfiguration name="FADED GREEN" color="0.098 0.243 0.068" material="6" price="100"/>
		<baseMaterialConfiguration name="FADED YELLOW" color="0.982 0.815 0.109" material="6" price="100"/>
		<baseMaterialConfiguration name="FADED ORANGE" color="0.902 0.267 0.105" material="6" price="100"/>
		<baseMaterialConfiguration name="DEERE INDUSTRIAL" color="1 0.491 0.027" material="0" price="500"/>
		<baseMaterialConfiguration name="NMC BEAST" color="0.631 0.356 0.004" material="0" price="500"/>
		<baseMaterialConfiguration name="CASE YELLOW" color="0.807 0.296 0.01" material="0" price="500"/>
		<baseMaterialConfiguration name="BROWN" color="SHARED_BROWN1" material="0" price="500"/>
		<baseMaterialConfiguration name="BLUE" color="0 0.109 0.283" material="0" price="500"/>
		<baseMaterialConfiguration name="BLACK CHERRY" color="0.010 0 0 1" material="27" price="1200"/>
		<baseMaterialConfiguration name="GRABBER BLUE" color="0.001 0.254 0.533" material="27" price="1200"/>
		<baseMaterialConfiguration name="GREEN GO" color="0.184 0.491 0.026" material="27" price="1200"/>
		<baseMaterialConfiguration name="PLUM CRAZY" color="0.056 0.004 0.084" material="27" price="1200"/>
		<baseMaterialConfiguration name="ORANGE" color="0.888 0.089 0.037" material="27" price="1200"/>
		<baseMaterialConfiguration name="Carbon Black" color="0.02 0.02 0.02" material="27"/>
		<baseMaterialConfiguration name="Onyx Black" color="0.02 0.02 0.02" material="32"/>
		<baseMaterialConfiguration name="Pacific Blue" color="0 0.067 0.23" material="32"/>
		<baseMaterialConfiguration name="Quicksilver" color="0.9 0.9 0.9" material="27"/>
		<baseMaterialConfiguration name="Red Quartz Tricoat" color="0.26 0 0" material="32"/>
		<baseMaterialConfiguration name="Summit White" color="0.8 0.8 0.8" material="32"/>
		<baseMaterialConfiguration name="SAFETY PINK" color="0.922 0.005 0.246" material="23" price="800"/>
		<baseMaterialConfiguration name="SAFETY RED" color="0.939 0.005 0.003" material="23" price="800"/>
		<baseMaterialConfiguration name="SAFETY BLUE" color="0 0.15 0.939" material="23" price="800"/>
		<baseMaterialConfiguration name="SAFETY GREEN" color="0.045 0.644 0" material="23" price="800"/>
		<baseMaterialConfiguration name="SAFETY YELLOW" color="0.73 0.965 0.001" material="23" price="800"/>
		<baseMaterialConfiguration name="SAFETY ORANGE" color="0.947 0.191 0.001" material="23" price="800"/>
		<baseMaterialConfiguration name="CHARCOAL" color="SHARED_GREY5" material="27" price="1200"/>
		<baseMaterialConfiguration name="LINE X" color="0.016 0.016 0.016" material="25" price="1200"/>
		<baseMaterialConfiguration name="ICONIK BLUE" color="FENDT_VIOLET1" material="27" price="1200"/>
		<baseMaterialConfiguration name="EXLEYS CHOICE" color="0.041 0.245 0.223 1.0" material="27" price="1200"/>
		<baseMaterialConfiguration name="Dark Sky" color="0.07 0.118 0.17" material="27" price="1200"/>
        <material name="raptorBed_mat" shaderParameter="colorMat0" />
        <material name="scarokBackbedExtras_mat" shaderParameter="colorMat0" />
    </baseMaterialConfigurations>
	<designMaterialConfigurations useDefaultColors="true" price="200" defaultColorIndex="3">
		<designMaterialConfiguration name="GREY METALLIC" color="SHARED_GREY2" material="27" price="500"/>
		<designMaterialConfiguration name="KRONE GREEN" color="KRONE_GREEN1" material="0" price="500"/>
		<designMaterialConfiguration name="KRONE YELLOW" color="KRONE_YELLOW1" material="0" price="500"/>
		<designMaterialConfiguration name="NEWHOLLAND RED" color="NEWHOLLAND_RED1" material="0" price="500"/>
		<designMaterialConfiguration name="NEWHOLLAND YELLOW" color="NEWHOLLAND_YELLOW1" material="0" price="500"/>
		<designMaterialConfiguration name="GREEN METALLIC" color="KRONE_GREEN1" material="27" price="1000"/>
		<designMaterialConfiguration name="YELLOW METALLIC" color="JOHNDEERE_YELLOW1" material="27" price="1000"/>
		<designMaterialConfiguration name="ORANGE METALLIC" color="0.5 0.08 0.0046 1" material="27" price="1000"/>
		<designMaterialConfiguration name="FADED WHITE" color="0.58 0.58 0.58" material="6" price="100"/>
		<designMaterialConfiguration name="FADED TAN" color="0.921 0.676 0.242" material="6" price="100"/>
		<designMaterialConfiguration name="FADED BLACK" color="0.026 0.023 0.022" material="6" price="100"/>
		<designMaterialConfiguration name="FADED RED" color="0.807 0.074 0.06" material="6" price="100"/>
		<designMaterialConfiguration name="FADED BLUE" color="0.054 0.178 0.991" material="6" price="100"/>
		<designMaterialConfiguration name="FADED GREEN" color="0.098 0.243 0.068" material="6" price="100"/>
		<designMaterialConfiguration name="FADED YELLOW" color="0.982 0.815 0.109" material="6" price="100"/>
		<designMaterialConfiguration name="FADED ORANGE" color="0.902 0.267 0.105" material="6" price="100"/>
		<designMaterialConfiguration name="DEERE INDUSTRIAL" color="1 0.491 0.027" material="0" price="500"/>
		<designMaterialConfiguration name="NMC BEAST" color="0.631 0.356 0.004" material="0" price="500"/>
		<designMaterialConfiguration name="CASE YELLOW" color="0.807 0.296 0.01" material="0" price="500"/>
		<designMaterialConfiguration name="BROWN" color="SHARED_BROWN1" material="0" price="500"/>
		<designMaterialConfiguration name="BLUE" color="0 0.109 0.283" material="0" price="500"/>
		<designMaterialConfiguration name="BLACK CHERRY" color="0.010 0 0 1" material="27" price="1200"/>
		<designMaterialConfiguration name="GRABBER BLUE" color="0.001 0.254 0.533" material="27" price="1200"/>
		<designMaterialConfiguration name="GREEN GO" color="0.184 0.491 0.026" material="27" price="1200"/>
		<designMaterialConfiguration name="PLUM CRAZY" color="0.056 0.004 0.084" material="27" price="1200"/>
		<designMaterialConfiguration name="ORANGE" color="0.888 0.089 0.037" material="27" price="1200"/>
		<designMaterialConfiguration name="Carbon Black" color="0.02 0.02 0.02" material="27"/>
		<designMaterialConfiguration name="Onyx Black" color="0.02 0.02 0.02" material="32"/>
		<designMaterialConfiguration name="Pacific Blue" color="0 0.067 0.23" material="32"/>
		<designMaterialConfiguration name="Quicksilver" color="0.9 0.9 0.9" material="27"/>
		<designMaterialConfiguration name="Red Quartz Tricoat" color="0.26 0 0" material="32"/>
		<designMaterialConfiguration name="Summit White" color="0.8 0.8 0.8" material="32"/>
		<designMaterialConfiguration name="SAFETY PINK" color="0.922 0.005 0.246" material="23" price="800"/>
		<designMaterialConfiguration name="SAFETY RED" color="0.939 0.005 0.003" material="23" price="800"/>
		<designMaterialConfiguration name="SAFETY BLUE" color="0 0.15 0.939" material="23" price="800"/>
		<designMaterialConfiguration name="SAFETY GREEN" color="0.045 0.644 0" material="23" price="800"/>
		<designMaterialConfiguration name="SAFETY YELLOW" color="0.73 0.965 0.001" material="23" price="800"/>
		<designMaterialConfiguration name="SAFETY ORANGE" color="0.947 0.191 0.001" material="23" price="800"/>
		<designMaterialConfiguration name="CHARCOAL" color="SHARED_GREY5" material="27" price="1200"/>
		<designMaterialConfiguration name="LINE X" color="0.016 0.016 0.016" material="25" price="1200"/>
		<designMaterialConfiguration name="ICONIK BLUE" color="FENDT_VIOLET1" material="27" price="1200"/>
		<designMaterialConfiguration name="EXLEYS CHOICE" color="0.041 0.245 0.223 1.0" material="27" price="1200"/>
		<material name="raptorBed_mat" shaderParameter="colorMat1" />
		<material name="backbedFender_mat" shaderParameter="colorMat0" />
    </designMaterialConfigurations>
    <wearable wearDuration="480" workMultiplier="5" fieldMultiplier="2"/>
    <washable dirtDuration="90" washDuration="1" workMultiplier="3" fieldMultiplier="2"/>

	<i3dMappings>
	  <i3dMapping id="backbed_main_component1" node="0>" />
	  <i3dMapping id="raptorBedModule" node="0>0" />
	  <i3dMapping id="attacherJoints" node="0>0|0" />
	  <i3dMapping id="bedAttacher" node="0>0|0|0" />
	  <i3dMapping id="supports" node="0>0|0|1" />
	  <i3dMapping id="stottebukk" node="0>0|0|1|0" />
	  <i3dMapping id="stottebukkMove_0" node="0>0|0|1|0|0" />
	  <i3dMapping id="stottebukk2" node="0>0|0|1|0|1" />
	  <i3dMapping id="stottebukkMove_1" node="0>0|0|1|0|1|0" />
	  <i3dMapping id="leftSupCol" node="0>0|0|1|1" />
	  <i3dMapping id="bedColPart8_0" node="0>0|0|1|1|0" />
	  <i3dMapping id="rightSupCol" node="0>0|0|1|2" />
	  <i3dMapping id="bedColPart9_0" node="0>0|0|1|2|0" />
	  <i3dMapping id="leftSupCol2" node="0>0|0|1|3" />
	  <i3dMapping id="bedColPart8_1" node="0>0|0|1|3|0" />
	  <i3dMapping id="rightSupCol2" node="0>0|0|1|4" />
	  <i3dMapping id="bedColPart9_1" node="0>0|0|1|4|0" />
	  <i3dMapping id="5thwheel" node="0>0|0|2" />
	  <i3dMapping id="5thWheelAttacher" node="0>0|0|2|0" />
	  <i3dMapping id="ballHitch" node="0>0|0|3" />
	  <i3dMapping id="ballHitchJoint" node="0>0|0|3|0" />
	  <i3dMapping id="lights" node="0>0|1" />
	  <i3dMapping id="reallights" node="0>0|1|0" />
	  <i3dMapping id="backLightsHigh1" node="0>0|1|0|0" />
	  <i3dMapping id="backLightsHigh2" node="0>0|1|0|0|0" />
	  <i3dMapping id="turnLightLeftBack" node="0>0|1|0|1" />
	  <i3dMapping id="turnLightRightBack" node="0>0|1|0|2" />
	  <i3dMapping id="reverseLight" node="0>0|1|0|3" />
	  <i3dMapping id="static" node="0>0|1|1" />
	  <i3dMapping id="raptorBedLightsBrake" node="0>0|1|1|0" />
	  <i3dMapping id="raptorBedLightsReverse" node="0>0|1|1|1" />
	  <i3dMapping id="raptorBedLightsBlinkLeft" node="0>0|1|1|2" />
	  <i3dMapping id="raptorBedLightsBlinkRight" node="0>0|1|1|3" />
	  <i3dMapping id="raptorBedLightRingsBlue" node="0>0|1|1|4|0" />
	  <i3dMapping id="raptorBedLightRingsGreen" node="0>0|1|1|4|1" />
	  <i3dMapping id="raptorBedLightRingsOrange" node="0>0|1|1|4|2" />
	  <i3dMapping id="raptorBedLightRingsPink" node="0>0|1|1|4|3" />
	  <i3dMapping id="raptorBedLightRingsPurple" node="0>0|1|1|4|4" />
	  <i3dMapping id="raptorBedLightRingsRed" node="0>0|1|1|4|5" />
	  <i3dMapping id="raptorBedLightRingsWhite" node="0>0|1|1|4|6" />
	  <i3dMapping id="raptorBedLightRingsYellow" node="0>0|1|1|4|7" />
	  <i3dMapping id="tensionBelts" node="0>0|2" />
	  <i3dMapping id="tensionBeltStart1" node="0>0|2|0" />
	  <i3dMapping id="tensionBeltEnd1" node="0>0|2|0|0" />
	  <i3dMapping id="tensionBeltStart2" node="0>0|2|1" />
	  <i3dMapping id="tensionBeltEnd2" node="0>0|2|1|0" />
	  <i3dMapping id="tensionBeltStart3" node="0>0|2|2" />
	  <i3dMapping id="tensionBeltEnd3" node="0>0|2|2|0" />
	  <i3dMapping id="beltActivationTrigger" node="0>0|2|3" />
	  <i3dMapping id="movingParts" node="0>0|3" />
	  <i3dMapping id="ramblerBackdoor" node="0>0|3|0" />
	  <i3dMapping id="bedColPart5" node="0>0|3|0|0" />
	  <i3dMapping id="configs" node="0>0|4" />
	  <i3dMapping id="backbedFenders" node="0>0|4|0" />
	  <i3dMapping id="box" node="0>0|4|1" />
	  <i3dMapping id="bars" node="0>0|4|2" />
	  <i3dMapping id="fuelTank" node="0>0|4|3" />
	  <i3dMapping id="fuelTrigger" node="0>0|4|3|0" />
	  <i3dMapping id="fuelTankCol" node="0>0|4|3|1" />
	  <i3dMapping id="exactFillRootNode" node="0>0|4|3|2" />
	</i3dMappings>
</vehicle>
