﻿<?xml version="1.0" encoding="utf-8" standalone="no" ?>
<vehicle type="carFillable">
    <annotation>Copyright (C) GIANTS Software GmbH, All Rights Reserved.</annotation>
    <storeData>
        <name>Raptor 3500</name>
        <specs>
            <power>300</power>
            <maxSpeed>120</maxSpeed>
        </specs>
        <functions>
            <function>$l10n_function_car</function>
        </functions>
        <image>store/store_raptor2500.dds</image>
        <price>37000</price>
        <lifetime>600</lifetime>
        <rotation>0</rotation>
        <brand>NMC</brand>
        <category>cars</category>
        <shopTranslationOffset>0 0.04 0</shopTranslationOffset>
        <vertexBufferMemoryUsage>3185136</vertexBufferMemoryUsage>
        <indexBufferMemoryUsage>667662</indexBufferMemoryUsage>
        <textureMemoryUsage>11185360</textureMemoryUsage>
        <instanceVertexBufferMemoryUsage>0</instanceVertexBufferMemoryUsage>
        <instanceIndexBufferMemoryUsage>0</instanceIndexBufferMemoryUsage>
    </storeData>
    <base>
        <typeDesc>$l10n_typeDesc_car</typeDesc>
        <filename>raptor2500_3500.i3d</filename>
        <size width="3" length="7"/>
        <components count="1">
            <component centerOfMass="0 1 0.2" solverIterationCount="10" mass="3500" />
        </components>
        <schemaOverlay attacherJointPosition="0 0">
            <default name="DEFAULT_VEHICLE"/>
            <selected name="DEFAULT_VEHICLE_SELECTED"/>
        </schemaOverlay>
    </base>
    <wheels>
        <wheelConfigurations>
             <wheelConfiguration name="$l10n_configuration_rim1" price="0" brand="STANDARD">
                <wheels autoRotateBackSpeed="2.5">
					<wheel filename="wheels/pickupWheels.xml" configId="1" isLeft="true" hasParticles="true" hasTireTracks="true">
						<physics rotSpeed="1" restLoad="0.5" repr="axisFrontLeft" driveNode="wheelFrontLeft" forcePointRatio="0.5" initialCompression="25" suspTravel="0.15" spring="20" damper="13" />
                    </wheel>
                    <wheel filename="wheels/pickupWheels.xml" configId="1" isLeft="false" hasParticles="true" hasTireTracks="true">
						<physics rotSpeed="1" restLoad="0.5" repr="axisFrontRight" driveNode="wheelFrontRight" forcePointRatio="0.5" initialCompression="25" suspTravel="0.15" spring="20" damper="13" />
                    </wheel>
                    <wheel filename="wheels/pickupWheels.xml" configId="1" isLeft="true" hasParticles="true" hasTireTracks="true">
						<physics rotSpeed="0" restLoad="0.7" repr="wheelBackLeft" forcePointRatio="0.5" initialCompression="25" suspTravel="0.1" spring="30" damper="10" />
                    </wheel>
                    <wheel filename="wheels/pickupWheels.xml" configId="1" isLeft="false" hasParticles="true" hasTireTracks="true">
						<physics rotSpeed="0" restLoad="0.7" repr="wheelBackRight" forcePointRatio="0.5" initialCompression="25" suspTravel="0.1" spring="30" damper="10" />
                    </wheel>
                </wheels>
				<objectChange node="axisTrans" translationActive="0 0.265 0" translationInactive="0 0 0" />
				<objectChange node="standardChassis" visibilityActive="true" visibilityInactive="false" />
            </wheelConfiguration>
			<wheelConfiguration name="$l10n_configuration_rim2" price="600" brand="STANDARD">
                <wheels autoRotateBackSpeed="2.5">
					<wheel filename="wheels/pickupWheels.xml" configId="2" isLeft="true" hasParticles="true" hasTireTracks="true">
						<physics rotSpeed="1" restLoad="0.5" repr="axisFrontLeft" driveNode="wheelFrontLeft" forcePointRatio="0.5" initialCompression="25" suspTravel="0.15" spring="20" damper="13" />
                    </wheel>
                    <wheel filename="wheels/pickupWheels.xml" configId="2" isLeft="false" hasParticles="true" hasTireTracks="true">
						<physics rotSpeed="1" restLoad="0.5" repr="axisFrontRight" driveNode="wheelFrontRight" forcePointRatio="0.5" initialCompression="25" suspTravel="0.15" spring="20" damper="13" />
                    </wheel>
                    <wheel filename="wheels/pickupWheels.xml" configId="2" isLeft="true" hasParticles="true" hasTireTracks="true">
						<physics rotSpeed="0" restLoad="0.7" repr="wheelBackLeft" forcePointRatio="0.5" initialCompression="25" suspTravel="0.1" spring="30" damper="10" />
                    </wheel>
                    <wheel filename="wheels/pickupWheels.xml" configId="2" isLeft="false" hasParticles="true" hasTireTracks="true">
						<physics rotSpeed="0" restLoad="0.7" repr="wheelBackRight" forcePointRatio="0.5" initialCompression="25" suspTravel="0.1" spring="30" damper="10" />
                    </wheel>
                </wheels>
				<objectChange node="axisTrans" translationActive="0 0.265 0" translationInactive="0 0 0" />
				<objectChange node="standardChassis" visibilityActive="true" visibilityInactive="false" />
            </wheelConfiguration>
			<wheelConfiguration name="$l10n_configuration_rim3" price="600" brand="STANDARD">
                <wheels autoRotateBackSpeed="2.5">
					<wheel filename="wheels/pickupWheels.xml" configId="3" isLeft="true" hasParticles="true" hasTireTracks="true">
						<physics rotSpeed="1" restLoad="0.5" repr="axisFrontLeft" driveNode="wheelFrontLeft" forcePointRatio="0.5" initialCompression="25" suspTravel="0.15" spring="20" damper="13" />
                    </wheel>
                    <wheel filename="wheels/pickupWheels.xml" configId="3" isLeft="false" hasParticles="true" hasTireTracks="true">
						<physics rotSpeed="1" restLoad="0.5" repr="axisFrontRight" driveNode="wheelFrontRight" forcePointRatio="0.5" initialCompression="25" suspTravel="0.15" spring="20" damper="13" />
                    </wheel>
                    <wheel filename="wheels/pickupWheels.xml" configId="3" isLeft="true" hasParticles="true" hasTireTracks="true">
						<physics rotSpeed="0" restLoad="0.7" repr="wheelBackLeft" forcePointRatio="0.5" initialCompression="25" suspTravel="0.1" spring="30" damper="10" />
                    </wheel>
                    <wheel filename="wheels/pickupWheels.xml" configId="3" isLeft="false" hasParticles="true" hasTireTracks="true">
						<physics rotSpeed="0" restLoad="0.7" repr="wheelBackRight" forcePointRatio="0.5" initialCompression="25" suspTravel="0.1" spring="30" damper="10" />
                    </wheel>
                </wheels>
				<objectChange node="axisTrans" translationActive="0 0.265 0" translationInactive="0 0 0" />
				<objectChange node="standardChassis" visibilityActive="true" visibilityInactive="false" />
            </wheelConfiguration>
			<wheelConfiguration name="$l10n_configuration_rim1Dual" price="4000" brand="STANDARD">
                <wheels autoRotateBackSpeed="2.5">
					<wheel filename="wheels/pickupWheels.xml" configId="dual1" isLeft="true" hasParticles="true" hasTireTracks="true">
						<physics rotSpeed="1" restLoad="0.5" repr="axisFrontLeft" driveNode="wheelFrontLeft" forcePointRatio="0.5" initialCompression="25" suspTravel="0.15" spring="20" damper="13" />
                    </wheel>
                    <wheel filename="wheels/pickupWheels.xml" configId="dual1" isLeft="false" hasParticles="true" hasTireTracks="true">
						<physics rotSpeed="1" restLoad="0.5" repr="axisFrontRight" driveNode="wheelFrontRight" forcePointRatio="0.5" initialCompression="25" suspTravel="0.15" spring="20" damper="13" />
                    </wheel>
                    <wheel filename="wheels/pickupWheels.xml" configId="dual" isLeft="true" hasParticles="true" hasTireTracks="true">
						<physics rotSpeed="0" restLoad="0.7" repr="wheelBackLeft" width="0.599394" mass="0.16" forcePointRatio="0.5" initialCompression="25" suspTravel="0.1" spring="30" damper="16" />
						<additionalWheel filename="wheels/pickupWheels.xml" configId="dual" isLeft="true" offset="-0.18" />
                    </wheel>
                    <wheel filename="wheels/pickupWheels.xml" configId="dual" isLeft="false" hasParticles="true" hasTireTracks="true">
						<physics rotSpeed="0" restLoad="0.7" repr="wheelBackRight" width="0.599394" mass="0.16" forcePointRatio="0.5" initialCompression="25" suspTravel="0.1" spring="30" damper="16" />
						<additionalWheel filename="wheels/pickupWheels.xml" configId="dual" isLeft="false" offset="-0.18" />
                    </wheel>
                </wheels>
				<objectChange node="axisTrans" translationActive="0 0.265 0" translationInactive="0 0 0" />
				<objectChange node="standardChassis" visibilityActive="true" visibilityInactive="false" />
            </wheelConfiguration>
			<wheelConfiguration name="$l10n_configuration_rim1Wide" price="0" brand="STANDARD">
                <wheels autoRotateBackSpeed="2.5">
					<wheel filename="wheels/pickupWheels.xml" configId="1" isLeft="true" hasParticles="true" hasTireTracks="true">
						<physics rotSpeed="1" restLoad="0.5" repr="axisFrontLeft" driveNode="wheelFrontLeft" forcePointRatio="0.5" width="0.45" initialCompression="25" suspTravel="0.15" spring="20" damper="13" />
                    </wheel>
                    <wheel filename="wheels/pickupWheels.xml" configId="1" isLeft="false" hasParticles="true" hasTireTracks="true">
						<physics rotSpeed="1" restLoad="0.5" repr="axisFrontRight" driveNode="wheelFrontRight" forcePointRatio="0.5" width="0.45" initialCompression="25" suspTravel="0.15" spring="20" damper="13" />
                    </wheel>
                    <wheel filename="wheels/pickupWheels.xml" configId="1" isLeft="true" hasParticles="true" hasTireTracks="true">
						<physics rotSpeed="0" restLoad="0.7" repr="wheelBackLeft" forcePointRatio="0.5" initialCompression="25" width="0.45" suspTravel="0.1" spring="30" damper="10" />
                    </wheel>
                    <wheel filename="wheels/pickupWheels.xml" configId="1" isLeft="false" hasParticles="true" hasTireTracks="true">
						<physics rotSpeed="0" restLoad="0.7" repr="wheelBackRight" forcePointRatio="0.5" initialCompression="25" width="0.45" suspTravel="0.1" spring="30" damper="10" />
                    </wheel>
                </wheels>
				<objectChange node="axisTrans" translationActive="0 0.265 0" translationInactive="0 0 0" />
				<objectChange node="standardChassis" visibilityActive="true" visibilityInactive="false" />
				<objectChange node="wheelFrontLeft" scaleActive="1.4 1 1" scaleInactive="1 1 1" />
				<objectChange node="wheelFrontRight" scaleActive="1.4 1 1" scaleInactive="1 1 1" />
				<objectChange node="wheelBackLeft" scaleActive="1.4 1 1" scaleInactive="1 1 1" />
				<objectChange node="wheelBackRight" scaleActive="1.4 1 1" scaleInactive="1 1 1" />
            </wheelConfiguration>
			<wheelConfiguration name="$l10n_configuration_rim2Wide" price="600" brand="STANDARD">
                <wheels autoRotateBackSpeed="2.5">
					<wheel filename="wheels/pickupWheels.xml" configId="2" isLeft="true" hasParticles="true" hasTireTracks="true">
						<physics rotSpeed="1" restLoad="0.5" repr="axisFrontLeft" driveNode="wheelFrontLeft" width="0.45" forcePointRatio="0.5" initialCompression="25" suspTravel="0.15" spring="20" damper="13" />
                    </wheel>
                    <wheel filename="wheels/pickupWheels.xml" configId="2" isLeft="false" hasParticles="true" hasTireTracks="true">
						<physics rotSpeed="1" restLoad="0.5" repr="axisFrontRight" driveNode="wheelFrontRight" width="0.45" forcePointRatio="0.5" initialCompression="25" suspTravel="0.15" spring="20" damper="13" />
                    </wheel>
                    <wheel filename="wheels/pickupWheels.xml" configId="2" isLeft="true" hasParticles="true" hasTireTracks="true">
						<physics rotSpeed="0" restLoad="0.7" repr="wheelBackLeft" forcePointRatio="0.5" width="0.45" initialCompression="25" suspTravel="0.1" spring="30" damper="10" />
                    </wheel>
                    <wheel filename="wheels/pickupWheels.xml" configId="2" isLeft="false" hasParticles="true" hasTireTracks="true">
						<physics rotSpeed="0" restLoad="0.7" repr="wheelBackRight" forcePointRatio="0.5" width="0.45" initialCompression="25" suspTravel="0.1" spring="30" damper="10" />
                    </wheel>
                </wheels>
				<objectChange node="axisTrans" translationActive="0 0.265 0" translationInactive="0 0 0" />
				<objectChange node="standardChassis" visibilityActive="true" visibilityInactive="false" />
				<objectChange node="wheelFrontLeft" scaleActive="1.4 1 1" scaleInactive="1 1 1" />
				<objectChange node="wheelFrontRight" scaleActive="1.4 1 1" scaleInactive="1 1 1" />
				<objectChange node="wheelBackLeft" scaleActive="1.4 1 1" scaleInactive="1 1 1" />
				<objectChange node="wheelBackRight" scaleActive="1.4 1 1" scaleInactive="1 1 1" />
            </wheelConfiguration>
			<wheelConfiguration name="$l10n_configuration_rim3Wide" price="600" brand="STANDARD">
                <wheels autoRotateBackSpeed="2.5">
					<wheel filename="wheels/pickupWheels.xml" configId="3" isLeft="true" hasParticles="true" hasTireTracks="true">
						<physics rotSpeed="1" restLoad="0.5" repr="axisFrontLeft" driveNode="wheelFrontLeft" width="0.45" forcePointRatio="0.5" initialCompression="25" suspTravel="0.15" spring="20" damper="13" />
                    </wheel>
                    <wheel filename="wheels/pickupWheels.xml" configId="3" isLeft="false" hasParticles="true" hasTireTracks="true">
						<physics rotSpeed="1" restLoad="0.5" repr="axisFrontRight" driveNode="wheelFrontRight" width="0.45" forcePointRatio="0.5" initialCompression="25" suspTravel="0.15" spring="20" damper="13" />
                    </wheel>
                    <wheel filename="wheels/pickupWheels.xml" configId="3" isLeft="true" hasParticles="true" hasTireTracks="true">
						<physics rotSpeed="0" restLoad="0.7" repr="wheelBackLeft" forcePointRatio="0.5" width="0.45" initialCompression="25" suspTravel="0.1" spring="30" damper="10" />
                    </wheel>
                    <wheel filename="wheels/pickupWheels.xml" configId="3" isLeft="false" hasParticles="true" hasTireTracks="true">
						<physics rotSpeed="0" restLoad="0.7" repr="wheelBackRight" forcePointRatio="0.5" width="0.45" initialCompression="25" suspTravel="0.1" spring="30" damper="10" />
                    </wheel>
                </wheels>
				<objectChange node="axisTrans" translationActive="0 0.265 0" translationInactive="0 0 0" />
				<objectChange node="standardChassis" visibilityActive="true" visibilityInactive="false" />
				<objectChange node="wheelFrontLeft" scaleActive="1.4 1 1" scaleInactive="1 1 1" />
				<objectChange node="wheelFrontRight" scaleActive="1.4 1 1" scaleInactive="1 1 1" />
				<objectChange node="wheelBackLeft" scaleActive="1.4 1 1" scaleInactive="1 1 1" />
				<objectChange node="wheelBackRight" scaleActive="1.4 1 1" scaleInactive="1 1 1" />
            </wheelConfiguration>
			<wheelConfiguration name="$l10n_configuration_streetWheels" price="1000" brand="STANDARD">
                <wheels autoRotateBackSpeed="2.5">
					<wheel filename="wheels/truckWheel.xml" configId="truck1" isLeft="true" hasParticles="true" hasTireTracks="true">
						<physics rotSpeed="1" restLoad="0.5" repr="axisFrontLeft" driveNode="wheelFrontLeft" radius="0.46" width="0.3" forcePointRatio="0.5" initialCompression="25" suspTravel="0.19" spring="40" damper="30" />
                    </wheel>
                    <wheel filename="wheels/truckWheel.xml" configId="truck1" isLeft="false" hasParticles="true" hasTireTracks="true">
						<physics rotSpeed="1" restLoad="0.5" repr="axisFrontRight" driveNode="wheelFrontRight" radius="0.46" width="0.3" forcePointRatio="0.5" initialCompression="25" suspTravel="0.19" spring="40" damper="30" />
                    </wheel>
                    <wheel filename="wheels/truckWheel.xml" configId="truck1" isLeft="true" hasParticles="true" hasTireTracks="true">
						<physics rotSpeed="0" restLoad="0.7" repr="wheelBackLeft" forcePointRatio="0.5" radius="0.46" width="0.3" initialCompression="25" suspTravel="0.14" spring="50" damper="30" />
                    </wheel>
                    <wheel filename="wheels/truckWheel.xml" configId="truck1" isLeft="false" hasParticles="true" hasTireTracks="true">
						<physics rotSpeed="0" restLoad="0.7" repr="wheelBackRight" forcePointRatio="0.5" radius="0.46" width="0.3" initialCompression="25" suspTravel="0.14" spring="50" damper="30" />
                    </wheel>
                </wheels>
				<objectChange node="axisTrans" translationActive="0 0.265 0" translationInactive="0 0 0" />
				<objectChange node="standardChassis" visibilityActive="true" visibilityInactive="false" />
				<objectChange node="wheelFrontLeft" scaleActive="0.8 0.8 0.8" scaleInactive="1 1 1" />
				<objectChange node="wheelFrontRight" scaleActive="0.8 0.8 0.8" scaleInactive="1 1 1" />
				<objectChange node="wheelBackLeft" scaleActive="0.8 0.8 0.8" scaleInactive="1 1 1" />
				<objectChange node="wheelBackRight" scaleActive="0.8 0.8 0.8" scaleInactive="1 1 1" />
            </wheelConfiguration>
			<wheelConfiguration name="$l10n_configuration_streetWheelsDual" price="5500" brand="STANDARD">
                <wheels autoRotateBackSpeed="2.5">
                    <wheel filename="$data/shared/wheels/lizard/implement/315_80R22_5.xml" configId="truck1" isLeft="true" hasTireTracks="true" hasParticles="true" >
                        <physics rotSpeed="1"  restLoad="1.9" repr="axisFrontLeft"  driveNode="wheelFrontLeft" radius="0.46" width="0.3" forcePointRatio="0.5" initialCompression="25" suspTravel="0.19" spring="40" damper="30" frictionScale="3" />
                    </wheel>
                    <wheel filename="$data/shared/wheels/lizard/implement/315_80R22_5.xml" configId="truck1" isLeft="false" hasTireTracks="true" hasParticles="true" >
                        <physics rotSpeed="1"  restLoad="1.9" repr="axisFrontRight" driveNode="wheelFrontRight" radius="0.46" width="0.3" forcePointRatio="0.5" initialCompression="25" suspTravel="0.19" spring="40" damper="30" frictionScale="3" />
                    </wheel>
                    <wheel filename="$data/shared/wheels/lizard/implement/315_80R22_5.xml" configId="truck2" isLeft="true" hasTireTracks="true" hasParticles="true" >
                        <physics rotSpeed="0"  restLoad="2.3" repr="wheelBackLeft"  forcePointRatio="0.5" radius="0.46" width="0.1" initialCompression="25" suspTravel="0.14" spring="50" damper="30" frictionScale="3" />
                        <additionalWheel filename="$data/shared/wheels/lizard/implement/315_80R22_5.xml" configId="truck2" isLeft="true" offset="0.05" />
                    </wheel>
                    <wheel filename="$data/shared/wheels/lizard/implement/315_80R22_5.xml" configId="truck2" isLeft="true" hasTireTracks="true" hasParticles="true" >
                        <physics rotSpeed="0"  restLoad="2.3" repr="wheelBackRight" forcePointRatio="0.5" radius="0.46" width="0.1" initialCompression="25" suspTravel="0.14" spring="50" damper="30" frictionScale="3" />
                        <additionalWheel filename="$data/shared/wheels/lizard/implement/315_80R22_5.xml" configId="truck2" isLeft="false" offset="0.05" />
                    </wheel>
                </wheels>
				<objectChange node="axisTrans" translationActive="0 0.265 0" translationInactive="0 0 0" />
				<objectChange node="standardChassis" visibilityActive="true" visibilityInactive="false" />
				<objectChange node="wheelFrontLeft" scaleActive="0.8 0.8 0.8" scaleInactive="1 1 1" />
				<objectChange node="wheelFrontRight" scaleActive="0.8 0.8 0.8" scaleInactive="1 1 1" />
				<objectChange node="wheelBackLeft" scaleActive="0.8 0.8 0.8" scaleInactive="1 1 1" />
				<objectChange node="wheelBackRight" scaleActive="0.8 0.8 0.8" scaleInactive="1 1 1" />
            </wheelConfiguration>
			<wheelConfiguration name="$l10n_configuration_rim1" price="1000" brand="LIFTED">
                <wheels autoRotateBackSpeed="2.5">
					<wheel filename="wheels/pickupWheels.xml" configId="1" isLeft="true" hasParticles="true" hasTireTracks="true">
						<physics rotSpeed="1" restLoad="0.5" repr="axisFrontLeft" driveNode="wheelFrontLeft" forcePointRatio="0.5" initialCompression="25" suspTravel="0.3" spring="20" damper="7" />
                    </wheel>
                    <wheel filename="wheels/pickupWheels.xml" configId="1" isLeft="false" hasParticles="true" hasTireTracks="true">
						<physics rotSpeed="1" restLoad="0.5" repr="axisFrontRight" driveNode="wheelFrontRight" forcePointRatio="0.5" initialCompression="25" suspTravel="0.3" spring="20" damper="7" />
                    </wheel>
                    <wheel filename="wheels/pickupWheels.xml" configId="1" isLeft="true" hasParticles="true" hasTireTracks="true">
						<physics rotSpeed="0" restLoad="0.7" repr="wheelBackLeft" forcePointRatio="0.5" initialCompression="25" suspTravel="0.3" spring="30" damper="10" />
                    </wheel>
                    <wheel filename="wheels/pickupWheels.xml" configId="1" isLeft="false" hasParticles="true" hasTireTracks="true">
						<physics rotSpeed="0" restLoad="0.7" repr="wheelBackRight" forcePointRatio="0.5" initialCompression="25" suspTravel="0.3" spring="30" damper="10" />
                    </wheel>
                </wheels>
				<objectChange node="liftedChassis" visibilityActive="true" visibilityInactive="false" />
            </wheelConfiguration>
			<wheelConfiguration name="$l10n_configuration_rim2" price="1600" brand="LIFTED">
                <wheels autoRotateBackSpeed="2.5">
					<wheel filename="wheels/pickupWheels.xml" configId="2" isLeft="true" hasParticles="true" hasTireTracks="true">
						<physics rotSpeed="1" restLoad="0.5" repr="axisFrontLeft" driveNode="wheelFrontLeft" forcePointRatio="0.5" initialCompression="25" suspTravel="0.3" spring="20" damper="7" />
                    </wheel>
                    <wheel filename="wheels/pickupWheels.xml" configId="2" isLeft="false" hasParticles="true" hasTireTracks="true">
						<physics rotSpeed="1" restLoad="0.5" repr="axisFrontRight" driveNode="wheelFrontRight" forcePointRatio="0.5" initialCompression="25" suspTravel="0.3" spring="20" damper="7" />
                    </wheel>
                    <wheel filename="wheels/pickupWheels.xml" configId="2" isLeft="true" hasParticles="true" hasTireTracks="true">
						<physics rotSpeed="0" restLoad="0.7" repr="wheelBackLeft" forcePointRatio="0.5" initialCompression="25" suspTravel="0.3" spring="30" damper="10" />
                    </wheel>
                    <wheel filename="wheels/pickupWheels.xml" configId="2" isLeft="false" hasParticles="true" hasTireTracks="true">
						<physics rotSpeed="0" restLoad="0.7" repr="wheelBackRight" forcePointRatio="0.5" initialCompression="25" suspTravel="0.3" spring="30" damper="10" />
                    </wheel>
                </wheels>
				<objectChange node="liftedChassis" visibilityActive="true" visibilityInactive="false" />
            </wheelConfiguration>
			<wheelConfiguration name="$l10n_configuration_rim3" price="1600" brand="LIFTED">
                <wheels autoRotateBackSpeed="2.5">
					<wheel filename="wheels/pickupWheels.xml" configId="3" isLeft="true" hasParticles="true" hasTireTracks="true">
						<physics rotSpeed="1" restLoad="0.5" repr="axisFrontLeft" driveNode="wheelFrontLeft" forcePointRatio="0.5" initialCompression="25" suspTravel="0.3" spring="20" damper="7" />
                    </wheel>
                    <wheel filename="wheels/pickupWheels.xml" configId="3" isLeft="false" hasParticles="true" hasTireTracks="true">
						<physics rotSpeed="1" restLoad="0.5" repr="axisFrontRight" driveNode="wheelFrontRight" forcePointRatio="0.5" initialCompression="25" suspTravel="0.3" spring="20" damper="7" />
                    </wheel>
                    <wheel filename="wheels/pickupWheels.xml" configId="3" isLeft="true" hasParticles="true" hasTireTracks="true">
						<physics rotSpeed="0" restLoad="0.7" repr="wheelBackLeft" forcePointRatio="0.5" initialCompression="25" suspTravel="0.3" spring="30" damper="10" />
                    </wheel>
                    <wheel filename="wheels/pickupWheels.xml" configId="3" isLeft="false" hasParticles="true" hasTireTracks="true">
						<physics rotSpeed="0" restLoad="0.7" repr="wheelBackRight" forcePointRatio="0.5" initialCompression="25" suspTravel="0.3" spring="30" damper="10" />
                    </wheel>
                </wheels>
				<objectChange node="liftedChassis" visibilityActive="true" visibilityInactive="false" />
            </wheelConfiguration>
			<wheelConfiguration name="$l10n_configuration_rim1Dual" price="4000" brand="LIFTED">
                <wheels autoRotateBackSpeed="2.5">
					<wheel filename="wheels/pickupWheels.xml" configId="dual1" isLeft="true" hasParticles="true" hasTireTracks="true">
						<physics rotSpeed="1" restLoad="0.5" repr="axisFrontLeft" driveNode="wheelFrontLeft" forcePointRatio="0.5" initialCompression="25" suspTravel="0.2" spring="10" damper="4" />
                    </wheel>
                    <wheel filename="wheels/pickupWheels.xml" configId="dual1" isLeft="false" hasParticles="true" hasTireTracks="true">
						<physics rotSpeed="1" restLoad="0.5" repr="axisFrontRight" driveNode="wheelFrontRight" forcePointRatio="0.5" initialCompression="25" suspTravel="0.2" spring="10" damper="4" />
                    </wheel>
                    <wheel filename="wheels/pickupWheels.xml" configId="dual" isLeft="true" hasParticles="true" hasTireTracks="true">
						<physics rotSpeed="0" restLoad="0.7" repr="wheelBackLeft" width="0.599394" mass="0.16" forcePointRatio="0.5" initialCompression="25" suspTravel="0.2" spring="30" damper="16" />
						<additionalWheel filename="wheels/pickupWheels.xml" configId="dual" isLeft="true" offset="-0.18" />
                    </wheel>
                    <wheel filename="wheels/pickupWheels.xml" configId="dual" isLeft="false" hasParticles="true" hasTireTracks="true">
						<physics rotSpeed="0" restLoad="0.7" repr="wheelBackRight" width="0.599394" mass="0.16" forcePointRatio="0.5" initialCompression="25" suspTravel="0.2" spring="30" damper="16" />
						<additionalWheel filename="wheels/pickupWheels.xml" configId="dual" isLeft="false" offset="-0.18" />
                    </wheel>
                </wheels>
				<objectChange node="liftedChassis" visibilityActive="true" visibilityInactive="false" />
            </wheelConfiguration>
			<wheelConfiguration name="$l10n_configuration_rim1Wide" price="1000" brand="LIFTED">
                <wheels autoRotateBackSpeed="2.5">
					<wheel filename="wheels/pickupWheels.xml" configId="1" isLeft="true" hasParticles="true" hasTireTracks="true">
						<physics rotSpeed="1" restLoad="0.5" repr="axisFrontLeft" driveNode="wheelFrontLeft" forcePointRatio="0.5" width="0.45" initialCompression="25" suspTravel="0.5" spring="11" damper="5" />
                    </wheel>
                    <wheel filename="wheels/pickupWheels.xml" configId="1" isLeft="false" hasParticles="true" hasTireTracks="true">
						<physics rotSpeed="1" restLoad="0.5" repr="axisFrontRight" driveNode="wheelFrontRight" forcePointRatio="0.5" width="0.45" initialCompression="25" suspTravel="0.5" spring="11" damper="5" />
                    </wheel>
                    <wheel filename="wheels/pickupWheels.xml" configId="1" isLeft="true" hasParticles="true" hasTireTracks="true">
						<physics rotSpeed="0" restLoad="0.7" repr="wheelBackLeft" forcePointRatio="0.5" initialCompression="25" width="0.45" suspTravel="0.5" spring="20" damper="10" />
                    </wheel>
                    <wheel filename="wheels/pickupWheels.xml" configId="1" isLeft="false" hasParticles="true" hasTireTracks="true">
						<physics rotSpeed="0" restLoad="0.7" repr="wheelBackRight" forcePointRatio="0.5" initialCompression="25" width="0.45" suspTravel="0.5" spring="20" damper="10" />
                    </wheel>
                </wheels>
				<objectChange node="liftedChassis" visibilityActive="true" visibilityInactive="false" />
				<objectChange node="wheelFrontLeft" scaleActive="1.4 1 1" scaleInactive="1 1 1" />
				<objectChange node="wheelFrontRight" scaleActive="1.4 1 1" scaleInactive="1 1 1" />
				<objectChange node="wheelBackLeft" scaleActive="1.4 1 1" scaleInactive="1 1 1" />
				<objectChange node="wheelBackRight" scaleActive="1.4 1 1" scaleInactive="1 1 1" />
            </wheelConfiguration>
			<wheelConfiguration name="$l10n_configuration_rim2Wide" price="1600" brand="LIFTED">
                <wheels autoRotateBackSpeed="2.5">
					<wheel filename="wheels/pickupWheels.xml" configId="2" isLeft="true" hasParticles="true" hasTireTracks="true">
						<physics rotSpeed="1" restLoad="0.5" repr="axisFrontLeft" driveNode="wheelFrontLeft" forcePointRatio="0.5" width="0.45" initialCompression="25" suspTravel="0.5" spring="11" damper="5" />
                    </wheel>
                    <wheel filename="wheels/pickupWheels.xml" configId="2" isLeft="false" hasParticles="true" hasTireTracks="true">
						<physics rotSpeed="1" restLoad="0.5" repr="axisFrontRight" driveNode="wheelFrontRight" forcePointRatio="0.5" width="0.45" initialCompression="25" suspTravel="0.5" spring="11" damper="5" />
                    </wheel>
                    <wheel filename="wheels/pickupWheels.xml" configId="2" isLeft="true" hasParticles="true" hasTireTracks="true">
						<physics rotSpeed="0" restLoad="0.7" repr="wheelBackLeft" forcePointRatio="0.5" initialCompression="25" width="0.45" suspTravel="0.5" spring="20" damper="10" />
                    </wheel>
                    <wheel filename="wheels/pickupWheels.xml" configId="2" isLeft="false" hasParticles="true" hasTireTracks="true">
						<physics rotSpeed="0" restLoad="0.7" repr="wheelBackRight" forcePointRatio="0.5" initialCompression="25" width="0.45" suspTravel="0.5" spring="20" damper="10" />
                    </wheel>
                </wheels>
				<objectChange node="liftedChassis" visibilityActive="true" visibilityInactive="false" />
				<objectChange node="wheelFrontLeft" scaleActive="1.4 1 1" scaleInactive="1 1 1" />
				<objectChange node="wheelFrontRight" scaleActive="1.4 1 1" scaleInactive="1 1 1" />
				<objectChange node="wheelBackLeft" scaleActive="1.4 1 1" scaleInactive="1 1 1" />
				<objectChange node="wheelBackRight" scaleActive="1.4 1 1" scaleInactive="1 1 1" />
            </wheelConfiguration>
			<wheelConfiguration name="$l10n_configuration_rim3Wide" price="1600" brand="LIFTED">
                <wheels autoRotateBackSpeed="2.5">
					<wheel filename="wheels/pickupWheels.xml" configId="3" isLeft="true" hasParticles="true" hasTireTracks="true">
						<physics rotSpeed="1" restLoad="0.5" repr="axisFrontLeft" driveNode="wheelFrontLeft" forcePointRatio="0.5" width="0.45" initialCompression="25" suspTravel="0.5" spring="11" damper="5" />
                    </wheel>
                    <wheel filename="wheels/pickupWheels.xml" configId="3" isLeft="false" hasParticles="true" hasTireTracks="true">
						<physics rotSpeed="1" restLoad="0.5" repr="axisFrontRight" driveNode="wheelFrontRight" forcePointRatio="0.5" width="0.45" initialCompression="25" suspTravel="0.5" spring="11" damper="5" />
                    </wheel>
                    <wheel filename="wheels/pickupWheels.xml" configId="3" isLeft="true" hasParticles="true" hasTireTracks="true">
						<physics rotSpeed="0" restLoad="0.7" repr="wheelBackLeft" forcePointRatio="0.5" initialCompression="25" width="0.45" suspTravel="0.5" spring="20" damper="10" />
                    </wheel>
                    <wheel filename="wheels/pickupWheels.xml" configId="3" isLeft="false" hasParticles="true" hasTireTracks="true">
						<physics rotSpeed="0" restLoad="0.7" repr="wheelBackRight" forcePointRatio="0.5" initialCompression="25" width="0.45" suspTravel="0.5" spring="20" damper="10" />
                    </wheel>
                </wheels>
				<objectChange node="liftedChassis" visibilityActive="true" visibilityInactive="false" />
				<objectChange node="wheelFrontLeft" scaleActive="1.4 1 1" scaleInactive="1 1 1" />
				<objectChange node="wheelFrontRight" scaleActive="1.4 1 1" scaleInactive="1 1 1" />
				<objectChange node="wheelBackLeft" scaleActive="1.4 1 1" scaleInactive="1 1 1" />
				<objectChange node="wheelBackRight" scaleActive="1.4 1 1" scaleInactive="1 1 1" />
            </wheelConfiguration>
			<wheelConfiguration name="$l10n_configuration_streetWheels" price="1000" brand="LIFTED">
                <wheels autoRotateBackSpeed="2.5">
					<wheel filename="wheels/truckWheel.xml" configId="truck1" isLeft="true" hasParticles="true" hasTireTracks="true">
						<physics rotSpeed="1" restLoad="0.5" repr="axisFrontLeft" driveNode="wheelFrontLeft" radius="0.46" width="0.3" forcePointRatio="0.5" initialCompression="25" suspTravel="0.19" spring="40" damper="30" />
                    </wheel>
                    <wheel filename="wheels/truckWheel.xml" configId="truck1" isLeft="false" hasParticles="true" hasTireTracks="true">
						<physics rotSpeed="1" restLoad="0.5" repr="axisFrontRight" driveNode="wheelFrontRight" radius="0.46" width="0.3" forcePointRatio="0.5" initialCompression="25" suspTravel="0.19" spring="40" damper="30" />
                    </wheel>
                    <wheel filename="wheels/truckWheel.xml" configId="truck1" isLeft="true" hasParticles="true" hasTireTracks="true">
						<physics rotSpeed="0" restLoad="0.7" repr="wheelBackLeft" forcePointRatio="0.5" radius="0.46" width="0.3" initialCompression="25" suspTravel="0.14" spring="50" damper="30" />
                    </wheel>
                    <wheel filename="wheels/truckWheel.xml" configId="truck1" isLeft="false" hasParticles="true" hasTireTracks="true">
						<physics rotSpeed="0" restLoad="0.7" repr="wheelBackRight" forcePointRatio="0.5" radius="0.46" width="0.3" initialCompression="25" suspTravel="0.14" spring="50" damper="30" />
                    </wheel>
                </wheels>
				<objectChange node="liftedChassis" visibilityActive="true" visibilityInactive="false" />
				<objectChange node="wheelFrontLeft" scaleActive="0.8 0.8 0.8" scaleInactive="1 1 1" />
				<objectChange node="wheelFrontRight" scaleActive="0.8 0.8 0.8" scaleInactive="1 1 1" />
				<objectChange node="wheelBackLeft" scaleActive="0.8 0.8 0.8" scaleInactive="1 1 1" />
				<objectChange node="wheelBackRight" scaleActive="0.8 0.8 0.8" scaleInactive="1 1 1" />
            </wheelConfiguration>
			<wheelConfiguration name="$l10n_configuration_streetWheelsDual" price="5500" brand="LIFTED">
                <wheels autoRotateBackSpeed="2.5">
                    <wheel filename="$data/shared/wheels/lizard/implement/315_80R22_5.xml" configId="truck1" isLeft="true" hasTireTracks="true" hasParticles="true" >
                        <physics rotSpeed="1"  restLoad="1.9" repr="axisFrontLeft"  driveNode="wheelFrontLeft" radius="0.46" width="0.3" forcePointRatio="0.5" initialCompression="25" suspTravel="0.19" spring="40" damper="30" frictionScale="3" />
                    </wheel>
                    <wheel filename="$data/shared/wheels/lizard/implement/315_80R22_5.xml" configId="truck1" isLeft="false" hasTireTracks="true" hasParticles="true" >
                        <physics rotSpeed="1"  restLoad="1.9" repr="axisFrontRight" driveNode="wheelFrontRight" radius="0.46" width="0.3" forcePointRatio="0.5" initialCompression="25" suspTravel="0.19" spring="40" damper="30" frictionScale="3" />
                    </wheel>
                    <wheel filename="$data/shared/wheels/lizard/implement/315_80R22_5.xml" configId="truck2" isLeft="true" hasTireTracks="true" hasParticles="true" >
                        <physics rotSpeed="0"  restLoad="2.3" repr="wheelBackLeft"  forcePointRatio="0.5" radius="0.46" width="0.1" initialCompression="25" suspTravel="0.14" spring="50" damper="30" frictionScale="3" />
                        <additionalWheel filename="$data/shared/wheels/lizard/implement/315_80R22_5.xml" configId="truck2" isLeft="true" offset="0.05" />
                    </wheel>
                    <wheel filename="$data/shared/wheels/lizard/implement/315_80R22_5.xml" configId="truck2" isLeft="true" hasTireTracks="true" hasParticles="true" >
                        <physics rotSpeed="0"  restLoad="2.3" repr="wheelBackRight" forcePointRatio="0.5" radius="0.46" width="0.1" initialCompression="25" suspTravel="0.14" spring="50" damper="30" frictionScale="3" />
                        <additionalWheel filename="$data/shared/wheels/lizard/implement/315_80R22_5.xml" configId="truck2" isLeft="false" offset="0.05" />
                    </wheel>
                </wheels>
				<objectChange node="liftedChassis" visibilityActive="true" visibilityInactive="false" />
				<objectChange node="wheelFrontLeft" scaleActive="0.8 0.8 0.8" scaleInactive="1 1 1" />
				<objectChange node="wheelFrontRight" scaleActive="0.8 0.8 0.8" scaleInactive="1 1 1" />
				<objectChange node="wheelBackLeft" scaleActive="0.8 0.8 0.8" scaleInactive="1 1 1" />
				<objectChange node="wheelBackRight" scaleActive="0.8 0.8 0.8" scaleInactive="1 1 1" />
            </wheelConfiguration>
        </wheelConfigurations>

        <ackermannSteeringConfigurations>
            <ackermannSteering rotSpeed="70" rotMax="45" rotCenterWheel1="3" rotCenterWheel2="4" />
        </ackermannSteeringConfigurations>
    </wheels>
	<speedRotatingParts>
        <speedRotatingPart node="chaftFront" radius="0.1" />
        <speedRotatingPart node="chaftBack" radius="0.1" />
    </speedRotatingParts>
    <lights>
		<sharedLight linkNode="lightbar" filename="assets/ledbar.xml"/>
        <states>
            <state lightTypes="0" />
            <state lightTypes="0 1" />
            <state lightTypes="0 1 2" />
        </states>

        <realLights>
            <low>
                <light node="frontLightLow"     lightTypes="1"/>
                <light node="highBeamLow"     lightTypes="2"/>
                <light node="ledbarLow"     lightTypes="2"/>
            </low>
            <high>
                <light node="frontLightHigh"    lightTypes="1"/>
                <light node="highBeamHigh"      lightTypes="2"/>
                <light node="ledbarHigh"      lightTypes="2"/>
                <turnLightLeft node="turnLightLeftFront" />
                <turnLightRight node="turnLightRightFront" />
            </high>
        </realLights>
        <defaultLights>
            <defaultLight shaderNode="raptorLightRingsBlue" lightTypes="0" intensity="80"/>
            <defaultLight shaderNode="raptorLightRingsGreen" lightTypes="0" intensity="80"/>
            <defaultLight shaderNode="raptorLightRingsOrange" lightTypes="0" intensity="80"/>
            <defaultLight shaderNode="raptorLightRingsPink" lightTypes="0" intensity="80"/>
            <defaultLight shaderNode="raptorLightRingsPurple" lightTypes="0" intensity="80"/>
            <defaultLight shaderNode="raptorLightRingsRed" lightTypes="0" intensity="80"/>
            <defaultLight shaderNode="raptorLightRingsWhite" lightTypes="0" intensity="80"/>
            <defaultLight shaderNode="raptorLightRingsYellow" lightTypes="0" intensity="80"/>
            <defaultLight shaderNode="raptorBumperLightRingBlue" lightTypes="0" intensity="80"/>
            <defaultLight shaderNode="raptorBumperLightRingGreen" lightTypes="0" intensity="80"/>
            <defaultLight shaderNode="raptorBumperLightRingOrange" lightTypes="0" intensity="80"/>
            <defaultLight shaderNode="raptorBumperLightRingPink" lightTypes="0" intensity="80"/>
            <defaultLight shaderNode="raptorBumperLightRingPurple" lightTypes="0" intensity="80"/>
            <defaultLight shaderNode="raptorBumperLightRingRed" lightTypes="0" intensity="80"/>
            <defaultLight shaderNode="raptorBumperLightRingWhite" lightTypes="0" intensity="80"/>
            <defaultLight shaderNode="raptorBumperLightRingYellow" lightTypes="0" intensity="80"/>
            <defaultLight shaderNode="raptorFrontLights" lightTypes="1 3" intensity="80"/>
            <defaultLight shaderNode="raptorBumperLight" lightTypes="2" intensity="80"/>
        </defaultLights>
        <turnLights>
            <turnLightLeft shaderNode="raptorBlinkLeft" intensity="80"/>
            <turnLightRight shaderNode="raptorBlinkRight" intensity="80"/>
        </turnLights>
		<beaconLights>
			<beaconLight node="beaconbar" filename="assets/varselBjelke.xml" />
            <beaconLight node="beaconbar" filename="assets/varselBjelke2.xml" />
        </beaconLights>
        <sounds>
            <switchLight template="SWITCH_01"  />
            <turnLight template="SWITCH_TURNLIGHT"  />
        </sounds>
        <dashboards>
            <dashboard displayType="EMITTER" valueType="lightState" node="symbolsLightDecalsRaptor" intensity="0.2" lightTypes="0" groups="MOTOR_ACTIVE"/>
            <dashboard displayType="EMITTER" valueType="lightState" node="light1SymbolDecal" intensity="0.2" lightTypes="1" groups="MOTOR_ACTIVE"/>
            <dashboard displayType="EMITTER" valueType="lightState" node="light2SymbolDecal" intensity="0.2" lightTypes="2" groups="MOTOR_ACTIVE"/>
        </dashboards>
    </lights>
    <enterable isTabbable="true" >
        <enterReferenceNode node="raptor_main_component1"/>
        <exitPoint node="exitPoint"/>
        <cameras count="2">
            <camera node="outdoorCamera1" rotatable="true" rotateNode="outdoorCameraTarget" limit="true" useWorldXZRotation="true" rotMinX="-1.4" rotMaxX="1" transMin="4" transMax="40" translation="0 0 11" rotation="-24 180 0">
                <raycastNode node="cameraRaycastNode1"/>
                <raycastNode node="cameraRaycastNode2"/>
                <raycastNode node="cameraRaycastNode3"/>
            </camera>
            <camera node="indoorCamera1" rotatable="true" limit="true" rotMinX="-1.1" rotMaxX="0.4" transMin="0" transMax="0" useMirror="true" isInside="true" positionSmoothingParameter="0"  shadowFocusBox="shadowFocusBox"/>
        </cameras>
        <mirrors>
            <mirror node="mirror1" prio="1" />
            <mirror node="mirror2" prio="1" />
            <mirror node="mirror3" prio="1" />
            <mirror node="mirror4" prio="1" />
            <mirror node="mirror5" prio="1" />
        </mirrors>
        <characterNode node="player_skin" cameraMinDistance="1.5" spineRotation="-90 0 90" >
            <target ikChain="rightFoot" targetNode="player_rightFoot" />
            <target ikChain="leftFoot"  targetNode="player_leftFoot" />
            <target ikChain="rightArm"  targetNode="player_rightHand"/>
            <target ikChain="leftArm"   targetNode="player_leftHand"/>
        </characterNode>
        <characterTargetNodeModifier node="player_rightFoot" transitionTime="0.1" >
            <state node="player_rightFootGas"   referenceNode="gasPedal"/>
            <state node="player_rightFootBrake" referenceNode="brakePedal"/>
        </characterTargetNodeModifier>
    </enterable>
    <attacherJoints>
		<attacherJointConfigurations title="$l10n_title_exhaust">
			<attacherJointConfiguration name="$l10n_configuration_valueDefault" price="0" >
				<attacherJoint node="trailerAttacherJointBack" jointType="trailer" lowerRotLimit="10 70 50" upperRotationOffset="0" allowsJointLimitMovement="false" canTurnOnImplement="false" comboTime="2">
					<schema position="1 0" rotation="0" invertX="false"/>
					<attachSound template="ATTACH_01" linkNode="0>" />
				</attacherJoint>
				<attacherJoint node="trailerAttacherJointBack" jointType="trailerLow" lowerRotLimit="10 70 50" upperRotationOffset="0" allowsJointLimitMovement="false" canTurnOnImplement="false" comboTime="2">
					<schema position="1 0" rotation="0" invertX="false"/>
					<attachSound template="ATTACH_01" linkNode="0>" />
				</attacherJoint>
				<attacherJoint node="bedAttacher" jointType="NMC_bedAttacherJoint" lowerRotLimit="0 0 0" upperRotationOffset="0" allowsJointLimitMovement="false" allowsLowering="false" comboTime="2">
					<schema position="1 0.5" rotation="0" invertX="false"/>
					<attachSound template="ATTACH_01" linkNode="0>" />
				</attacherJoint>
				<attacherJoint node="pickupBladeAttacherJoint" jointType="NMC_pickupBlade" comboTime="1">
					<schema position="1 0" rotation="0" invertX="true"/>
					<attachSound template="ATTACH_01" linkNode="0>" />
				</attacherJoint>
				<objectChange node="exhaustParticle" visibilityActive="true"  visibilityInactive="false" />
			</attacherJointConfiguration>
			<attacherJointConfiguration name="$l10n_configuration_rollingCoal" price="0" >
				<attacherJoint node="trailerAttacherJointBack" jointType="trailer" lowerRotLimit="10 70 50" upperRotationOffset="0" allowsJointLimitMovement="false" canTurnOnImplement="false" comboTime="2">
					<schema position="1 0" rotation="0" invertX="false"/>
					<attachSound template="ATTACH_01" linkNode="0>" />
				</attacherJoint>
				<attacherJoint node="trailerAttacherJointBack" jointType="trailerLow" lowerRotLimit="10 70 50" upperRotationOffset="0" allowsJointLimitMovement="false" canTurnOnImplement="false" comboTime="2">
					<schema position="1 0" rotation="0" invertX="false"/>
					<attachSound template="ATTACH_01" linkNode="0>" />
				</attacherJoint>
				<attacherJoint node="bedAttacher" jointType="NMC_bedAttacherJoint" lowerRotLimit="0 0 0" upperRotationOffset="0" allowsJointLimitMovement="false" allowsLowering="false" comboTime="2">
					<schema position="1 0.5" rotation="0" invertX="false"/>
					<attachSound template="ATTACH_01" linkNode="0>" />
				</attacherJoint>
				<attacherJoint node="pickupBladeAttacherJoint" jointType="NMC_pickupBlade" comboTime="1">
					<schema position="1 0" rotation="0" invertX="true"/>
					<attachSound template="ATTACH_01" linkNode="0>" />
				</attacherJoint>
				<objectChange node="exhaustParticle2" visibilityActive="true"  visibilityInactive="false" />
			</attacherJointConfiguration>
		</attacherJointConfigurations>
    </attacherJoints>
    <connectionHoses>
        <target attacherJointIndices="1 2" type="electric" node="electricBack" socket="electric"/>
    </connectionHoses>
    <drivable>
        <sounds>
            <waterSplash template="WATER_SPLASH_01" />
        </sounds>
        <steeringWheel node="steeringwheel" indoorRotation="540" outdoorRotation="30" />
        <dashboards>
            <dashboard displayType="ROT"     valueType="accelerationAxis" node="gasPedal"   minRot="0 0 0" maxRot="20 0 0" doInterpolation="true" groups="MOTOR_ACTIVE"/>
            <dashboard displayType="ROT"     valueType="decelerationAxis" node="brakePedal" minRot="-10 0 0" maxRot="0 0 0" doInterpolation="true" groups="MOTOR_ACTIVE"/>
        </dashboards>
    </drivable>
    <fillUnit>
        <fillUnitConfigurations title="$l10n_title_mirrorConfiguration">
            <fillUnitConfiguration name="$l10n_configuration_standardMirror" price="0">
                <fillUnits>
                    <fillUnit unit="$l10n_unit_literShort" showOnHud="false" showInShop="false" fillTypes="diesel" capacity="120" >
                    </fillUnit>
                </fillUnits>
				<objectChange node="standardMirror" visibilityActive="true" visibilityInactive="false" />
            </fillUnitConfiguration>
			<fillUnitConfiguration name="$l10n_configuration_towMirror" price="200">
                <fillUnits>
                    <fillUnit unit="$l10n_unit_literShort" showOnHud="false" showInShop="false" fillTypes="diesel" capacity="120" >
                    </fillUnit>
                </fillUnits>
				<objectChange node="towMirror" visibilityActive="true" visibilityInactive="false" />
            </fillUnitConfiguration>
        </fillUnitConfigurations>
    </fillUnit>
    <motorized>
        <consumerConfigurations>
            <consumerConfiguration>
                <consumer fillUnitIndex="1" usage="30" fillType="diesel" /> <!-- usage is per hour at max load and max rpm -->
            </consumerConfiguration>
        </consumerConfigurations>
        <differentialConfigurations>
            <differentialConfiguration>
                <differentials>
                    <differential torqueRatio="0.5" maxSpeedRatio="1.8" wheelIndex1="1" wheelIndex2="2" /> <!-- front left-right -->
                    <differential torqueRatio="0.5" maxSpeedRatio="1.8" wheelIndex1="3" wheelIndex2="4" /> <!-- back left-right -->
                    <differential torqueRatio="0.5" maxSpeedRatio="1.8" differentialIndex1="1" differentialIndex2="2" /> <!-- front-back -->
                </differentials>
            </differentialConfiguration>
        </differentialConfigurations>
		<motorConfigurations>
			<motorConfiguration name="Raptor 3500 6.6L V8" hp="400" price="0">
                <motor torqueScale="0.8" minRpm="800" maxRpm="3500" maxForwardSpeed="160" maxBackwardSpeed="45" brakeForce="4" lowBrakeForceScale="0.22">
                    <torque rpm="1000" torque="0.9"/>
                    <torque rpm="2400" torque="1"/>
                    <torque rpm="3480" torque="1"/>
                    <torque rpm="4560" torque="0.75"/>
                    <torque rpm="5280" torque="0.63"/>
                    <torque rpm="6000" torque="0.2"/>
                </motor>
                <transmission minForwardGearRatio="4.7" maxForwardGearRatio="200" minBackwardGearRatio="40" maxBackwardGearRatio="200" />
            </motorConfiguration>
			<motorConfiguration name="Raptor 3500 6.7L C" hp="450" price="4000">
                <motor torqueScale="0.9" minRpm="800" maxRpm="3500" maxForwardSpeed="160" maxBackwardSpeed="45" brakeForce="4" lowBrakeForceScale="0.22">
                    <torque rpm="1000" torque="0.9"/>
                    <torque rpm="2400" torque="1"/>
                    <torque rpm="3480" torque="1"/>
                    <torque rpm="4560" torque="0.75"/>
                    <torque rpm="5280" torque="0.63"/>
                    <torque rpm="6000" torque="0.2"/>
                </motor>
                <transmission minForwardGearRatio="4.7" maxForwardGearRatio="200" minBackwardGearRatio="40" maxBackwardGearRatio="200" />
            </motorConfiguration>
			<motorConfiguration name="Raptor 3500 6.7L V8" hp="475" price="7000">
                <motor torqueScale="0.95" minRpm="800" maxRpm="3500" maxForwardSpeed="160" maxBackwardSpeed="45" brakeForce="4" lowBrakeForceScale="0.22">
                    <torque rpm="1000" torque="0.9"/>
                    <torque rpm="2400" torque="1"/>
                    <torque rpm="3480" torque="1"/>
                    <torque rpm="4560" torque="0.75"/>
                    <torque rpm="5280" torque="0.63"/>
                    <torque rpm="6000" torque="0.2"/>
                </motor>
                <transmission minForwardGearRatio="4.7" maxForwardGearRatio="200" minBackwardGearRatio="40" maxBackwardGearRatio="200" />
            </motorConfiguration>
			<motorConfiguration name="Built 5.9L 12V" hp="650" price="28000">
                <motor torqueScale="6.2" minRpm="800" maxRpm="3500" maxForwardSpeed="230" maxBackwardSpeed="45" brakeForce="6" lowBrakeForceScale="0.22" lowBrakeForceSpeedLimit="9">
                    <torque rpm="1000" torque="0.9"/>
                    <torque rpm="2400" torque="1"/>
                    <torque rpm="3480" torque="1"/>
                    <torque rpm="4560" torque="0.75"/>
                    <torque rpm="5280" torque="0.63"/>
                    <torque rpm="6000" torque="0.2"/>
                </motor>
                <transmission minForwardGearRatio="3.27" maxForwardGearRatio="200" minBackwardGearRatio="40" maxBackwardGearRatio="200" />
            </motorConfiguration>
        </motorConfigurations>
        <exhaustEffects>
            <exhaustEffect node="exhaustParticle" filename="$data/particleSystems/shared/exhaust.i3d" minRpmColor="0.9 0.9 0.9 0.1" maxRpmColor="0.3 0.3 0.3 0.8" minRpmScale="0.02" maxRpmScale="0.2" />
            <exhaustEffect node="exhaustParticle2" filename="$data/particleSystems/shared/exhaust.i3d" minRpmColor="0.0 0.0 0.0 0.01" maxRpmColor="0 0 0 20" minRpmScale="0.02" maxRpmScale="0.2" />
        </exhaustEffects>
        <dashboards>
            <dashboard displayType="ANIMATION" valueType="rpm"   animName="rpmDisplay"   minValueAnim="0" maxValueAnim="7000" groups="MOTOR_ACTIVE"/>
            <dashboard displayType="ANIMATION" valueType="speed" animName="speedDisplay" minValueAnim="0" maxValueAnim="220"  groups="MOTOR_ACTIVE"/>
            <dashboard displayType="ANIMATION" valueType="motorTemperature" animName="loadingBarTemperature" minValueAnim="0" maxValueAnim="120" groups="MOTOR_ACTIVE"/>
        </dashboards>
        <sounds externalSoundFile="sounds/2500_3500.xml" />
    </motorized>

    <animations>
        <animation name="rpmDisplay">
            <part node="rpmNeedle" startTime="0" endTime="1" startRot="0 29.263 0" endRot="0 -123 0" />
        </animation>
        <animation name="speedDisplay">
            <part node="speedNeedle" startTime="0" endTime="1" startRot="0 27.662 0" endRot="0 -205 0"/>
        </animation>
        <animation name="loadingBarTemperature">
            <part node="tempNeedle1" startTime="0" endTime="1" startRot="0 -28.819 0" endRot="0 -145 0"/>
            <part node="tempNeedle2" startTime="0" endTime="1" startRot="0 31.557 0" endRot="0 120 0"/>
            <part node="tempNeedle3" startTime="0" endTime="1" startRot="0 -29.425 0" endRot="0 -150 0"/>
            <part node="tempNeedle4" startTime="0" endTime="1" startRot="0 32.481 0" endRot="0 147 0"/>
            <part node="batteryNeedle" startTime="0" endTime="1" startRot="0 33.294 0" endRot="0 100 0"/>
        </animation>
        <animation name="loadingBarFuel">
            <part node="fuelNeedle" startTime="0" endTime="1" startRot="0 31.307 0" endRot="0 150 0"/>
        </animation>
        <animation name="wiperFrontAnimation">
            <part node="wiperLeft"  startTime="0" endTime="0.6" startRot="0 0 0" endRot="0 95 13" />
            <part node="wiperLeft"  startTime="0.6" endTime="1.2" startRot="0 95 13" endRot="0 0 0" />
            <part node="wiperRight"  startTime="0" endTime="0.6" startRot="0 0 0" endRot="0 110 0" />
            <part node="wiperRight"  startTime="0.6" endTime="1.2" startRot="0 110 0" endRot="0 0 0" />
        </animation>
    </animations>
    <wipers>
        <wiper animName="wiperFrontAnimation" >
            <state animSpeed="0.75" animPause="2.0" />
            <state animSpeed="0.75" animPause="0.0" />
            <state animSpeed="1.10" animPause="0.0" />
        </wiper>
    </wipers>
    <cylindered>
        <movingParts>
            <movingPart node="steeringBar" referencePoint="steeringBarRef" referenceFrame="steeringBarRef" scaleZ="true" isActiveDirty="true"/>
        </movingParts>
    </cylindered>
    <suspensions>
        <suspension useCharacterTorso="true" weight="90" minRotation="0 -5 -5" maxRotation="0 5 5" suspensionParametersY="7 1" suspensionParametersZ="7 1" />
    </suspensions>
    <dashboard>
        <groups>
            <group name="MOTOR_STARTING" isMotorStarting="true"/>
            <group name="MOTOR_ACTIVE"   isMotorStarting="true" isMotorRunning="true"/>
        </groups>
        <default>
            <dashboard displayType="EMITTER" node="interiorDashLight" idleValue="-1" intensity="0.3" groups="MOTOR_ACTIVE" />
        </default>
    </dashboard>
    <ai>
        <collisionTrigger node="aiCollisionTrigger" />
    </ai>
    <honk>
        <sound file="$data/sounds/vehicles/horn/man_tgs_horn_loop.wav" template="HONK_TRUCK" linkNode="0>"/>
    </honk>
	<trailer>
        <trailerConfigurations title="$l10n_title_lightColors">
			<trailerConfiguration name="$l10n_color_RED" price="0">
				<objectChange node="raptorLightRingsRed" visibilityActive="true" visibilityInactive="false" />
				<objectChange node="raptorBumperLightRingRed" visibilityActive="true" visibilityInactive="false" />
            </trailerConfiguration>
			<trailerConfiguration name="$l10n_color_BLUE" price="0">
				<objectChange node="raptorLightRingsBlue" visibilityActive="true" visibilityInactive="false" />
				<objectChange node="raptorBumperLightRingBlue" visibilityActive="true" visibilityInactive="false" />
            </trailerConfiguration>
			<trailerConfiguration name="$l10n_color_GREEN" price="0">
				<objectChange node="raptorLightRingsGreen" visibilityActive="true" visibilityInactive="false" />
				<objectChange node="raptorBumperLightRingGreen" visibilityActive="true" visibilityInactive="false" />
            </trailerConfiguration>
			<trailerConfiguration name="$l10n_color_ORANGE" price="0">
				<objectChange node="raptorLightRingsOrange" visibilityActive="true" visibilityInactive="false" />
				<objectChange node="raptorBumperLightRingOrange" visibilityActive="true" visibilityInactive="false" />
            </trailerConfiguration>
			<trailerConfiguration name="$l10n_color_PINK" price="0">
				<objectChange node="raptorLightRingsPink" visibilityActive="true" visibilityInactive="false" />
				<objectChange node="raptorBumperLightRingPink" visibilityActive="true" visibilityInactive="false" />
            </trailerConfiguration>
			<trailerConfiguration name="$l10n_color_PURPLE" price="0">
				<objectChange node="raptorLightRingsPurple" visibilityActive="true" visibilityInactive="false" />
				<objectChange node="raptorBumperLightRingPurple" visibilityActive="true" visibilityInactive="false" />
            </trailerConfiguration>
			<trailerConfiguration name="$l10n_color_WHITE" price="0">
				<objectChange node="raptorLightRingsWhite" visibilityActive="true" visibilityInactive="false" />
				<objectChange node="raptorBumperLightRingWhite" visibilityActive="true" visibilityInactive="false" />
            </trailerConfiguration>
			<trailerConfiguration name="$l10n_color_YELLOW" price="0">
				<objectChange node="raptorLightRingsYellow" visibilityActive="true" visibilityInactive="false" />
				<objectChange node="raptorBumperLightRingYellow" visibilityActive="true" visibilityInactive="false" />
            </trailerConfiguration>
		</trailerConfigurations>
	</trailer>
    <tensionBelts>
        <tensionBeltsConfigurations title="$l10n_title_sideStepConfiguration">
            <tensionBeltsConfiguration name="$l10n_ui_no" price="0"/>
			<tensionBeltsConfiguration name="$l10n_ui_yes" price="600">
				<objectChange node="step" visibilityActive="true" visibilityInactive="false"/>
            </tensionBeltsConfiguration>
        </tensionBeltsConfigurations>
    </tensionBelts>
	<designConfigurations>
        <designConfiguration name="$l10n_configuration_valueDefault" price="0">
			<objectChange node="raptorStandardBumper" visibilityActive="true" visibilityInactive="false"/>
		</designConfiguration>
        <designConfiguration name="$l10n_configuration_bumper2" price="240">
            <objectChange node="raptorBumper2" visibilityActive="true" visibilityInactive="false"/>
        </designConfiguration>
    </designConfigurations>
	<vehicleTypeConfigurations title="$l10n_title_assets">
		<vehicleTypeConfiguration name="$l10n_configuration_valueDefault" price="0" vehicleType="carFillable"/>
		<vehicleTypeConfiguration name="$l10n_configuration_lightbar" price="400" vehicleType="carFillable">
			<objectChange node="lightbar" visibilityActive="true" visibilityInactive="false" />
		</vehicleTypeConfiguration>
		<vehicleTypeConfiguration name="$l10n_configuration_beacon" price="350" vehicleType="carFillable">
			<objectChange node="beaconbar" visibilityActive="true" visibilityInactive="false" />
		</vehicleTypeConfiguration>
		<vehicleTypeConfiguration name="$l10n_configuration_both" price="900" vehicleType="carFillable">
			<objectChange node="lightbar" visibilityActive="true" visibilityInactive="false" />
			<objectChange node="beaconbar" visibilityActive="true" visibilityInactive="false" />
		</vehicleTypeConfiguration>
	</vehicleTypeConfigurations>
    <foliageBending>
        <bendingNode minX="-1.15" maxX="1.15" minZ="-3.758" maxZ="3.575" yOffset="0.3" />
    </foliageBending>
    <baseMaterial>
        <material name="raptor_mat" baseNode="raptor">
            <shaderParameter name="colorMat0" value="SHARED_GREY2"/>
            <shaderParameter name="colorMat2" value="SHARED_GREY2"/>
        </material>
		<material name="raptorBumpers_mat" baseNode="raptorStandardBumper">
            <shaderParameter name="colorMat0" value="SHARED_GREY2"/>
        </material>
    </baseMaterial>
    <dischargeable requiresTipOcclusionArea="false" />
    <baseMaterialConfigurations price="3000" useDefaultColors="true" defaultColorIndex="3">
		<baseMaterialConfiguration name="GREY METALLIC" color="SHARED_GREY2" material="27" price="500"/>
		<baseMaterialConfiguration name="KRONE GREEN" color="KRONE_GREEN1" material="0" price="500"/>
		<baseMaterialConfiguration name="KRONE YELLOW" color="KRONE_YELLOW1" material="0" price="500"/>
		<baseMaterialConfiguration name="NEWHOLLAND RED" color="NEWHOLLAND_RED1" material="0" price="500"/>
		<baseMaterialConfiguration name="NEWHOLLAND YELLOW" color="NEWHOLLAND_YELLOW1" material="0" price="500"/>
		<baseMaterialConfiguration name="GREEN METALLIC" color="KRONE_GREEN1" material="27" price="1000"/>
		<baseMaterialConfiguration name="YELLOW METALLIC" color="JOHNDEERE_YELLOW1" material="27" price="1000"/>
		<baseMaterialConfiguration name="ORANGE METALLIC" color="0.5 0.08 0.0046 1" material="27" price="1000"/>
		<baseMaterialConfiguration name="FADED WHITE" color="0.58 0.58 0.58" material="6" price="100"/>
		<baseMaterialConfiguration name="FADED TAN" color="0.921 0.676 0.242" material="6" price="100"/>
		<baseMaterialConfiguration name="FADED BLACK" color="0.026 0.023 0.022" material="6" price="100"/>
		<baseMaterialConfiguration name="FADED RED" color="0.807 0.074 0.06" material="6" price="100"/>
		<baseMaterialConfiguration name="FADED BLUE" color="0.054 0.178 0.991" material="6" price="100"/>
		<baseMaterialConfiguration name="FADED GREEN" color="0.098 0.243 0.068" material="6" price="100"/>
		<baseMaterialConfiguration name="FADED YELLOW" color="0.982 0.815 0.109" material="6" price="100"/>
		<baseMaterialConfiguration name="FADED ORANGE" color="0.902 0.267 0.105" material="6" price="100"/>
		<baseMaterialConfiguration name="DEERE INDUSTRIAL" color="1 0.491 0.027" material="0" price="500"/>
		<baseMaterialConfiguration name="NMC BEAST" color="0.631 0.356 0.004" material="0" price="500"/>
		<baseMaterialConfiguration name="CASE YELLOW" color="0.807 0.296 0.01" material="0" price="500"/>
		<baseMaterialConfiguration name="BROWN" color="SHARED_BROWN1" material="0" price="500"/>
		<baseMaterialConfiguration name="BLUE" color="0 0.109 0.283" material="0" price="500"/>
		<baseMaterialConfiguration name="BLACK CHERRY" color="0.010 0 0 1" material="27" price="1200"/>
		<baseMaterialConfiguration name="GRABBER BLUE" color="0.001 0.254 0.533" material="27" price="1200"/>
		<baseMaterialConfiguration name="GREEN GO" color="0.184 0.491 0.026" material="27" price="1200"/>
		<baseMaterialConfiguration name="PLUM CRAZY" color="0.056 0.004 0.084" material="27" price="1200"/>
		<baseMaterialConfiguration name="ORANGE" color="0.888 0.089 0.037" material="27" price="1200"/>
		<baseMaterialConfiguration name="Carbon Black" color="0.02 0.02 0.02" material="27"/>
		<baseMaterialConfiguration name="Onyx Black" color="0.02 0.02 0.02" material="32"/>
		<baseMaterialConfiguration name="Pacific Blue" color="0 0.067 0.23" material="32"/>
		<baseMaterialConfiguration name="Quicksilver" color="0.9 0.9 0.9" material="27"/>
		<baseMaterialConfiguration name="Red Quartz Tricoat" color="0.26 0 0" material="32"/>
		<baseMaterialConfiguration name="Summit White" color="0.8 0.8 0.8" material="32"/>
		<baseMaterialConfiguration name="SAFETY PINK" color="0.922 0.005 0.246" material="23" price="800"/>
		<baseMaterialConfiguration name="SAFETY RED" color="0.939 0.005 0.003" material="23" price="800"/>
		<baseMaterialConfiguration name="SAFETY BLUE" color="0 0.15 0.939" material="23" price="800"/>
		<baseMaterialConfiguration name="SAFETY GREEN" color="0.045 0.644 0" material="23" price="800"/>
		<baseMaterialConfiguration name="SAFETY YELLOW" color="0.73 0.965 0.001" material="23" price="800"/>
		<baseMaterialConfiguration name="SAFETY ORANGE" color="0.947 0.191 0.001" material="23" price="800"/>
		<baseMaterialConfiguration name="CHARCOAL" color="SHARED_GREY5" material="27" price="1200"/>
		<baseMaterialConfiguration name="LINE X" color="0.016 0.016 0.016" material="25" price="1200"/>
		<baseMaterialConfiguration name="ICONIK BLUE" color="FENDT_VIOLET1" material="27" price="1200"/>
		<baseMaterialConfiguration name="EXLEYS CHOICE" color="0.041 0.245 0.223 1.0" material="27" price="1200"/>
		<baseMaterialConfiguration name="Dark Sky" color="0.07 0.118 0.17" material="27" price="1200"/>
        <material name="raptor_mat" shaderParameter="colorMat0" />
        <material name="raptorBumpers_mat" shaderParameter="colorMat0" />
    </baseMaterialConfigurations>
	<designMaterialConfigurations price="700" useDefaultColors="true" defaultColorIndex="3">
		<designMaterialConfiguration name="GREY METALLIC" color="SHARED_GREY2" material="27" price="500"/>
		<designMaterialConfiguration name="KRONE GREEN" color="KRONE_GREEN1" material="0" price="500"/>
		<designMaterialConfiguration name="KRONE YELLOW" color="KRONE_YELLOW1" material="0" price="500"/>
		<designMaterialConfiguration name="NEWHOLLAND RED" color="NEWHOLLAND_RED1" material="0" price="500"/>
		<designMaterialConfiguration name="NEWHOLLAND YELLOW" color="NEWHOLLAND_YELLOW1" material="0" price="500"/>
		<designMaterialConfiguration name="GREEN METALLIC" color="KRONE_GREEN1" material="27" price="1000"/>
		<designMaterialConfiguration name="YELLOW METALLIC" color="JOHNDEERE_YELLOW1" material="27" price="1000"/>
		<designMaterialConfiguration name="ORANGE METALLIC" color="0.5 0.08 0.0046 1" material="27" price="1000"/>
		<designMaterialConfiguration name="FADED WHITE" color="0.58 0.58 0.58" material="6" price="100"/>
		<designMaterialConfiguration name="FADED TAN" color="0.921 0.676 0.242" material="6" price="100"/>
		<designMaterialConfiguration name="FADED BLACK" color="0.026 0.023 0.022" material="6" price="100"/>
		<designMaterialConfiguration name="FADED RED" color="0.807 0.074 0.06" material="6" price="100"/>
		<designMaterialConfiguration name="FADED BLUE" color="0.054 0.178 0.991" material="6" price="100"/>
		<designMaterialConfiguration name="FADED GREEN" color="0.098 0.243 0.068" material="6" price="100"/>
		<designMaterialConfiguration name="FADED YELLOW" color="0.982 0.815 0.109" material="6" price="100"/>
		<designMaterialConfiguration name="FADED ORANGE" color="0.902 0.267 0.105" material="6" price="100"/>
		<designMaterialConfiguration name="DEERE INDUSTRIAL" color="1 0.491 0.027" material="0" price="500"/>
		<designMaterialConfiguration name="NMC BEAST" color="0.631 0.356 0.004" material="0" price="500"/>
		<designMaterialConfiguration name="CASE YELLOW" color="0.807 0.296 0.01" material="0" price="500"/>
		<designMaterialConfiguration name="BROWN" color="SHARED_BROWN1" material="0" price="500"/>
		<designMaterialConfiguration name="BLUE" color="0 0.109 0.283" material="0" price="500"/>
		<designMaterialConfiguration name="BLACK CHERRY" color="0.010 0 0 1" material="27" price="1200"/>
		<designMaterialConfiguration name="GRABBER BLUE" color="0.001 0.254 0.533" material="27" price="1200"/>
		<designMaterialConfiguration name="GREEN GO" color="0.184 0.491 0.026" material="27" price="1200"/>
		<designMaterialConfiguration name="PLUM CRAZY" color="0.056 0.004 0.084" material="27" price="1200"/>
		<designMaterialConfiguration name="ORANGE" color="0.888 0.089 0.037" material="27" price="1200"/>
		<designMaterialConfiguration name="Carbon Black" color="0.02 0.02 0.02" material="27"/>
		<designMaterialConfiguration name="Onyx Black" color="0.02 0.02 0.02" material="32"/>
		<designMaterialConfiguration name="Pacific Blue" color="0 0.067 0.23" material="32"/>
		<designMaterialConfiguration name="Quicksilver" color="0.9 0.9 0.9" material="27"/>
		<designMaterialConfiguration name="Red Quartz Tricoat" color="0.26 0 0" material="32"/>
		<designMaterialConfiguration name="Summit White" color="0.8 0.8 0.8" material="32"/>
		<designMaterialConfiguration name="SAFETY PINK" color="0.922 0.005 0.246" material="23" price="800"/>
		<designMaterialConfiguration name="SAFETY RED" color="0.939 0.005 0.003" material="23" price="800"/>
		<designMaterialConfiguration name="SAFETY BLUE" color="0 0.15 0.939" material="23" price="800"/>
		<designMaterialConfiguration name="SAFETY GREEN" color="0.045 0.644 0" material="23" price="800"/>
		<designMaterialConfiguration name="SAFETY YELLOW" color="0.73 0.965 0.001" material="23" price="800"/>
		<designMaterialConfiguration name="SAFETY ORANGE" color="0.947 0.191 0.001" material="23" price="800"/>
		<designMaterialConfiguration name="CHARCOAL" color="SHARED_GREY5" material="27" price="1200"/>
		<designMaterialConfiguration name="LINE X" color="0.016 0.016 0.016" material="25" price="1200"/>
		<designMaterialConfiguration name="ICONIK BLUE" color="FENDT_VIOLET1" material="27" price="1200"/>
		<designMaterialConfiguration name="EXLEYS CHOICE" color="0.041 0.245 0.223 1.0" material="27" price="1200"/>
		<designMaterialConfiguration name="Dark Sky" color="0.07 0.118 0.17" material="27" price="1200"/>
        <material name="raptor_mat" shaderParameter="colorMat2" />
    </designMaterialConfigurations>
	<rimColorConfigurations useDefaultColors="true" price="500">
		<rimColorConfiguration name="CHROME" color="1 1 1" material="2" price="0"/>
		<rimColorConfiguration name="KRONE GREEN" color="KRONE_GREEN1" material="0" price="500"/>
		<rimColorConfiguration name="KRONE YELLOW" color="KRONE_YELLOW1" material="0" price="500"/>
		<rimColorConfiguration name="NEWHOLLAND RED" color="NEWHOLLAND_RED1" material="0" price="500"/>
		<rimColorConfiguration name="NEWHOLLAND YELLOW" color="NEWHOLLAND_YELLOW1" material="0" price="500"/>
		<rimColorConfiguration name="GREEN METALLIC" color="KRONE_GREEN1" material="27" price="1000"/>
		<rimColorConfiguration name="YELLOW METALLIC" color="JOHNDEERE_YELLOW1" material="27" price="1000"/>
		<rimColorConfiguration name="ORANGE METALLIC" color="0.5 0.08 0.0046 1" material="27" price="1000"/>
		<rimColorConfiguration name="FADED WHITE" color="0.58 0.58 0.58" material="6" price="100"/>
		<rimColorConfiguration name="FADED TAN" color="0.921 0.676 0.242" material="6" price="100"/>
		<rimColorConfiguration name="FADED BLACK" color="0.026 0.023 0.022" material="6" price="100"/>
		<rimColorConfiguration name="FADED RED" color="0.807 0.074 0.06" material="6" price="100"/>
		<rimColorConfiguration name="FADED BLUE" color="0.054 0.178 0.991" material="6" price="100"/>
		<rimColorConfiguration name="FADED GREEN" color="0.098 0.243 0.068" material="6" price="100"/>
		<rimColorConfiguration name="FADED YELLOW" color="0.982 0.815 0.109" material="6" price="100"/>
		<rimColorConfiguration name="FADED ORANGE" color="0.902 0.267 0.105" material="6" price="100"/>
		<rimColorConfiguration name="DEERE INDUSTRIAL" color="1 0.491 0.027" material="0" price="500"/>
		<rimColorConfiguration name="NMC BEAST" color="0.631 0.356 0.004" material="0" price="500"/>
		<rimColorConfiguration name="CASE YELLOW" color="0.807 0.296 0.01" material="0" price="500"/>
		<rimColorConfiguration name="BROWN" color="SHARED_BROWN1" material="0" price="500"/>
		<rimColorConfiguration name="BLUE" color="0 0.109 0.283" material="0" price="500"/>
		<rimColorConfiguration name="BLACK CHERRY" color="0.010 0 0 1" material="27" price="1200"/>
		<rimColorConfiguration name="GRABBER BLUE" color="0.001 0.254 0.533" material="27" price="1200"/>
		<rimColorConfiguration name="GREEN GO" color="0.184 0.491 0.026" material="27" price="1200"/>
		<rimColorConfiguration name="PLUM CRAZY" color="0.056 0.004 0.084" material="27" price="1200"/>
		<rimColorConfiguration name="ORANGE" color="0.888 0.089 0.037" material="27" price="1200"/>
		<rimColorConfiguration name="Carbon Black" color="0.02 0.02 0.02" material="27"/>
		<rimColorConfiguration name="Onyx Black" color="0.02 0.02 0.02" material="32"/>
		<rimColorConfiguration name="Pacific Blue" color="0 0.067 0.23" material="32"/>
		<rimColorConfiguration name="Quicksilver" color="0.9 0.9 0.9" material="27"/>
		<rimColorConfiguration name="Red Quartz Tricoat" color="0.26 0 0" material="32"/>
		<rimColorConfiguration name="Summit White" color="0.8 0.8 0.8" material="32"/>
		<rimColorConfiguration name="SAFETY PINK" color="0.922 0.005 0.246" material="23" price="800"/>
		<rimColorConfiguration name="SAFETY RED" color="0.939 0.005 0.003" material="23" price="800"/>
		<rimColorConfiguration name="SAFETY BLUE" color="0 0.15 0.939" material="23" price="800"/>
		<rimColorConfiguration name="SAFETY GREEN" color="0.045 0.644 0" material="23" price="800"/>
		<rimColorConfiguration name="SAFETY YELLOW" color="0.73 0.965 0.001" material="23" price="800"/>
		<rimColorConfiguration name="SAFETY ORANGE" color="0.947 0.191 0.001" material="23" price="800"/>
		<rimColorConfiguration name="CHARCOAL" color="SHARED_GREY5" material="27" price="1200"/>
		<rimColorConfiguration name="LINE X" color="0.016 0.016 0.016" material="25" price="1200"/>
		<rimColorConfiguration name="ICONIK BLUE" color="FENDT_VIOLET1" material="27" price="1200"/>
		<rimColorConfiguration name="EXLEYS CHOICE" color="0.041 0.245 0.223 1.0" material="27" price="1200"/>
		<rimColorConfiguration name="Dark Sky" color="0.07 0.118 0.17" material="27" price="1200"/>
	</rimColorConfigurations>
    <wearable wearDuration="480" workMultiplier="5" fieldMultiplier="2"/>
    <washable dirtDuration="90" washDuration="1" workMultiplier="3" fieldMultiplier="2"/>

    <i3dMappings>
	  <i3dMapping id="raptor_main_component1" node="0>" />
	  <i3dMapping id="raptor" node="0>0" />
	  <i3dMapping id="wheels" node="0>0|0" />
	  <i3dMapping id="axisTrans" node="0>0|0|0" />
	  <i3dMapping id="axisFrontLeftRot" node="0>0|0|0|0" />
	  <i3dMapping id="axisFrontLeft" node="0>0|0|0|0|0" />
	  <i3dMapping id="wheelFrontLeftRot" node="0>0|0|0|0|0|0" />
	  <i3dMapping id="wheelFrontLeft" node="0>0|0|0|0|0|0|0" />
	  <i3dMapping id="steeringBar" node="0>0|0|0|0|0|1" />
	  <i3dMapping id="axisFrontRightRot" node="0>0|0|0|1" />
	  <i3dMapping id="axisFrontRight" node="0>0|0|0|1|0" />
	  <i3dMapping id="wheelFrontRightRot" node="0>0|0|0|1|0|0" />
	  <i3dMapping id="wheelFrontRight" node="0>0|0|0|1|0|0|0" />
	  <i3dMapping id="steeringBarRef" node="0>0|0|0|1|0|1" />
	  <i3dMapping id="wheelBackLeft" node="0>0|0|0|2" />
	  <i3dMapping id="wheelBackRight" node="0>0|0|0|3" />
	  <i3dMapping id="standardChassis" node="0>0|0|1" />
	  <i3dMapping id="liftedChassis" node="0>0|0|2" />
	  <i3dMapping id="lights" node="0>0|1" />
	  <i3dMapping id="frontLightLow" node="0>0|1|0" />
	  <i3dMapping id="frontLightHigh" node="0>0|1|1" />
	  <i3dMapping id="frontLightHigh1" node="0>0|1|1|0" />
	  <i3dMapping id="turnLightLeftFront" node="0>0|1|2" />
	  <i3dMapping id="turnLightRightFront" node="0>0|1|3" />
	  <i3dMapping id="staticLights" node="0>0|1|4" />
	  <i3dMapping id="raptorFrontLights" node="0>0|1|4|0" />
	  <i3dMapping id="raptorBlinkLeft" node="0>0|1|4|1" />
	  <i3dMapping id="raptorBlinkRight" node="0>0|1|4|2" />
	  <i3dMapping id="raptorLightRingsBlue" node="0>0|1|4|3|0" />
	  <i3dMapping id="raptorLightRingsGreen" node="0>0|1|4|3|1" />
	  <i3dMapping id="raptorLightRingsOrange" node="0>0|1|4|3|2" />
	  <i3dMapping id="raptorLightRingsPink" node="0>0|1|4|3|3" />
	  <i3dMapping id="raptorLightRingsPurple" node="0>0|1|4|3|4" />
	  <i3dMapping id="raptorLightRingsRed" node="0>0|1|4|3|5" />
	  <i3dMapping id="raptorLightRingsWhite" node="0>0|1|4|3|6" />
	  <i3dMapping id="raptorLightRingsYellow" node="0>0|1|4|3|7" />
	  <i3dMapping id="cameras" node="0>0|2" />
	  <i3dMapping id="outdoorCameraTarget" node="0>0|2|0" />
	  <i3dMapping id="outdoorCamera1" node="0>0|2|0|0" />
	  <i3dMapping id="indoorCamera1" node="0>0|2|1" />
	  <i3dMapping id="cameraRaycastNode1" node="0>0|2|2" />
	  <i3dMapping id="cameraRaycastNode2" node="0>0|2|3" />
	  <i3dMapping id="cameraRaycastNode3" node="0>0|2|4" />
	  <i3dMapping id="shadowFocusBox" node="0>0|2|5" />
	  <i3dMapping id="playerRoot" node="0>0|3" />
	  <i3dMapping id="player_skin" node="0>0|3|0" />
	  <i3dMapping id="player_rightFoot" node="0>0|3|1" />
	  <i3dMapping id="player_leftFoot" node="0>0|3|2" />
	  <i3dMapping id="exitPoint" node="0>0|4" />
	  <i3dMapping id="trailerAttacherJointBack" node="0>0|5" />
	  <i3dMapping id="electricBack" node="0>0|6" />
	  <i3dMapping id="steeringWheelRot" node="0>0|7" />
	  <i3dMapping id="steeringwheel" node="0>0|7|0" />
	  <i3dMapping id="player_leftHand" node="0>0|7|0|0" />
	  <i3dMapping id="player_rightHand" node="0>0|7|0|1" />
	  <i3dMapping id="steeringWheelDecals" node="0>0|7|0|2" />
	  <i3dMapping id="exhaustParticles" node="0>0|8" />
	  <i3dMapping id="exhaustParticle" node="0>0|8|0" />
	  <i3dMapping id="exhaustParticle2" node="0>0|8|1" />
	  <i3dMapping id="movingParts" node="0>0|9" />
	  <i3dMapping id="gasPedal" node="0>0|9|0" />
	  <i3dMapping id="player_rightFootGas" node="0>0|9|0|0" />
	  <i3dMapping id="brakePedal" node="0>0|9|1" />
	  <i3dMapping id="player_rightFootBrake" node="0>0|9|1|0" />
	  <i3dMapping id="chaftFrontRot" node="0>0|9|2" />
	  <i3dMapping id="chaftFront" node="0>0|9|2|0" />
	  <i3dMapping id="chaftBackRot" node="0>0|9|3" />
	  <i3dMapping id="chaftBack" node="0>0|9|3|0" />
	  <i3dMapping id="indoorHud" node="0>0|11" />
	  <i3dMapping id="needlesRot" node="0>0|11|0" />
	  <i3dMapping id="speedNeedle" node="0>0|11|0|0" />
	  <i3dMapping id="rpmNeedle" node="0>0|11|0|1" />
	  <i3dMapping id="fuelNeedle" node="0>0|11|0|2" />
	  <i3dMapping id="tempNeedle1" node="0>0|11|0|3" />
	  <i3dMapping id="tempNeedle2" node="0>0|11|0|4" />
	  <i3dMapping id="tempNeedle3" node="0>0|11|0|5" />
	  <i3dMapping id="tempNeedle4" node="0>0|11|0|6" />
	  <i3dMapping id="batteryNeedle" node="0>0|11|0|7" />
	  <i3dMapping id="interiorDashLight" node="0>0|11|1" />
	  <i3dMapping id="symbolsLightDecalsRaptor" node="0>0|11|2" />
	  <i3dMapping id="light2SymbolDecal" node="0>0|11|3" />
	  <i3dMapping id="light1SymbolDecal" node="0>0|11|4" />
	  <i3dMapping id="wiperLeft" node="0>0|12|0|0" />
	  <i3dMapping id="wiperRight" node="0>0|12|1|0" />
	  <i3dMapping id="aiCollisionTrigger" node="0>0|13|0" />
	  <i3dMapping id="mirror1" node="0>0|14|0" />
	  <i3dMapping id="standardMirror" node="0>0|16|0|0" />
	  <i3dMapping id="mirror2" node="0>0|16|0|0|0" />
	  <i3dMapping id="mirror3" node="0>0|16|0|0|1" />
	  <i3dMapping id="towMirror" node="0>0|16|0|1" />
	  <i3dMapping id="mirror4" node="0>0|16|0|1|0" />
	  <i3dMapping id="mirror5" node="0>0|16|0|1|1" />
	  <i3dMapping id="stepConfig" node="0>0|16|1" />
	  <i3dMapping id="step" node="0>0|16|1|0" />
	  <i3dMapping id="bumpers" node="0>0|16|2" />
	  <i3dMapping id="raptorStandardBumper" node="0>0|16|2|0" />
	  <i3dMapping id="raptorBumperLight" node="0>0|16|2|0|0" />
	  <i3dMapping id="raptorBumperLightRingBlue" node="0>0|16|2|0|1|0" />
	  <i3dMapping id="raptorBumperLightRingGreen" node="0>0|16|2|0|1|1" />
	  <i3dMapping id="raptorBumperLightRingOrange" node="0>0|16|2|0|1|2" />
	  <i3dMapping id="raptorBumperLightRingPink" node="0>0|16|2|0|1|3" />
	  <i3dMapping id="raptorBumperLightRingPurple" node="0>0|16|2|0|1|4" />
	  <i3dMapping id="raptorBumperLightRingRed" node="0>0|16|2|0|1|5" />
	  <i3dMapping id="raptorBumperLightRingWhite" node="0>0|16|2|0|1|6" />
	  <i3dMapping id="raptorBumperLightRingYellow" node="0>0|16|2|0|1|7" />
	  <i3dMapping id="highBeamLow" node="0>0|16|2|0|2" />
	  <i3dMapping id="highBeamHigh" node="0>0|16|2|0|3" />
	  <i3dMapping id="scarokBumperLightRingBlue" node="0>0|16|2|0|5|0" />
	  <i3dMapping id="scarokBumperLightRingGreen" node="0>0|16|2|0|5|1" />
	  <i3dMapping id="scarokBumperLightRingOrange" node="0>0|16|2|0|5|2" />
	  <i3dMapping id="scarokBumperLightRingPink" node="0>0|16|2|0|5|3" />
	  <i3dMapping id="scarokBumperLightRingPurple" node="0>0|16|2|0|5|4" />
	  <i3dMapping id="scarokBumperLightRingRed" node="0>0|16|2|0|5|5" />
	  <i3dMapping id="scarokBumperLightRingWhite" node="0>0|16|2|0|5|6" />
	  <i3dMapping id="scarokBumperLightRingYellow" node="0>0|16|2|0|5|7" />
	  <i3dMapping id="raptorBumper2" node="0>0|16|2|1" />
	  <i3dMapping id="assetsConfigs" node="0>0|16|3" />
	  <i3dMapping id="lightbar" node="0>0|16|3|0" />
	  <i3dMapping id="ledbarLow" node="0>0|16|3|0|0" />
	  <i3dMapping id="ledbarHigh" node="0>0|16|3|0|1" />
	  <i3dMapping id="highBeamHigh_1" node="0>0|16|3|0|1|0" />
	  <i3dMapping id="highBeamHigh_2" node="0>0|16|3|0|1|1" />
	  <i3dMapping id="beaconbar" node="0>0|16|3|1" />
	  <i3dMapping id="bedAttacher" node="0>0|17" />
	  <i3dMapping id="pickupBladeAttacherJoint" node="0>0|18" />
	</i3dMappings>
</vehicle>
