<?xml version="1.0" encoding="utf-8" standalone="no" ?>
<wheel>
	<default>
		<physics radius="0.49" width="0.39408" mass="0.08" tireType="mud" frictionScale="2.5" maxLongStiffness="8" maxLatStiffness="100" maxLatStiffnessLoad="2" />
    </default>
    <configurations>
		<!-- Single -->
        <configuration id="1" >
			<tire filename="wheels/wheels_rims.i3d" nodeLeft="0|0|0" nodeRight="0|0|0" maxDeformation="0.024" isCareWheel="false" tireTrackAtlasIndex="8" />
            <innerRim filename="wheels/wheels_rims.i3d" nodeLeft="1|0|0" nodeRight="1|0|1" scale="1 1 1" />
        </configuration>
        <configuration id="2" >
			<tire filename="wheels/wheels_rims.i3d" nodeLeft="0|0|0" nodeRight="0|0|0" maxDeformation="0.024" isCareWheel="false" tireTrackAtlasIndex="8" />
            <innerRim filename="wheels/wheels_rims.i3d" nodeLeft="1|1|0" nodeRight="1|1|1" scale="1 1 1" />
        </configuration>
		<configuration id="3" >
			<tire filename="wheels/wheels_rims.i3d" nodeLeft="0|0|0" nodeRight="0|0|0" maxDeformation="0.024" isCareWheel="false" tireTrackAtlasIndex="8" />
            <innerRim filename="wheels/wheels_rims.i3d" nodeLeft="1|2|0" nodeRight="1|2|1" scale="1 1 1" />
        </configuration>
		<!-- Duals -->
		<configuration id="4" >
			<tire filename="wheels/wheels_rims.i3d" nodeLeft="0|1|0" nodeRight="0|1|0" maxDeformation="0.024" isCareWheel="false" tireTrackAtlasIndex="8" />
            <innerRim filename="wheels/wheels_rims.i3d" nodeLeft="1|3|0" nodeRight="1|3|1" scale="1 1 1" />
        </configuration>
        <configuration id="5" >
			<tire filename="wheels/wheels_rims.i3d" nodeLeft="0|1|0" nodeRight="0|1|0" maxDeformation="0.024" offset="-0.146" isCareWheel="false" tireTrackAtlasIndex="8" />
            <innerRim filename="wheels/wheels_rims.i3d" nodeLeft="1|4|0" nodeRight="1|4|1" scale="1 1 1" />
        </configuration>
		<configuration id="6" >
			<tire filename="wheels/wheels_rims.i3d" nodeLeft="0|1|0" nodeRight="0|1|0" maxDeformation="0.024" offset="-0.146" isCareWheel="false" tireTrackAtlasIndex="8" />
            <innerRim filename="wheels/wheels_rims.i3d" nodeLeft="1|5|0" nodeRight="1|5|1" scale="1 1 1" />
        </configuration>
		<configuration id="dual" >
			<tire filename="wheels/wheels_rims.i3d" nodeLeft="0|0|0" nodeRight="0|0|0" maxDeformation="0.024" isCareWheel="false" tireTrackAtlasIndex="8" />
			<innerRim filename="$data/shared/wheels/hubs/hubTrucks.i3d" nodeLeft="5|0" nodeRight="5|1" offset="0.02" scale="0.54 0.54 0.54" />
        </configuration>
		<configuration id="dual1" >
			<tire filename="wheels/wheels_rims.i3d" nodeLeft="0|0|0" nodeRight="0|0|0" maxDeformation="0.024" isCareWheel="false" tireTrackAtlasIndex="8" />
			<innerRim filename="$data/shared/wheels/hubs/hubTrucks.i3d" nodeLeft="0|0" nodeRight="0|1" offset="0.14" scale="0.53 0.53 0.53" />
        </configuration>
    </configurations>
</wheel>
