<?xml version="1.0" encoding="utf-8" standalone="no" ?>
<wheel>
    <default>
        <physics radius="0.57" width="0.315" mass="0.089" tireType="street" frictionScale="1.60" maxLongStiffness="8" maxLatStiffness="100" maxLatStiffnessLoad="2" />
        <tire filename="$data/shared/wheels/lizard/implement/R22_5_DS.i3d" nodeLeft="0|0" nodeRight="0|0" maxDeformation="0.028" isCareWheel="false" tireTrackAtlasIndex="4" />
    </default>
    <configurations>
        <configuration id="truck1" >
            <innerRim filename="wheels/wheels_rims.i3d" nodeLeft="1|0|0" nodeRight="1|0|1" scale="1.07 1.2 1.2" />
        </configuration>
    </configurations>
</wheel>
