<?xml version="1.0" encoding="utf-8" standalone="no"?>
<modDesc descVersion="45">
    <author>Fsfarmer11 Wyatt Speer</author>
    <version>1.0.0.0</version>
    <title>
        <en>Snow Blower</en>   
    </title>
    <description>
        <en>
			A snow blower clears fallen snow by blowing it to the side. With his excellent working width you can clear a road in a couple of seconds!
			It can handle the biggest layer of snow without struggling.
			So just put your cruise control at 15 km/h and start to work your way through the mass of snow.
		</en>
    </description>
	
    <iconFilename>snowBlower_store.dds</iconFilename>
    <multiplayer supported="true"/>
	
    <storeItems>
        <storeItem xmlFilename="snowblower.xml"/>							
    </storeItems>
	<vehicleTypes>
		 <type name="SnowBlower" parent="baseAttachable" className="Vehicle" filename="$dataS/scripts/vehicles/Vehicle.lua">
			<specialization name="turnOnVehicle" />
			<specialization name="fillUnit" />
			<specialization name="fillVolume" />
			<specialization name="cover" />
			<specialization name="dischargeable" />
			<specialization name="bunkerSiloInteractor" />
			<specialization name="shovel" />
			<specialization name="pipe" />
		</type>
	</vehicleTypes>
	
	<l10n>
        <text name="typeDesc_snowBlower">
            <en>Snow Blower</en>
        </text>
        <text name="function_snowBlower">
            <en>A Snow blower clears fallen snow by blowing it to the side.</en>
        </text>
    </l10n>
</modDesc>

