﻿<?xml version="1.0" encoding="utf-8" standalone="no" ?>
<vehicle type="SnowBlower">
    <annotation>Copyright (C) GIANTS Software GmbH, All Rights Reserved.</annotation>

    <storeData>
        <name>
			<en>Snow Blower</en>
		</name>
		<specs>
            <workingWidth>3</workingWidth>
        </specs>
        <functions>
            <function>$l10n_function_snowBlower</function>
        </functions>
        <rotation>0</rotation>
        <image>snowBlower_store.dds</image>
        <price>7950</price>
        <lifetime>600</lifetime>
        <brand>LIZARD</brand>
        <category>skidsteers</category>
    </storeData>

    <base>
        <typeDesc>$l10n_typeDesc_snowBlower</typeDesc>
        <filename>snowblower.i3d</filename>
        <size width="3.5" length="2" />
		<speedLimit value="12"/>
        <components>
            <component centerOfMass="0 0.2 0" solverIterationCount="10" mass="580" />
        </components>
        <schemaOverlay attacherJointPosition="0 0">
            <default name="DEFAULT_IMPLEMENT"/>
            <turnedOn name="DEFAULT_IMPLEMENT_ON"/>
            <selected name="DEFAULT_IMPLEMENT_SELECTED"/>
            <turnedOnSelected name="DEFAULT_IMPLEMENT_SELECTED_ON"/>
        </schemaOverlay>
    </base>

    <attachable>
        <inputAttacherJoints>
            <inputAttacherJoint node="0>0" jointType="skidSteer"/>
        </inputAttacherJoints>
    </attachable>
	<cylindered>
        <movingTools>
            <movingTool node="0>1|3" playSound="true" >
                <controls axis="AXIS_FRONTLOADER_TOOL2" mouseSpeedFactor="0.5" iconName="GRABBER_ROTATE_Y" />
                <rotation rotationAxis="3" rotSpeed="70" rotAcceleration="250" />
            </movingTool>
			<movingTool node="0>1|3|0" playSound="true" >
                <controls axis="AXIS_FRONTLOADER_TOOL4" invertAxis="true" mouseSpeedFactor="0.5" iconName="GRABBER_ROTATE_Y" />
                <rotation rotationAxis="1" rotSpeed="70" rotAcceleration="250" rotMin="-30" rotMax="10" startRot="10" />
                <dependentPart node="hydraulikkUtkast2" />
            </movingTool>
        </movingTools>

        <movingParts>
            <movingPart node="hydraulikkUtkast2" referencePoint="hydraulikkUtkast2Ref" referenceFrame="hydraulikkUtkast2Ref" playSound="true">
                <translatingPart node="hydraulikkUtkast2Sylinder" />
            </movingPart>
        </movingParts>

        <sounds>
            <hydraulic template="DEFAULT_HYDRAULIC_SOUND" linkNode="snowblower_main_component1"/>
        </sounds>
    </cylindered>
	<fillVolumes>
        <dischargeInfos>
            <dischargeInfo>
                <node node="0>1|3|0|0" width="0.1" length="0.1"/>
            </dischargeInfo>
        </dischargeInfos>
    </fillVolumes>
 	<fillUnit>
        <fillUnitConfigurations>
            <fillUnitConfiguration>
                <fillUnits>
                    <fillUnit unit="$l10n_unit_literShort" showOnHud="false" fillTypeCategories="bulk" capacity="1000" showCapacityInShop="false"/>
                </fillUnits>
            </fillUnitConfiguration>
        </fillUnitConfigurations>
    </fillUnit>
	<shovel>
        <shovelNode node="0>1|5" fillUnitIndex="1" width="1.5" length="0.1" yOffset="-0.3" needsMovement="false" needsActivation="true" fillLitersPerSecond="4000"/>
    </shovel>
	<dischargeable>
        <dischargeNode node="0>1|3|0|0" emptySpeed="4000" fillUnitIndex="1" maxDistance="32" stopDischargeOnEmpty="false">
            <info width="0.4" length="0.4" useRaycastHitPosition="true"/>
			<raycast extraDistance="-1" maxDistance="18"/>

            <effects>
				<effectNode 						 effectNode="0>1|6" materialType="unloading" materialTypeId="1" fadeTime="0.5" useDistance="false" fadeScale="0"/>
                <effectNode effectClass="PipeEffect" effectNode="0>1|3|0|1"   materialType="pipe" materialTypeId="1" delay="0.1" maxBending="0.15" shapeScaleSpread="1 1 1 0"/>
            </effects>
        </dischargeNode>
    </dischargeable>
	<pipe>
        <pipeNodes>
            <pipeNode node="0>1|3" rotationSpeeds="40 40 40" autoAimYRotation="true" autoAimInvertZ="false">
                <state1 rotation="0 0 0"/>
            </pipeNode>
            <pipeNode node="0>1|3|0" rotationSpeeds="80 40 40" autoAimXRotation="true">
                <state1 rotation="0 0 0"/>
            </pipeNode>
        </pipeNodes>
        <states num="2" unloading="2" autoAiming="2" turnOnAllowed="2"/>
    </pipe>
	
	<turnOnVehicle turnOffIfNotAllowed="true">
		<animationNodes>
			<animationNode node="0>1|1" type="turnOn" rotSpeed="-1000" rotAxis="2" turnOnFadeTime="1" turnOffFadeTime="3"/>
			<animationNode node="0>1|2" type="turnOn" rotSpeed="1000" rotAxis="1" turnOnFadeTime="1" turnOffFadeTime="3"/>
		</animationNodes>
        <sounds>
            <start template="DEFAULT_MOWER_START" linkNode="0>" />
            <stop template="DEFAULT_MOWER_STOP"   linkNode="0>" />
            <work template="DEFAULT_MOWER_WORK"   linkNode="0>" />
        </sounds>
    </turnOnVehicle>
	
    <foliageBending>
        <bendingNode minX="-0.7" maxX="0.7" minZ="-0.2" maxZ="0.75" yOffset="0" />
    </foliageBending>

    <wearable wearDuration="480" workMultiplier="5" fieldMultiplier="2"/>
    <washable dirtDuration="90" washDuration="1" workMultiplier="2" fieldMultiplier="2"/>

</vehicle>

