<?xml version="1.0" encoding="utf-8" standalone="no" ?>
<GUIProfiles>
    <Profile name="precisionFarmingBaseUi" extends="emptyPanel" >
        <Value name="fixedWidth" value="true"/>
        <Value name="screenAlign" value=""/>
        <Value name="positionOrigin" value=""/>
        <Value name="position" value="0px 0px"/>
        <Value name="size" value="1920px 856px"/>
    </Profile>

    <Profile name="precisionFarmingContentBase" extends="emptyPanel" >
        <Value name="screenAlign" value="topLeft"/>
        <Value name="positionOrigin" value="topLeft"/>
        <Value name="position" value="0px -123px"/>
        <Value name="size" value="1920px 690px"/>
        <Value name="fixedHeight" value="true"/>
    </Profile>

    <Profile name="ingameMenuPrecisionFarmingHeaderIcon" extends="ingameMenuAnimalsHeaderIcon" >
        <Value name="imageUVs" value="65px 1px 62px 62px"/>
        <Value name="imageFilename" value="g_paUIElements"/>
    </Profile>

    <Profile name="ingameMenuPrecisionFarmingLabBackground" extends="baseReference" with="lightFrame">
        <Value name="screenAlign" value="bottomLeft"/>
        <Value name="positionOrigin" value="bottomLeft"/>
        <Value name="position" value="100px 30px"/>
        <Value name="size" value="400px 90px"/>

        <Value name="imageColor" value="0.018 0.016 0.015 0.6"/>
        <Value name="frameThickness" value="1dp 1dp 1dp 1dp"/>
    </Profile>

    <Profile name="ingameMenuPrecisionFarmingLabHeader" extends="ingameMenuFrameHeaderText" with="anchorTopLeft">
        <Value name="position" value="70px -29px"/>
        <Value name="screenAlign" value="topLeft"/>
        <Value name="positionOrigin" value="middleLeft"/>
        <Value name="textSize" value="25px"/>
        <Value name="textBold" value="true"/>
        <Value name="textUpperCase" value="true"/>
    </Profile>

    <Profile name="ingameMenuPrecisionFarmingLabInfo" extends="ingameMenuFrameHeaderText" with="anchorTopLeft">
        <Value name="position" value="5px -60px"/>
        <Value name="textSize" value="17px"/>
        <Value name="textBold" value="false"/>
        <Value name="textUpperCase" value="false"/>
        <Value name="textResizeWidth" value="389px"/>
    </Profile>

    <Profile name="ingameMenuPrecisionFarmingLabIcon" extends="ingameMenuPrecisionFarmingHeaderIcon" with="anchorTopLeft">
        <Value name="position" value="5px -5px"/>
        <Value name="imageUVs" value="0px 0px 64px 64px"/>
        <Value name="size" value="48px 48px"/>
    </Profile>

    <Profile name="ingameMenuPrecisionFarmingResetYieldBackground" extends="baseReference">
        <Value name="screenAlign" value="bottomCenter"/>
        <Value name="positionOrigin" value="bottomCenter"/>
        <Value name="position" value="0px 10px"/>
        <Value name="size" value="390px 40px"/>

        <Value name="imageColor" value="0.018 0.016 0.015 0.9"/>
        <Value name="frameThickness" value="1dp 1dp 1dp 1dp"/>
    </Profile>

    <Profile name="ingameMenuPrecisionFarmingResetYieldButton" extends="ingameMenuSettingsNativeHelpButton" with="anchorTopLeft">
        <Value name="size" value="390px 40px"/>
        <Value name="position" value="0px 0px"/>

        <Value name="textSize" value="18px"/>
        <Value name="textResizeWidth" value="340px"/>
        <Value name="handleFocus" value="false"/>
        <Value name="iconFilename" value="g_baseUIFilename"/>
        <Value name="iconUVs" value="102px 342px 36px 36px"/>
    </Profile>

    <Profile name="ingameMenuPrecisionFarmingResetYieldButtonConsole" extends="ingameMenuPrecisionFarmingResetYieldButton">
        <Value name="inputAction" value="SWITCH_VEHICLE"/>
    </Profile>

    <Profile name="ingameMenuPrecisionFarmingHelpBackground" extends="ingameMenuPrecisionFarmingResetYieldBackground">
        <Value name="screenAlign" value="topRight"/>
        <Value name="positionOrigin" value="topRight"/>
        <Value name="position" value="-85px -20px"/>
        <Value name="size" value="150px 50px"/>
    </Profile>

    <Profile name="ingameMenuPrecisionFarmingHelpButton" extends="ingameMenuPrecisionFarmingResetYieldButton" >
        <Value name="size" value="150px 50px"/>
        <Value name="position" value="0px 0px"/>

        <Value name="textSize" value="18px"/>
        <Value name="textMaxWidth" value="120px"/>
        <Value name="textResizeWidth" value="120px"/>
        <Value name="handleFocus" value="false"/>
        <Value name="iconFilename" value="g_baseUIFilename"/>
        <Value name="iconUVs" value="461px 152px 53px 53px"/>
        <Value name="iconSize" value="32px 32px"/>
    </Profile>

    <Profile name="ingameMenuPrecisionFarmingHelpButtonConsole" extends="ingameMenuPrecisionFarmingHelpButton">
        <Value name="inputAction" value="SWITCH_VEHICLE_BACK"/>
    </Profile>

    <Profile name="ingameMenuPrecisionFarmingStatsBackground" extends="baseReference" with="lightFrame">
        <Value name="screenAlign" value="middleLeft"/>
        <Value name="positionOrigin" value="middleLeft"/>
        <Value name="position" value="100px 0px"/>
        <Value name="size" value="446px 668px"/>

        <Value name="imageColor" value="0.018 0.016 0.015 0.9"/>
        <Value name="frameThickness" value="1dp 1dp 1dp 1dp"/>
    </Profile>

    <Profile name="ingameMenuPrecisionFarmingStatsHeaderField" extends="ingameMenuPrecisionFarmingLabHeader">
        <Value name="position" value="0px -70px"/>
        <Value name="size" value="446px 48px"/>
        <Value name="textSize" value="20px"/>
        <Value name="textAlignment" value="center"/>
        <Value name="textBold" value="false"/>
    </Profile>

    <Profile name="ingameMenuPrecisionFarmingStatsIcon" extends="ingameMenuPrecisionFarmingLabIcon">
        <Value name="imageUVs" value="320px 64px 64px 64px"/>
    </Profile>

    <Profile name="ingameMenuPrecisionFarmingStatsHeaderValues" extends="ingameMenuPrecisionFarmingStatsHeaderField">
        <Value name="position" value="0px -100px"/>
        <Value name="textSize" value="14px"/>
    </Profile>

    <Profile name="ingameMenuPrecisionFarmingStatsTitle" extends="textDefault">
        <Value name="textSize" value="14px"/>
        <Value name="textBold" value="true"/>
        <Value name="textUpperCase" value="true"/>
        <Value name="screenAlign" value="topLeft"/>
        <Value name="positionOrigin" value="middleLeft"/>
    </Profile>
    <Profile name="ingameMenuPrecisionFarmingStatsTitleTotal" extends="ingameMenuPrecisionFarmingStatsTitle">
        <Value name="textSize" value="18px"/>
    </Profile>
    <Profile name="ingameMenuPrecisionFarmingStatsAmount" extends="textDefault">
        <Value name="size" value="275px 13px"/>
        <Value name="textSize" value="14px"/>
        <Value name="textOffset" value="0px 1px"/>
        <Value name="margin" value="5px 0px 0px 0px"/>
        <Value name="textAlignment" value="right"/>
        <Value name="screenAlign" value="topLeft"/>
        <Value name="positionOrigin" value="middleLeft"/>
    </Profile>
    <Profile name="ingameMenuPrecisionFarmingStatsPrice" extends="ingameMenuPrecisionFarmingStatsAmount">
        <Value name="size" value="350px 13px"/>
    </Profile>
    <Profile name="ingameMenuPrecisionFarmingStatsPriceTotal" extends="ingameMenuPrecisionFarmingStatsPrice">
        <Value name="textSize" value="18px"/>
        <Value name="textColor" value="0.9910 0.3865 0.0100 1"/>
    </Profile>

    <Profile name="ingameMenuPrecisionFarmingStatsChange" extends="textDefault">
        <Value name="size" value="65px 13px"/>
        <Value name="textResizeWidth" value="65px"/>
        <Value name="textSize" value="12px"/>
        <Value name="textOffset" value="0px 1px"/>
        <Value name="margin" value="5px 0px 0px 0px"/>
        <Value name="textAlignment" value="left"/>
        <Value name="screenAlign" value="topLeft"/>
        <Value name="positionOrigin" value="middleLeft"/>
    </Profile>

    <Profile name="ingameMenuPrecisionFarmingStatsChangePos" extends="ingameMenuPrecisionFarmingStatsChange">
        <Value name="textColor" value="0.3763 0.6038 0.0782 1"/>
    </Profile>
    <Profile name="ingameMenuPrecisionFarmingStatsChangeNeg" extends="ingameMenuPrecisionFarmingStatsChange">
        <Value name="textColor" value="0.8069 0.0097 0.0097 1"/>
    </Profile>

    <Profile name="ingameMenuPrecisionFarmingStatsSwitchButton" extends="ingameMenuSettingsNativeHelpButton" with="anchorTopLeft">
        <Value name="size" value="406px 40px"/>
        <Value name="position" value="0px -170px"/>

        <Value name="textSize" value="18px"/>
        <Value name="textMaxWidth" value="350px"/>
        <Value name="textResizeWidth" value="350px"/>
        <Value name="handleFocus" value="false"/>
        <Value name="iconFilename" value="g_paUIElements"/>
        <Value name="iconUVs" value="128px 64px 64px 64px"/>
    </Profile>
    <Profile name="ingameMenuPrecisionFarmingStatsSwitchButtonConsole" extends="ingameMenuPrecisionFarmingStatsSwitchButton" >
        <Value name="inputAction" value="MENU_ACTIVATE"/>
    </Profile>

    <Profile name="ingameMenuPrecisionFarmingStatsResetButton" extends="ingameMenuPrecisionFarmingStatsSwitchButton" >
        <Value name="position" value="0px -230px"/>
        <Value name="iconFilename" value="g_baseUIFilename"/>
        <Value name="iconUVs" value="102px 342px 36px 36px"/>
    </Profile>
    <Profile name="ingameMenuPrecisionFarmingStatsResetButtonConsole" extends="ingameMenuPrecisionFarmingStatsResetButton" >
        <Value name="inputAction" value="MENU_EXTRA_1"/>
    </Profile>

    <Profile name="precisionFarmingBuyInfoBase" extends="emptyPanel" >
        <Value name="screenAlign" value="topLeft"/>
        <Value name="positionOrigin" value="topLeft"/>
        <Value name="position" value="0px -60px"/>
        <Value name="size" value="400px 400px"/>
        <Value name="fixedWidth" value="true"/>
    </Profile>

    <Profile name="ingameMenuPrecisionFarmingFieldBuyInfoBackground" extends="baseReference" with="lightFrame">
        <Value name="screenAlign" value="topLeft"/>
        <Value name="positionOrigin" value="topLeft"/>
        <Value name="position" value="100px 0px"/>
        <Value name="size" value="360px 336px"/>

        <Value name="imageColor" value="0.018 0.016 0.015 0.9"/>
        <Value name="frameThickness" value="1dp 1dp 1dp 1dp"/>
    </Profile>

    <Profile name="ingameMenuPrecisionFarmingFieldBuyHeader" extends="ingameMenuPrecisionFarmingLabHeader">
        <Value name="screenAlign" value="topLeft"/>
        <Value name="positionOrigin" value="topLeft"/>
        <Value name="position" value="0px -45px"/>
        <Value name="size" value="360px 48px"/>
        <Value name="textSize" value="20px"/>
        <Value name="textAlignment" value="center"/>
        <Value name="textBold" value="false"/>
    </Profile>

    <Profile name="ingameMenuPrecisionFarmingFieldBuyIcon" extends="ingameMenuPrecisionFarmingLabIcon">
        <Value name="imageUVs" value="192px 64px 64px 64px"/>
    </Profile>

    <Profile name="ingameMenuPrecisionFarmingFieldBuyInfoTitle" extends="textDefault">
        <Value name="textSize" value="16px"/>
        <Value name="textBold" value="true"/>
        <Value name="textUpperCase" value="true"/>
        <Value name="screenAlign" value="topCenter"/>
        <Value name="positionOrigin" value="middleCenter"/>
        <Value name="textAlignment" value="center"/>
    </Profile>
    <Profile name="ingameMenuPrecisionFarmingFieldBuyInfoSubTitle" extends="ingameMenuPrecisionFarmingFieldBuyInfoTitle">
        <Value name="textSize" value="14px"/>
        <Value name="screenAlign" value="topLeft"/>
        <Value name="positionOrigin" value="middleLeft"/>
        <Value name="textBold" value="false"/>
        <Value name="textAlignment" value="right"/>
        <Value name="size" value="115px 13px"/>
        <Value name="textResizeWidth" value="110px"/>
    </Profile>

    <Profile name="ingameMenuPrecisionFarmingFieldBuyInfoBar" extends="baseReference" with="anchorTopLeft">
        <Value name="imageUVs" value="10px 1010px 4px 4px"/>
        <Value name="imageColor" value="1.000 0.016 0.015 1"/>
        <Value name="positionOrigin" value="middleLeft"/>
        <Value name="size" value="120px 15px"/>
    </Profile>

    <Profile name="ingameMenuPrecisionFarmingFieldBuyInfoBarYieldBackground" extends="ingameMenuPrecisionFarmingFieldBuyInfoBar">
        <Value name="imageColor" value="0.1 0.1 0.1 0.2"/>
        <Value name="size" value="320px 25px"/>
    </Profile>

    <Profile name="ingameMenuPrecisionFarmingFieldBuyInfoBarYieldBase" extends="ingameMenuPrecisionFarmingFieldBuyInfoBar">
        <Value name="imageColor" value="0.1 0.1 0.1 0.6"/>
        <Value name="size" value="256px 25px"/>
    </Profile>

    <Profile name="ingameMenuPrecisionFarmingFieldBuyInfoBarYieldNegative" extends="ingameMenuPrecisionFarmingFieldBuyInfoBar">
        <Value name="imageColor" value="1 0.1 0.1 1"/>
        <Value name="size" value="0px 25px"/>
    </Profile>

    <Profile name="ingameMenuPrecisionFarmingFieldBuyInfoBarYieldPositive" extends="ingameMenuPrecisionFarmingFieldBuyInfoBar">
        <Value name="imageColor" value="0.1 1.0 0.1 1"/>
        <Value name="size" value="0px 25px"/>
    </Profile>

    <Profile name="ingameMenuPrecisionFarmingFieldBuyInfoYieldPercentage" extends="textDefault">
        <Value name="size" value="30px 13px"/>
        <Value name="textSize" value="14px"/>
        <Value name="textOffset" value="0px 1px"/>
        <Value name="textAlignment" value="center"/>
        <Value name="screenAlign" value="topLeft"/>
        <Value name="positionOrigin" value="middleLeft"/>
    </Profile>

    <Profile name="ingameMenuPrecisionFarmingFieldBuyInfoAmount" extends="textDefault">
        <Value name="size" value="20px 13px"/>
        <Value name="textSize" value="14px"/>
        <Value name="textOffset" value="0px 0px"/>
        <Value name="margin" value="0px 0px 0px 0px"/>
        <Value name="textAlignment" value="left"/>
        <Value name="screenAlign" value="topLeft"/>
        <Value name="positionOrigin" value="middleLeft"/>
    </Profile>
</GUIProfiles>
