<?xml version="1.0" encoding="utf-8" standalone="no" ?>
<helpLines>
    <category title="$l10n_precisionFarming_helpHeader">
        <page title="$l10n_precisionFarming_helpTitle_01">
            <item type="text" value="$l10n_precisionFarming_helpText_01_part01"/>
            <item type="text" value="$l10n_precisionFarming_helpText_01_part02"/>
            <item type="image" value="$paModDir$/gui/helplineImages03.png" imageUVs="0px 204px 1024px 820px"/>
            <item type="text" value="$l10n_precisionFarming_helpText_01_part03"/>
        </page>
        <page title="$l10n_precisionFarming_helpTitle_02">
            <item type="text" value="$l10n_precisionFarming_helpText_02_part01"/>
            <item type="image" value="$paModDir$/gui/helplineImages01.png" imageUVs="0px 0px 1024px 205px"/>
            <item type="text" value="$l10n_precisionFarming_helpText_02_part02"/>
        </page>
        <page title="$l10n_precisionFarming_helpTitle_03">
            <item type="text" value="$l10n_precisionFarming_helpText_03_part01"/>
            <item type="image" value="$paModDir$/gui/helplineImages01.png" imageUVs="0px 205px 1024px 205px"/>
            <item type="text" value="$l10n_precisionFarming_helpText_03_part02"/>
        </page>
        <page title="$l10n_precisionFarming_helpTitle_04">
            <item type="text" value="$l10n_precisionFarming_helpText_04_part01"/>
            <item type="image" value="$paModDir$/gui/helplineImages01.png" imageUVs="0px 410px 1024px 205px"/>
            <item type="text" value="$l10n_precisionFarming_helpText_04_part02"/>
        </page>
        <page title="$l10n_precisionFarming_helpTitle_05">
            <item type="text" value="$l10n_precisionFarming_helpText_05_part01"/>
            <item type="image" value="$paModDir$/gui/helplineImages01.png" imageUVs="0px 613px 1024px 205px"/>
            <item type="text" value="$l10n_precisionFarming_helpText_05_part02"/>
        </page>
        <page title="$l10n_precisionFarming_helpTitle_06">
            <item type="text" value="$l10n_precisionFarming_helpText_06_part01"/>
            <item type="image" value="$paModDir$/gui/helplineImages01.png" imageUVs="0px 820px 1024px 205px"/>
            <item type="text" value="$l10n_precisionFarming_helpText_06_part02"/>
        </page>
        <page title="$l10n_precisionFarming_helpTitle_07">
            <item type="text" value="$l10n_precisionFarming_helpText_07_part01"/>
            <item type="image" value="$paModDir$/gui/helplineImages02.png" imageUVs="0px 410px 1024px 205px"/>
            <item type="text" value="$l10n_precisionFarming_helpText_07_part02"/>
        </page>
        <page title="$l10n_precisionFarming_helpTitle_08">
            <item type="text" value="$l10n_precisionFarming_helpText_08_part01"/>
            <item type="image" value="$paModDir$/gui/helplineImages02.png" imageUVs="0px 205px 1024px 205px"/>
            <item type="text" value="$l10n_precisionFarming_helpText_08_part02"/>
            <item type="image" value="$paModDir$/gui/helplineImages02.png" imageUVs="0px 0px 1024px 205px"/>
        </page>
    </category>
</helpLines>
