<?xml version="1.0" encoding="utf-8" standalone="no" ?>
<ingameMapExtension>
    <GuiElement type="empty" profile="precisionFarmingBaseUi">
        <GuiElement type="empty" profile="ingameMenuFrameHeaderPanel" position="100px -60px" screenAlign="topLeft" positionOrigin="topLeft">
            <GuiElement type="bitmap" profile="ingameMenuPrecisionFarmingHeaderIcon" position="0px 0px"/>
            <GuiElement type="text" profile="ingameMenuFrameHeaderText" position="80px 0px" text="$l10n_ui_precisionFarming_header"/>
        </GuiElement>

        <GuiElement type="empty" profile="precisionFarmingContentBase">
            <GuiElement type="bitmap" profile="ingameMenuPrecisionFarmingLabBackground" id="laboratoryWindow">
                <GuiElement type="bitmap" profile="ingameMenuPrecisionFarmingLabIcon" />
                <GuiElement type="text" profile="ingameMenuPrecisionFarmingLabHeader" text="$l10n_ui_precisionFarming_laboratory"/>
                <GuiElement type="text" profile="ingameMenuPrecisionFarmingLabInfo" text="$l10n_ui_precisionFarming_laboratory_idle" id="laboratoryInfoText"/>
            </GuiElement>

            <GuiElement type="bitmap" profile="ingameMenuPrecisionFarmingStatsBackground" id="economicAnalysisWindow">
                <GuiElement type="bitmap" profile="ingameMenuPrecisionFarmingStatsIcon" />
                <GuiElement type="text" profile="ingameMenuPrecisionFarmingLabHeader" text="$l10n_ui_precisionFarming_economicAnalysis"/>
                <GuiElement type="text" profile="ingameMenuPrecisionFarmingStatsHeaderField" id="economicAnalysisHeaderField" text="$l10n_ui_precisionFarming_economicAnalysisHeaderField"/>
                <GuiElement type="text" profile="ingameMenuPrecisionFarmingStatsHeaderValues" id="economicAnalysisHeaderValues" text="$l10n_ui_precisionFarming_economicAnalysisHeaderValuesPeriod"/>

                <GuiElement type="bitmap" profile="lineSeparator" size="406px 1px" position="20px -125px" screenAlign="topLeft"/>

                <!-- Left column -->
                <GuiElement type="empty" profile="emptyPanel" position="20px -120px" size="430px 179px" positionOrigin="topLeft" screenAlign="topLeft">
                    <GuiElement type="text" profile="ingameMenuPrecisionFarmingStatsTitle"       position="0px -24px"  text="$l10n_ui_precisionFarming_economicAnalysisSoilSamples" />
                    <GuiElement type="text" profile="ingameMenuPrecisionFarmingStatsTitle"       position="0px -48px"  text="$l10n_ui_precisionFarming_economicAnalysisLime" />
                    <GuiElement type="text" profile="ingameMenuPrecisionFarmingStatsTitle"       position="0px -72px"  text="$l10n_ui_precisionFarming_economicAnalysisFertilizer" />
                    <GuiElement type="text" profile="ingameMenuPrecisionFarmingStatsTitle"       position="0px -96px"  text="$l10n_ui_precisionFarming_economicAnalysisLiquidFertilizer" />
                    <GuiElement type="text" profile="ingameMenuPrecisionFarmingStatsTitle"       position="0px -120px" text="$l10n_ui_precisionFarming_economicAnalysisManure" />
                    <GuiElement type="text" profile="ingameMenuPrecisionFarmingStatsTitle"       position="0px -144px" text="$l10n_ui_precisionFarming_economicAnalysisLiquidManure" />
                    <GuiElement type="text" profile="ingameMenuPrecisionFarmingStatsTitle"       position="0px -168px" text="$l10n_ui_precisionFarming_economicAnalysisSeeds" />
                    <GuiElement type="text" profile="ingameMenuPrecisionFarmingStatsTitle"       position="0px -192px" text="$l10n_ui_precisionFarming_economicAnalysisFuel" />
                    <GuiElement type="text" profile="ingameMenuPrecisionFarmingStatsTitle"       position="0px -216px" text="$l10n_ui_precisionFarming_economicAnalysisVehicleMaintenance" />
                    <GuiElement type="text" profile="ingameMenuPrecisionFarmingStatsTitle"       position="0px -240px" text="$l10n_ui_precisionFarming_economicAnalysisAIHelperCosts" />

                    <GuiElement type="text" profile="ingameMenuPrecisionFarmingStatsAmount"      position="0px -24px"   id="statAmountText[1]" text="" />
                    <GuiElement type="text" profile="ingameMenuPrecisionFarmingStatsAmount"      position="0px -48px"   id="statAmountText[2]" text="" />
                    <GuiElement type="text" profile="ingameMenuPrecisionFarmingStatsAmount"      position="0px -72px"   id="statAmountText[3]" text="" />
                    <GuiElement type="text" profile="ingameMenuPrecisionFarmingStatsAmount"      position="0px -96px"   id="statAmountText[4]" text="" />
                    <GuiElement type="text" profile="ingameMenuPrecisionFarmingStatsAmount"      position="0px -120px"  id="statAmountText[5]" text="" />
                    <GuiElement type="text" profile="ingameMenuPrecisionFarmingStatsAmount"      position="0px -144px"  id="statAmountText[6]" text="" />
                    <GuiElement type="text" profile="ingameMenuPrecisionFarmingStatsAmount"      position="0px -168px"  id="statAmountText[7]" text="" />
                    <GuiElement type="text" profile="ingameMenuPrecisionFarmingStatsAmount"      position="0px -192px"  id="statAmountText[8]" text="" />
                    <GuiElement type="text" profile="ingameMenuPrecisionFarmingStatsAmount"      position="0px -216px"  id="statAmountText[9]" text="" />
                    <GuiElement type="text" profile="ingameMenuPrecisionFarmingStatsAmount"      position="0px -240px"  id="statAmountText[10]" text="" />

                    <GuiElement type="text" profile="ingameMenuPrecisionFarmingStatsPrice"       position="0px -24px"   id="statCostText[1]" text="0" />
                    <GuiElement type="text" profile="ingameMenuPrecisionFarmingStatsPrice"       position="0px -48px"   id="statCostText[2]" text="0" />
                    <GuiElement type="text" profile="ingameMenuPrecisionFarmingStatsPrice"       position="0px -72px"   id="statCostText[3]" text="0" />
                    <GuiElement type="text" profile="ingameMenuPrecisionFarmingStatsPrice"       position="0px -96px"   id="statCostText[4]" text="0" />
                    <GuiElement type="text" profile="ingameMenuPrecisionFarmingStatsPrice"       position="0px -120px"  id="statCostText[5]" text="0" />
                    <GuiElement type="text" profile="ingameMenuPrecisionFarmingStatsPrice"       position="0px -144px"  id="statCostText[6]" text="0" />
                    <GuiElement type="text" profile="ingameMenuPrecisionFarmingStatsPrice"       position="0px -168px"  id="statCostText[7]" text="0" />
                    <GuiElement type="text" profile="ingameMenuPrecisionFarmingStatsPrice"       position="0px -192px"  id="statCostText[8]" text="0" />
                    <GuiElement type="text" profile="ingameMenuPrecisionFarmingStatsPrice"       position="0px -216px"  id="statCostText[9]" text="0" />
                    <GuiElement type="text" profile="ingameMenuPrecisionFarmingStatsPrice"       position="0px -240px"  id="statCostText[10]" text="0" />

                    <GuiElement type="text" profile="ingameMenuPrecisionFarmingStatsChangePos"   position="356px -24px"   id="statPercentageText[1]" text="" />
                    <GuiElement type="text" profile="ingameMenuPrecisionFarmingStatsChangePos"   position="356px -48px"   id="statPercentageText[2]" text="" />
                    <GuiElement type="text" profile="ingameMenuPrecisionFarmingStatsChangePos"   position="356px -72px"   id="statPercentageText[3]" text="" />
                    <GuiElement type="text" profile="ingameMenuPrecisionFarmingStatsChangePos"   position="356px -96px"   id="statPercentageText[4]" text="" />
                    <GuiElement type="text" profile="ingameMenuPrecisionFarmingStatsChangePos"   position="356px -120px"  id="statPercentageText[5]" text="" />
                    <GuiElement type="text" profile="ingameMenuPrecisionFarmingStatsChangePos"   position="356px -144px"  id="statPercentageText[6]" text="" />
                    <GuiElement type="text" profile="ingameMenuPrecisionFarmingStatsChangePos"   position="356px -168px"  id="statPercentageText[7]" text="" />
                    <GuiElement type="text" profile="ingameMenuPrecisionFarmingStatsChangePos"   position="356px -192px"  id="statPercentageText[8]" text="" />
                    <GuiElement type="text" profile="ingameMenuPrecisionFarmingStatsChangePos"   position="356px -216px"  id="statPercentageText[9]" text="" />
                    <GuiElement type="text" profile="ingameMenuPrecisionFarmingStatsChangePos"   position="356px -240px"  id="statPercentageText[10]" text="" />
                </GuiElement>

                <!-- Left column -->
                <GuiElement type="empty" profile="emptyPanel" position="20px -378px" size="406px 179px" positionOrigin="topLeft" screenAlign="topLeft">
                    <GuiElement type="bitmap" profile="lineSeparator" size="406px 1px" position="0px 0px" screenAlign="topLeft"/>

                    <GuiElement type="text" profile="ingameMenuPrecisionFarmingStatsTitle"       position="0px -24px"   text="$l10n_ui_precisionFarming_economicAnalysisYield" />
                    <GuiElement type="text" profile="ingameMenuPrecisionFarmingStatsAmount"      position="0px -24px"   id="statAmountText[11]" text="" />
                    <GuiElement type="text" profile="ingameMenuPrecisionFarmingStatsPrice"       position="0px -24px"   id="statCostText[11]" text="0" />
                    <GuiElement type="text" profile="ingameMenuPrecisionFarmingStatsChangePos"   position="356px -24px" id="statPercentageText[11]" text="" />

                    <GuiElement type="bitmap" profile="lineSeparator" size="406px 1px" position="0px -38px" screenAlign="topLeft"/>

                    <GuiElement type="text" profile="ingameMenuPrecisionFarmingStatsTitle"       position="0px -72px"   text="$l10n_ui_precisionFarming_economicAnalysisTotalCosts" />
                    <GuiElement type="text" profile="ingameMenuPrecisionFarmingStatsPrice"       position="0px -72px"   id="statTotalCostText" text="0" />
                    <GuiElement type="text" profile="ingameMenuPrecisionFarmingStatsChangePos"   position="356px -72px" id="statTotalCostPercentageText" text="" />


                    <GuiElement type="text" profile="ingameMenuPrecisionFarmingStatsTitle"       position="0px -96px"   text="$l10n_ui_precisionFarming_economicAnalysisTotalEarnings" />
                    <GuiElement type="text" profile="ingameMenuPrecisionFarmingStatsPrice"       position="0px -96px"   id="statTotalEarningsText" text="0" />
                    <GuiElement type="text" profile="ingameMenuPrecisionFarmingStatsChangePos"   position="356px -96px" id="statTotalEarningsPercentageText" text="" />

                    <GuiElement type="bitmap" profile="lineSeparator" size="406px 1px" position="0px -110px" screenAlign="topLeft"/>

                    <GuiElement type="text" profile="ingameMenuPrecisionFarmingStatsTitleTotal"  position="0px -138px"   text="$l10n_ui_precisionFarming_economicAnalysisTotal" />
                    <GuiElement type="text" profile="ingameMenuPrecisionFarmingStatsPriceTotal"  position="0px -138px"   id="statTotalText" text="0" />
                    <GuiElement type="text" profile="ingameMenuPrecisionFarmingStatsChangePos"   position="356px -138px" id="statTotalPercentageText" text="" />

                    <GuiElement type="button" profile="ingameMenuPrecisionFarmingStatsResetButton" text="$l10n_ui_precisionFarming_economicAnalysisReset" id="buttonResetStats" onClick="onClickButtonResetStats"/>
                    <GuiElement type="button" profile="ingameMenuPrecisionFarmingStatsSwitchButton" text="$l10n_ui_precisionFarming_economicAnalysisButtonPeriod" id="buttonSwitchValues" onClick="onClickButtonSwitchValues"/>
                </GuiElement>
            </GuiElement>
        </GuiElement>

        <GuiElement type="bitmap" profile="ingameMenuPrecisionFarmingResetYieldBackground" id="resetYieldButtonBackground">
            <GuiElement type="button" profile="ingameMenuPrecisionFarmingResetYieldButton" id="resetYieldButton" text="$l10n_ui_precisionFarming_resetYield" onClick="onClickButtonResetYield"/>
        </GuiElement>

        <GuiElement type="bitmap" profile="ingameMenuPrecisionFarmingHelpBackground" id="helpButtonBackground">
            <GuiElement type="button" profile="ingameMenuPrecisionFarmingHelpButton" id="helpButton" text="$l10n_ui_precisionFarming_help" onClick="onClickButtonHelp"/>
        </GuiElement>
    </GuiElement>

    <GuiElement type="empty" profile="precisionFarmingBuyInfoBase">
        <GuiElement type="bitmap" profile="ingameMenuPrecisionFarmingFieldBuyInfoBackground" id="fieldBuyInfoWindow">
            <GuiElement type="bitmap" profile="ingameMenuPrecisionFarmingFieldBuyIcon" />
            <GuiElement type="text" profile="ingameMenuPrecisionFarmingLabHeader" text="$l10n_ui_precisionFarming_fieldBuyInfo_header"/>
            <GuiElement type="text" profile="ingameMenuPrecisionFarmingFieldBuyHeader" id="fieldBuyHeader" text="$l10n_ui_precisionFarming_economicAnalysisHeaderField"/>

            <GuiElement type="bitmap" profile="lineSeparator" size="320px 2px" position="20px -90px" screenAlign="topLeft"/>

            <GuiElement type="empty" profile="emptyPanel" position="20px -95px" size="320px 179px" positionOrigin="topLeft" screenAlign="topLeft">
                <GuiElement type="text" profile="ingameMenuPrecisionFarmingFieldBuyInfoTitle"       position="0px -14px"  text="$l10n_ui_precisionFarming_fieldBuyInfo_soilDis" />

                <GuiElement type="text" profile="ingameMenuPrecisionFarmingFieldBuyInfoSubTitle"    position="0px -48px"  id="soilNameText[1]" text="" />
                <GuiElement type="text" profile="ingameMenuPrecisionFarmingFieldBuyInfoSubTitle"    position="0px -72px"  id="soilNameText[2]" text="" />
                <GuiElement type="text" profile="ingameMenuPrecisionFarmingFieldBuyInfoSubTitle"    position="0px -96px"  id="soilNameText[3]" text="" />
                <GuiElement type="text" profile="ingameMenuPrecisionFarmingFieldBuyInfoSubTitle"    position="0px -120px" id="soilNameText[4]" text="" />

                <GuiElement type="text" profile="ingameMenuPrecisionFarmingFieldBuyInfoAmount"      position="0px -48px"   id="soilPercentageText[1]" text="" />
                <GuiElement type="text" profile="ingameMenuPrecisionFarmingFieldBuyInfoAmount"      position="0px -72px"   id="soilPercentageText[2]" text="" />
                <GuiElement type="text" profile="ingameMenuPrecisionFarmingFieldBuyInfoAmount"      position="0px -96px"   id="soilPercentageText[3]" text="" />
                <GuiElement type="text" profile="ingameMenuPrecisionFarmingFieldBuyInfoAmount"      position="0px -120px"  id="soilPercentageText[4]" text="" />

                <GuiElement type="bitmap" profile="ingameMenuPrecisionFarmingFieldBuyInfoBar" position="130px -50px"  id="soilPercentageBar[1]" />
                <GuiElement type="bitmap" profile="ingameMenuPrecisionFarmingFieldBuyInfoBar" position="130px -74px"  id="soilPercentageBar[2]" />
                <GuiElement type="bitmap" profile="ingameMenuPrecisionFarmingFieldBuyInfoBar" position="130px -98px"  id="soilPercentageBar[3]" />
                <GuiElement type="bitmap" profile="ingameMenuPrecisionFarmingFieldBuyInfoBar" position="130px -122px" id="soilPercentageBar[4]" />


                <GuiElement type="text" profile="ingameMenuPrecisionFarmingFieldBuyInfoTitle"       position="0px -155px" text="$l10n_ui_precisionFarming_fieldBuyInfo_yieldPot" />

                <GuiElement type="text" profile="ingameMenuPrecisionFarmingFieldBuyInfoYieldPercentage" position="0px -180px"  id="yieldPercentageText" text="" />

                <GuiElement type="bitmap" profile="ingameMenuPrecisionFarmingFieldBuyInfoBarYieldBackground" position="0px -205px"/>
                <GuiElement type="bitmap" profile="ingameMenuPrecisionFarmingFieldBuyInfoBarYieldBase" position="0px -205px" id="yieldPercentageBarBase"/>
                <GuiElement type="bitmap" profile="ingameMenuPrecisionFarmingFieldBuyInfoBarYieldPositive" position="0px -205px"  id="yieldPercentageBarPos" />
                <GuiElement type="bitmap" profile="ingameMenuPrecisionFarmingFieldBuyInfoBarYieldNegative" position="0px -205px"  id="yieldPercentageBarNeg" />
            </GuiElement>
        </GuiElement>
    </GuiElement>
</ingameMapExtension>
