<?xml version="1.0" encoding="utf-8" standalone="no" ?>
<placeable>
    <storeData>
        <name>$l10n_shopItem_garageRtkStation</name>
        <image>placeables/rtkStation/store_genericGarage.png</image>
        <functions>
            <function>$l10n_function_rtkStation</function>
        </functions>
        <price>39500</price>
        <dailyUpkeep>25</dailyUpkeep>
        <canBeSold>true</canBeSold>
        <showInStore>true</showInStore>
        <lifetime>1000</lifetime>
        <rotation>0</rotation>
        <brand>JOHNDEERE</brand>
        <species>placeable</species>
        <category>placeableMisc</category>
        <vertexBufferMemoryUsage>34880</vertexBufferMemoryUsage>
        <indexBufferMemoryUsage>6336</indexBufferMemoryUsage>
        <textureMemoryUsage>1136168</textureMemoryUsage>
        <instanceVertexBufferMemoryUsage>0</instanceVertexBufferMemoryUsage>
        <instanceIndexBufferMemoryUsage>0</instanceIndexBufferMemoryUsage>
    </storeData>

    <placeableType>rtkStation</placeableType>
    <filename>placeables/rtkStation/genericGarage.i3d</filename>
    <placement testSizeX="13" testSizeZ="22" sizeX="13" sizeZ="22" useRandomYRotation="false" useManualYRotation="true" placementPositionSnapSize="0.5"/>

    <tipOcclusionUpdateArea sizeX="13" sizeZ="22" />

    <clearAreas>
        <clearArea startNode="0|0" widthNode="0|1" heightNode="0|2"/>
    </clearAreas>

    <leveling requireLeveling="true" maxSmoothDistance="10" maxSlope="75" maxEdgeAngle="30">
        <levelAreas>
            <levelArea startNode="1|0" widthNode="1|1" heightNode="1|2" groundType="asphalt"/>
            <levelArea startNode="1|3" widthNode="1|4" heightNode="1|5" groundType="asphalt"/>
        </levelAreas>
    </leveling>

    <animatedObjects>
        <animatedObject saveId="door" >
            <animation duration="5">
                <part node="2|0">
                    <keyFrame time="0.000" translation="-0.0 0.855 9.95" />
                    <keyFrame time="0.153" translation="-0.0 1.747 9.95" />
                    <keyFrame time="0.322" translation="-0.0 2.637 9.95" />
                    <keyFrame time="0.492" translation="-0.0 3.528 9.95" />
                    <keyFrame time="0.661" translation="-0.0 4.42 9.95" />
                    <keyFrame time="0.831" translation="-0.0 5.312 9.95"  rotation="0.0 0.0 0.0" />
                    <keyFrame time="0.915" translation="-0.0 5.747 9.941" rotation="-0.774 0.0 0.0" />
                    <keyFrame time="0.932" translation="-0.0 5.828 9.912" rotation="-2.663 0.0 0.0" />
                    <keyFrame time="0.949" translation="-0.0 5.91 9.873"  rotation="-5.454 0.0 0.0" />
                    <keyFrame time="0.966" translation="-0.0 5.986 9.809" rotation="-10.04 0.0 0.0" />
                    <keyFrame time="0.983" translation="-0.0 6.058 9.723" rotation="-16.145 0.0 0.0" />
                    <keyFrame time="1.000" translation="-0.0 6.114 9.615" rotation="-24.493 0.0 0.0" />
                </part>

                <part node="2|0|0">
                    <keyFrame time="0.000"  rotation="0.0 0.0 0.0" />
                    <keyFrame time="0.661"  rotation="0.0 0.0 0.0" />
                    <keyFrame time="0.746"  rotation="-0.589 0.0 0.0" />
                    <keyFrame time="0.763"  rotation="-2.873 0.0 0.0" />
                    <keyFrame time="0.780"  rotation="-5.901 0.0 0.0" />
                    <keyFrame time="0.797"  rotation="-10.588 0.0 0.0" />
                    <keyFrame time="0.814"  rotation="-16.325 0.0 0.0" />
                    <keyFrame time="0.831"  rotation="-23.378 0.0 0.0" />
                    <keyFrame time="0.864"  rotation="-39.395 0.0 0.0" />
                    <keyFrame time="0.881"  rotation="-47.452 0.0 0.0" />
                    <keyFrame time="0.915"  rotation="-60.783 0.0 0.0" />
                    <keyFrame time="0.932"  rotation="-64.786 0.0 0.0" />
                    <keyFrame time="0.949"  rotation="-67.778 0.0 0.0" />
                    <keyFrame time="0.966"  rotation="-68.744 0.0 0.0" />
                    <keyFrame time="0.983"  rotation="-67.699 0.0 0.0" />
                    <keyFrame time="1.000"  rotation="-63.429 0.0 0.0" />
                </part>

                <part node="2|0|0|0">
                    <keyFrame time="0.000"   rotation="0.0 0.0 0.0" />
                    <keyFrame time="0.492"   rotation="0.0 0.0 0.0" />
                    <keyFrame time="0.576"   rotation="-0.682 0.0 0.0" />
                    <keyFrame time="0.593"   rotation="-2.303 0.0 0.0" />
                    <keyFrame time="0.61"    rotation="-6.038 0.0 0.0" />
                    <keyFrame time="0.627"   rotation="-10.393 0.0 0.0" />
                    <keyFrame time="0.644"   rotation="-16.23 0.0 0.0" />
                    <keyFrame time="0.661"   rotation="-23.529 0.0 0.0" />
                    <keyFrame time="0.695"   rotation="-40.019 0.0 0.0" />
                    <keyFrame time="0.712"   rotation="-48.175 0.0 0.0" />
                    <keyFrame time="0.746"   rotation="-61.86 0.0 0.0" />
                    <keyFrame time="0.763"   rotation="-65.831 0.0 0.0" />
                    <keyFrame time="0.780"   rotation="-68.825 0.0 0.0" />
                    <keyFrame time="0.797"   rotation="-69.361 0.0 0.0" />
                    <keyFrame time="0.814"   rotation="-68.087 0.0 0.0" />
                    <keyFrame time="0.831"   rotation="-64.261 0.0 0.0" />
                    <keyFrame time="0.847"   rotation="-58.349 0.0 0.0" />
                    <keyFrame time="0.864"   rotation="-50.883 0.0 0.0" />
                    <keyFrame time="0.881"   rotation="-42.78 0.0 0.0" />
                    <keyFrame time="0.915"   rotation="-29.119 0.0 0.0" />
                    <keyFrame time="0.932"   rotation="-23.104 0.0 0.0" />
                    <keyFrame time="0.949"   rotation="-17.202 0.0 0.0" />
                    <keyFrame time="0.966"   rotation="-11.488 0.0 0.0" />
                    <keyFrame time="0.983"   rotation="-6.342 0.0 0.0" />
                    <keyFrame time="1.000"   rotation="-2.1 0.0 0.0" />
                </part>

                <part node="2|0|0|0|0">
                    <keyFrame time="0.000"   rotation="0.0 0.0 0.0"/>
                    <keyFrame time="0.322"   rotation="0.0 0.0 0.0"/>
                    <keyFrame time="0.407"   rotation="-0.908 0.0 0.0" />
                    <keyFrame time="0.424"   rotation="-2.696 0.0 0.0" />
                    <keyFrame time="0.441"   rotation="-5.799 0.0 0.0" />
                    <keyFrame time="0.458"   rotation="-10.495 0.0 0.0" />
                    <keyFrame time="0.475"   rotation="-15.959 0.0 0.0" />
                    <keyFrame time="0.492"   rotation="-23.648 0.0 0.0" />
                    <keyFrame time="0.542"   rotation="-47.731 0.0 0.0" />
                    <keyFrame time="0.576"   rotation="-61.821 0.0 0.0" />
                    <keyFrame time="0.593"   rotation="-66.55 0.0 0.0" />
                    <keyFrame time="0.61"    rotation="-68.586 0.0 0.0" />
                    <keyFrame time="0.627"   rotation="-69.593 0.0 0.0" />
                    <keyFrame time="0.644"   rotation="-68.179 0.0 0.0" />
                    <keyFrame time="0.661"   rotation="-64.124 0.0 0.0" />
                    <keyFrame time="0.678"   rotation="-57.931 0.0 0.0" />
                    <keyFrame time="0.695"   rotation="-50.071 0.0 0.0" />
                    <keyFrame time="0.712"   rotation="-42.098 0.0 0.0" />
                    <keyFrame time="0.746"   rotation="-28.354 0.0 0.0" />
                    <keyFrame time="0.780"   rotation="-15.724 0.0 0.0" />
                    <keyFrame time="0.797"   rotation="-10.357 0.0 0.0" />
                    <keyFrame time="0.814"   rotation="-5.822 0.0 0.0" />
                    <keyFrame time="0.831"   rotation="-2.5 0.0 0.0" />
                    <keyFrame time="0.847"   rotation="-0.18 0.0 0.0" />
                    <keyFrame time="0.864"   rotation="0.526 0.0 0.0" />
                    <keyFrame time="0.881"   rotation="0.692 0.0 0.0" />
                    <keyFrame time="0.898"   rotation="0.649 0.0 0.0" />
                    <keyFrame time="0.915"   rotation="0.671 0.0 0.0" />
                    <keyFrame time="1.000"   rotation="0.0 0.0 0.0" />
                </part>

                <part node="2|0|0|0|0|0">
                    <keyFrame time="0.153" rotation="0.0 0.0 0.0" />
                    <keyFrame time="0.237" rotation="-0.82 0.0 0.0" />
                    <keyFrame time="0.254" rotation="-2.572 0.0 0.0" />
                    <keyFrame time="0.271" rotation="-5.76 0.0 0.0" />
                    <keyFrame time="0.288" rotation="-10.292 0.0 0.0" />
                    <keyFrame time="0.305" rotation="-15.953 0.0 0.0" />
                    <keyFrame time="0.322" rotation="-23.15 0.0 0.0" />
                    <keyFrame time="0.356" rotation="-39.404 0.0 0.0" />
                    <keyFrame time="0.373" rotation="-47.629 0.0 0.0" />
                    <keyFrame time="0.407" rotation="-61.543 0.0 0.0" />
                    <keyFrame time="0.424" rotation="-65.831 0.0 0.0" />
                    <keyFrame time="0.441" rotation="-68.604 0.0 0.0" />
                    <keyFrame time="0.458" rotation="-69.38 0.0 0.0" />
                    <keyFrame time="0.475" rotation="-68.466 0.0 0.0" />
                    <keyFrame time="0.492" rotation="-63.946 0.0 0.0" />
                    <keyFrame time="0.508" rotation="-57.954 0.0 0.0" />
                    <keyFrame time="0.576" rotation="-28.01 0.0 0.0" />
                    <keyFrame time="0.593" rotation="-21.478 0.0 0.0" />
                    <keyFrame time="0.610" rotation="-15.685 0.0 0.0" />
                    <keyFrame time="0.627" rotation="-10.285 0.0 0.0" />
                    <keyFrame time="0.644" rotation="-5.798 0.0 0.0" />
                    <keyFrame time="0.661" rotation="-2.556 0.0 0.0" />
                    <keyFrame time="0.678" rotation="-0.181 0.0 0.0" />
                    <keyFrame time="0.695" rotation="0.27 0.0 0.0" />
                    <keyFrame time="0.712" rotation="0.725 0.0 0.0" />
                    <keyFrame time="0.746" rotation="0.9 0.0 0.0" />
                    <keyFrame time="0.831" rotation="0.0 0.0 0.0" />
                </part>

                <part node="2|0|0|0|0|0|0">
                    <keyFrame time="0.000" rotation="0.0 0.0 0.0"  />
                    <keyFrame time="0.068" rotation="-0.287 0.0 0.0" />
                    <keyFrame time="0.102" rotation="-5.023 0.0 0.0" />
                    <keyFrame time="0.119" rotation="-9.314 0.0 0.0" />
                    <keyFrame time="0.136" rotation="-15.693 0.0 0.0" />
                    <keyFrame time="0.153" rotation="-23.698 0.0 0.0" />
                    <keyFrame time="0.186" rotation="-40.126 0.0 0.0" />
                    <keyFrame time="0.237" rotation="-61.859 0.0 0.0" />
                    <keyFrame time="0.254" rotation="-65.913 0.0 0.0" />
                    <keyFrame time="0.271" rotation="-68.644 0.0 0.0" />
                    <keyFrame time="0.288" rotation="-69.631 0.0 0.0" />
                    <keyFrame time="0.305" rotation="-68.593 0.0 0.0" />
                    <keyFrame time="0.322" rotation="-64.784 0.0 0.0" />
                    <keyFrame time="0.339" rotation="-58.423 0.0 0.0" />
                    <keyFrame time="0.373" rotation="-42.484 0.0 0.0" />
                    <keyFrame time="0.407" rotation="-27.857 0.0 0.0" />
                    <keyFrame time="0.458" rotation="-10.206 0.0 0.0" />
                    <keyFrame time="0.475" rotation="-5.622 0.0 0.0" />
                    <keyFrame time="0.492" rotation="-2.82 0.0 0.0" />
                    <keyFrame time="0.508" rotation="-0.034 0.0 0.0" />
                    <keyFrame time="0.525" rotation="0.29 0.0 0.0" />
                    <keyFrame time="0.542" rotation="1.485 0.0 0.0" />
                    <keyFrame time="0.559" rotation="0.835 0.0 0.0" />
                    <keyFrame time="0.576" rotation="0.568 0.0 0.0" />
                    <keyFrame time="0.661" rotation="0.0 0.0 0.0" />
                </part>
            </animation>
            <controls triggerNode="2|1" posAction="ACTIVATE_HANDTOOL" posText="action_openGate" negText="action_closeGate" />
            <sounds>
                <moving file="$data/sounds/prefab/gate/gate_loop.wav" loops="0" linkNode="2|0" volume="0.8" radius="25" innerRadius="3" fadeOut="0.25"/>
                <posEnd file="$data/sounds/prefab/gate/gate_opened.wav" linkNode="2|0" volume="0.8" radius="25" innerRadius="3" />
                <negEnd file="$data/sounds/prefab/gate/gate_closed.wav" linkNode="2|0" volume="0.8" radius="25" innerRadius="3" />
            </sounds>
        </animatedObject>
    </animatedObjects>
</placeable>
