<?xml version="1.0" encoding="utf-8" standalone="no" ?>
<placeable>
    <storeData>
        <name>$l10n_shopItem_rtkStation</name>
        <image>placeables/rtkStation/store_rtkStation.png</image>
        <functions>
            <function>$l10n_function_rtkStation</function>
        </functions>
        <price>17500</price>
        <dailyUpkeep>10</dailyUpkeep>
        <canBeSold>true</canBeSold>
        <showInStore>true</showInStore>
        <lifetime>1000</lifetime>
        <rotation>0</rotation>
        <brand>JOHNDEERE</brand>
        <species>placeable</species>
        <category>placeableMisc</category>
        <vertexBufferMemoryUsage>34880</vertexBufferMemoryUsage>
        <indexBufferMemoryUsage>6336</indexBufferMemoryUsage>
        <textureMemoryUsage>1136168</textureMemoryUsage>
        <instanceVertexBufferMemoryUsage>0</instanceVertexBufferMemoryUsage>
        <instanceIndexBufferMemoryUsage>0</instanceIndexBufferMemoryUsage>
    </storeData>

    <placeableType>rtkStation</placeableType>
    <filename>placeables/rtkStation/rtkStation.i3d</filename>
    <placement testSizeX="2" testSizeZ="2" sizeX="2" sizeZ="2" useRandomYRotation="false" useManualYRotation="true" />

    <tipOcclusionUpdateArea sizeX="4" sizeZ="4" />

    <clearAreas>
        <clearArea startNode="0|0" widthNode="0|1" heightNode="0|2"/>
    </clearAreas>

    <leveling requireLeveling="true" maxSmoothDistance="10" maxSlope="75" maxEdgeAngle="30">
        <levelAreas>
            <levelArea startNode="1|0" widthNode="1|1" heightNode="1|2"/>
        </levelAreas>
    </leveling>
</placeable>
