<?xml version="1.0" encoding="utf-8" standalone="no" ?>
<wheel>	
	<default>
        <physics radius="1.02" width="1.1" mass="0.426" tireType="mud" frictionScale="1.60" maxLongStiffness="13" maxLatStiffness="150" maxLatStiffnessLoad="2" />
        <tire filename="wheels/wheelsFile.i3d" nodeLeft="5|0" nodeRight="5|0" maxDeformation="0.101" isCareWheel="false" tireTrackAtlasIndex="9" />
        <innerRim filename="wheels/wheelsFile.i3d" nodeLeft="5|1" nodeRight="5|2" />
    </default>
	<configurations>
		<configuration id="weight" >
			<innerRim filename="wheels/wheelsFile.i3d" nodeLeft="5|1" nodeRight="5|2" />
			<additional filename="wheels/wheelsFile.i3d" nodeLeft="1|0" nodeRight="1|1" offset="0.169" mass="1" />
        </configuration>
    </configurations>
</wheel>
