<?xml version="1.0" encoding="utf-8" standalone="no" ?>
<crawler>
    <file name="wheels/Tracks.i3d" leftNode="1|1" rightNode="1|0"/>
<scrollerNodes>
        <scrollerNode node="7" scrollSpeed="-0.2" scrollLength="8.23" shaderParameterName="scrollPosition" shaderParameterComponent="1"/>
    </scrollerNodes>
    <rotatingParts>
        <rotatingPart node="1" radius="0.36" />
        <rotatingPart node="2" radius="0.36" />
        <rotatingPart node="3" radius="0.56" />
        <rotatingPart node="4" radius="0.184" />
        <rotatingPart node="5" radius="0.184" />    
		<rotatingPart node="6" radius="0.184" /> 
    </rotatingParts>
	<objectChange node="0" visibilityActive="false"/>
	<objectChange node="7" visibilityActive="true"/>
</crawler>