<?xml version="1.0" encoding="utf-8" standalone="no" ?>
<crawler>
    <file name="wheels/Tracks.i3d" leftNode="2|1" rightNode="2|0"/>
    <scrollerNodes>
        <scrollerNode node="0" scrollSpeed="-0.2" scrollLength="8.23" shaderParameterName="scrollPosition" shaderParameterComponent="1"/>
    </scrollerNodes>
    <rotatingParts>
        <rotatingPart node="1" radius="0.36" />
        <rotatingPart node="2" radius="0.36" />
        <rotatingPart node="3" radius="0.56" />
        <rotatingPart node="4" radius="0.184" />
        <rotatingPart node="5" radius="0.184" />    
    </rotatingParts>
	    <objectChange node="0" scaleActive="0.98 0.905 0.98"/>
		<objectChange node="0" 	translationActive="0 -0.1 0.02"/>
			<objectChange node="6" visibilityActive="false"/>
	<objectChange node="0" visibilityActive="true"/>
</crawler>