<?xml version="1.0" encoding="utf-8" standalone="no" ?>
<wheel>
    <default>
        <physics radius="1.015" width="0.65" mass="0.299" tireType="mud" frictionScale="1.60" maxLongStiffness="10" maxLatStiffness="120" maxLatStiffnessLoad="2" />
        <tire filename="$data/shared/wheels/michelin/agriBib2/R50_agriBib2.i3d" nodeLeft="0|0" nodeRight="0|0" maxDeformation="0.077" isCareWheel="false" tireTrackAtlasIndex="0" />
        <innerRim filename="wheels/wheelsFile7.i3d" nodeLeft="0|0" nodeRight="0|1" scale="0.95 0.95 0.95"/>
	</default>
    <configurations>
        <configuration id="dual" >
			<innerRim filename="wheels/wheelsFile7.i3d" nodeLeft="2|0" nodeRight="2|1" scale="0.95 0.95 0.95"/>
        </configuration>
		<configuration id="weight" >
			<innerRim filename="wheels/wheelsFile7.i3d" nodeLeft="0|0" nodeRight="0|1" scale="0.95 0.95 0.95"/>
			<additional filename="wheels/wheelsFile7.i3d" nodeLeft="1|0" nodeRight="1|1" offset="0.169" mass="1" />
        </configuration>
		<configuration id="dualweight" >
			<innerRim filename="wheels/wheelsFile7.i3d" nodeLeft="2|0" nodeRight="2|1" scale="0.95 0.95 0.95"/>
			<additional filename="wheels/wheelsFile7.i3d" nodeLeft="1|0" nodeRight="1|1" offset="-0.06" mass="1" />
        </configuration>
    </configurations>
</wheel>
