<?xml version="1.0" encoding="utf-8" standalone="no" ?>
<wheel>
    <default>
        <physics radius="0.825" width="0.55" mass="0.199" tireType="mud" frictionScale="1.60" maxLongStiffness="10" maxLatStiffness="120" maxLatStiffnessLoad="2" />
        <tire filename="wheels/wheelsFile.i3d" nodeLeft="3|0" nodeRight="3|0" maxDeformation="0.085" isCareWheel="true" tireTrackAtlasIndex="0" />
        <innerRim filename="wheels/wheelsFile.i3d" nodeLeft="3|1" nodeRight="3|2" scale="1.0 0.93 0.93"/>
	</default>
    <configurations>
        <configuration id="dual" >
			<innerRim filename="wheels/wheelsFile.i3d" nodeLeft="4|0" nodeRight="4|1" scale="1.0 0.93 0.93"/>
        </configuration>
    </configurations>
</wheel>
