<?xml version="1.0" encoding="utf-8" standalone="no" ?>
<wheel>
    <default>
        <physics radius="0.790" width="0.55" mass="0.199" tireType="mud" frictionScale="1.60" maxLongStiffness="10" maxLatStiffness="120" maxLatStiffnessLoad="2" />
        <tire filename="$data/shared/wheels/michelin/agriBib2/R38_agriBib2.i3d" nodeLeft="0|0" nodeRight="0|0" maxDeformation="0.061" isCareWheel="false" tireTrackAtlasIndex="0" />
        <innerRim filename="wheels/wheelsFile.i3d" nodeLeft="3|0" nodeRight="3|1" scale="0.85 0.95 0.95"/>
	</default>
    <configurations>
        <configuration id="dual" >
			<innerRim filename="wheels/wheelsFile.i3d" nodeLeft="4|0" nodeRight="4|1" scale="0.85 0.95 0.95"/>
        </configuration>
    </configurations>
</wheel>
