﻿<?xml version="1.0" encoding="utf-8" standalone="no" ?>
<vehicle type="trailer">
    <annotation>Copyright (C) GIANTS Software GmbH, All Rights Reserved.</annotation>
    <storeData>
        <name>LB 3526</name>
        <functions>
            <function>$l10n_function_lowLoader</function>
			<function>$l10n_function_baleTrailer</function>
        </functions>
        <image>store_pittsLB3526.png</image>
        <price>28000</price>
        <lifetime>600</lifetime>
        <rotation>0</rotation>
        <brand>LIZARD</brand>
        <category>lowloaders</category>
        <vertexBufferMemoryUsage>3998280</vertexBufferMemoryUsage>
        <indexBufferMemoryUsage>1188570</indexBufferMemoryUsage>
        <textureMemoryUsage>6335352</textureMemoryUsage>
        <instanceVertexBufferMemoryUsage>0</instanceVertexBufferMemoryUsage>
        <instanceIndexBufferMemoryUsage>0</instanceIndexBufferMemoryUsage>
    </storeData>

    <base>
        <typeDesc>$l10n_typeDesc_lowLoader</typeDesc>
        <filename>lizardLB3526.i3d</filename>
        <size width="3.5" length="14" />
        <components>
            <component centerOfMass="0 0.35 0" solverIterationCount="10" mass="10000" />
        </components>
        <schemaOverlay attacherJointPosition="0 0">
            <default name="DEFAULT_IMPLEMENT"/>
            <selected name="DEFAULT_IMPLEMENT_SELECTED"/>
        </schemaOverlay>
    </base>

	<wheels>
        <wheelConfigurations>
            <wheelConfiguration name="$l10n_configuration_standard" price="0">
                <wheels autoRotateBackSpeed="2.2">
                    <wheel filename="315_80R22_5.xml" configId="dual" isLeft="true" hasTireTracks="true" hasParticles="true" >
                        <physics rotSpeed="0" restLoad="1.2" repr="0>0|9|0" radius="0.55" forcePointRatio="0.5" initialCompression="15" suspTravel="0.12" spring="54" damper="40" frictionScale="3" />
                        <additionalWheel filename="315_80R22_5.xml" configId="truckBack3" isLeft="true" offset="0.1" />
                    </wheel>
                    <wheel filename="315_80R22_5.xml" configId="dual" isLeft="false" hasTireTracks="true" hasParticles="true" >
                        <physics rotSpeed="0" restLoad="1.2" repr="0>0|9|1" radius="0.55" forcePointRatio="0.5" initialCompression="15" suspTravel="0.12" spring="54" damper="40" frictionScale="3" />
                        <additionalWheel filename="315_80R22_5.xml" configId="truckBack3" isLeft="false" offset="0.1" />
                    </wheel>
                    <wheel filename="315_80R22_5.xml" configId="dual" isLeft="true" hasTireTracks="true" hasParticles="true" >
                        <physics rotSpeed="0" restLoad="1.3" repr="0>0|9|2" radius="0.55" forcePointRatio="0.5" initialCompression="15" suspTravel="0.12" spring="54" damper="40" frictionScale="3" />
                        <additionalWheel filename="315_80R22_5.xml" configId="truckBack3" isLeft="true" offset="0.1" />
                    </wheel>
                    <wheel filename="315_80R22_5.xml" configId="dual" isLeft="false" hasTireTracks="true" hasParticles="true" >
                        <physics rotSpeed="0" restLoad="1.3" repr="0>0|9|3" radius="0.55" forcePointRatio="0.5" initialCompression="15" suspTravel="0.12" spring="54" damper="40" frictionScale="3" />
                        <additionalWheel filename="315_80R22_5.xml" configId="truckBack3" isLeft="false" offset="0.1" />
                    </wheel>
                </wheels>
            </wheelConfiguration>
            <wheelConfiguration name="$l10n_configuration_standard2" price="0">
                <wheels autoRotateBackSpeed="2.2">
                    <wheel filename="315_80R22_5.xml" configId="dual" isLeft="true" hasTireTracks="true" hasParticles="true" >
                        <physics rotSpeed="0" restLoad="1.2" repr="0>0|9|0" radius="0.55" forcePointRatio="0.5" initialCompression="15" suspTravel="0.12" spring="54" damper="40" frictionScale="3" />
                        <additionalWheel filename="315_80R22_5.xml" configId="truckBack" isLeft="true" offset="0.1" />
                    </wheel>
                    <wheel filename="315_80R22_5.xml" configId="dual" isLeft="false" hasTireTracks="true" hasParticles="true" >
                        <physics rotSpeed="0" restLoad="1.2" repr="0>0|9|1" radius="0.55" forcePointRatio="0.5" initialCompression="15" suspTravel="0.12" spring="54" damper="40" frictionScale="3" />
                        <additionalWheel filename="315_80R22_5.xml" configId="truckBack" isLeft="false" offset="0.1" />
                    </wheel>
                    <wheel filename="315_80R22_5.xml" configId="dual" isLeft="true" hasTireTracks="true" hasParticles="true" >
                        <physics rotSpeed="0" restLoad="1.3" repr="0>0|9|2" radius="0.55" forcePointRatio="0.5" initialCompression="15" suspTravel="0.12" spring="54" damper="40" frictionScale="3" />
                        <additionalWheel filename="315_80R22_5.xml" configId="truckBack" isLeft="true" offset="0.1" />
                    </wheel>
                    <wheel filename="315_80R22_5.xml" configId="dual" isLeft="false" hasTireTracks="true" hasParticles="true" >
                        <physics rotSpeed="0" restLoad="1.3" repr="0>0|9|3" radius="0.55" forcePointRatio="0.5" initialCompression="15" suspTravel="0.12" spring="54" damper="40" frictionScale="3" />
                        <additionalWheel filename="315_80R22_5.xml" configId="truckBack" isLeft="false" offset="0.1" />
                    </wheel>
                </wheels>
            </wheelConfiguration>
            <wheelConfiguration name="$l10n_configuration_advanced_hub" price="2500">
                <wheels autoRotateBackSpeed="2.2">
                    <wheel filename="315_80R22_5.xml" configId="dual" isLeft="true" hasTireTracks="true" hasParticles="true" >
                        <physics rotSpeed="0" restLoad="1.2" repr="0>0|9|0" radius="0.55" forcePointRatio="0.5" initialCompression="15" suspTravel="0.12" spring="54" damper="40" frictionScale="3" />
                        <additionalWheel filename="315_80R22_5.xml" configId="dualConnector" isLeft="true" offset="0.1" />
                    </wheel>
                    <wheel filename="315_80R22_5.xml" configId="dual" isLeft="false" hasTireTracks="true" hasParticles="true" >
                        <physics rotSpeed="0" restLoad="1.2" repr="0>0|9|1" radius="0.55" forcePointRatio="0.5" initialCompression="15" suspTravel="0.12" spring="54" damper="40" frictionScale="3" />
                        <additionalWheel filename="315_80R22_5.xml" configId="dualConnector" isLeft="false" offset="0.1" />
                    </wheel>
                    <wheel filename="315_80R22_5.xml" configId="dual" isLeft="true" hasTireTracks="true" hasParticles="true" >
                        <physics rotSpeed="0" restLoad="1.3" repr="0>0|9|2" radius="0.55" forcePointRatio="0.5" initialCompression="15" suspTravel="0.12" spring="54" damper="40" frictionScale="3" />
                        <additionalWheel filename="315_80R22_5.xml" configId="dualConnector" isLeft="true" offset="0.1" />
                    </wheel>
                    <wheel filename="315_80R22_5.xml" configId="dual" isLeft="false" hasTireTracks="true" hasParticles="true" >
                        <physics rotSpeed="0" restLoad="1.3" repr="0>0|9|3" radius="0.55" forcePointRatio="0.5" initialCompression="15" suspTravel="0.12" spring="54" damper="40" frictionScale="3" />
                        <additionalWheel filename="315_80R22_5.xml" configId="dualConnector" isLeft="false" offset="0.1" />
                    </wheel>
                </wheels>
            </wheelConfiguration>
            <wheelConfiguration name="$l10n_configuration_outside_hub" price="4500">
                <wheels autoRotateBackSpeed="2.2">
                    <wheel filename="315_80R22_5.xml" configId="dual" isLeft="true" hasTireTracks="true" hasParticles="true" >
                        <physics rotSpeed="0" restLoad="1.2" repr="0>0|9|0" radius="0.55" forcePointRatio="0.5" initialCompression="15" suspTravel="0.12" spring="54" damper="40" frictionScale="3" />
                        <additionalWheel filename="315_80R22_5.xml" configId="truck2" isLeft="true" offset="0.1" />
                    </wheel>
                    <wheel filename="315_80R22_5.xml" configId="dual" isLeft="false" hasTireTracks="true" hasParticles="true" >
                        <physics rotSpeed="0" restLoad="1.2" repr="0>0|9|1" radius="0.55" forcePointRatio="0.5" initialCompression="15" suspTravel="0.12" spring="54" damper="40" frictionScale="3" />
                        <additionalWheel filename="315_80R22_5.xml" configId="truck2" isLeft="false" offset="0.1" />
                    </wheel>
                    <wheel filename="315_80R22_5.xml" configId="dual" isLeft="true" hasTireTracks="true" hasParticles="true" >
                        <physics rotSpeed="0" restLoad="1.3" repr="0>0|9|2" radius="0.55" forcePointRatio="0.5" initialCompression="15" suspTravel="0.12" spring="54" damper="40" frictionScale="3" />
                        <additionalWheel filename="315_80R22_5.xml" configId="truck2" isLeft="true" offset="0.1" />
                    </wheel>
                    <wheel filename="315_80R22_5.xml" configId="dual" isLeft="false" hasTireTracks="true" hasParticles="true" >
                        <physics rotSpeed="0" restLoad="1.3" repr="0>0|9|3" radius="0.55" forcePointRatio="0.5" initialCompression="15" suspTravel="0.12" spring="54" damper="40" frictionScale="3" />
                        <additionalWheel filename="315_80R22_5.xml" configId="truck2" isLeft="false" offset="0.1" />
                    </wheel>
                </wheels>
            </wheelConfiguration>
        </wheelConfigurations>
    </wheels>
	
	<rimColorConfigurations material="8" useDefaultColors="true" price="1200" >
		<rimColorConfiguration name="POLISHED METAL"	color="0.8 0.8 0.8"			material="8" price="3500"/>
		<rimColorConfiguration name="CHROME"			color="0.98 0.98 0.98"		material="2" price="3500"/>
		<rimColorConfiguration name="GOLD METALLIC"		color="KRONE_YELLOW1"		material="3" price="3500"/>
		<rimColorConfiguration name="BLACK METALLIC"	color="SHARED_BLACK2"		material="3" price="3500"/>
		<rimColorConfiguration name="BLUE METALLIC"		color="NEWHOLLAND_BLUE1"	material="3" price="3500"/>
		<rimColorConfiguration name="GREEN METALLIC"	color="KRONE_GREEN1"		material="3" price="3500"/>
		<rimColorConfiguration name="YELLOW METALLIC"	color="JOHNDEERE_YELLOW1"	material="3" price="3500"/>
		<rimColorConfiguration name="ORANGE METALLIC"	color="STARA_ORANGE"		material="3" price="3500"/>
		<rimColorConfiguration name="RED MATTE"		    color="CASEIH_RED1"			material="1" price="1500"/>	
		<rimColorConfiguration name="WHITE MATTE"	    color="SHARED_WHITE2"		material="1" price="1500"/>
		<rimColorConfiguration name="TAN MATTE"		    color="KRONE_YELLOW1"		material="1" price="1500"/>
		<rimColorConfiguration name="BLACK MATTE"	    color="SHARED_BLACK2"		material="1" price="1500"/>
		<rimColorConfiguration name="BLUE MATTE"	    color="NEWHOLLAND_BLUE1"	material="1" price="1500"/>
		<rimColorConfiguration name="GREEN MATTE"    	color="KRONE_GREEN1"		material="1" price="1500"/>
		<rimColorConfiguration name="YELLOW MATTE"   	color="JOHNDEERE_YELLOW1"	material="1" price="1500"/>
		<rimColorConfiguration name="ORANGE MATTE"   	color="STARA_ORANGE"		material="1" price="1500"/>
		<rimColorConfiguration name="RED SATIN"		    color="CASEIH_RED1"			material="27" price="2500"/>		
		<rimColorConfiguration name="WHITE SATIN"	    color="SHARED_WHITE2"		material="27" price="2500"/>
		<rimColorConfiguration name="TAN SATIN"		    color="KRONE_YELLOW1"		material="27" price="2500"/>
		<rimColorConfiguration name="BLACK SATIN"   	color="SHARED_BLACK2"		material="27" price="2500"/>
		<rimColorConfiguration name="BLUE SATIN"    	color="NEWHOLLAND_BLUE1"	material="27" price="2500"/>
		<rimColorConfiguration name="GREEN SATIN"   	color="KRONE_GREEN1"		material="27" price="2500"/>
		<rimColorConfiguration name="YELLOW SATIN"   	color="JOHNDEERE_YELLOW1"	material="27" price="2500"/>
		<rimColorConfiguration name="ORANGE SATIN"  	color="STARA_ORANGE"		material="27" price="2500"/>			
	</rimColorConfigurations>

	 <attachable>
        <inputAttacherJoints>
            <inputAttacherJoint node="0>0|8" jointType="semitrailer"/>
        </inputAttacherJoints>
        <support animationName="moveSupport"/>
        <brakeForce>0.6</brakeForce>
    </attachable>
	
    <dynamicMountAttacher triggerNode="0>0|6" rootNode="0>" jointNode="0>" forceAcceleration="30" />

    <tensionBelts>
        <tensionBeltsConfigurations>
            <tensionBeltsConfiguration>
                <tensionBelts linkNode="0>0|7" jointNode="0>" width="0.075" maxEdgeLength="0.3" geometryBias="0.01" ratchetPosition="0.2" defaultOffset="0.1" defaultOffsetSide="0.1" defaultHeight="4" activationTrigger="0>0|7|0">
                    <tensionBelt startNode="0>0|7|1" endNode="0>0|7|1|0" offsetLeft="1.3"/>
                    <tensionBelt startNode="0>0|7|2" endNode="0>0|7|2|0" offsetLeft="1.3"/>
                    <tensionBelt startNode="0>0|7|3" endNode="0>0|7|3|0" offsetLeft="1.3"/>
                    <tensionBelt startNode="0>0|7|4" endNode="0>0|7|4|0" offsetLeft="1.3"/>
                    <tensionBelt startNode="0>0|7|5" endNode="0>0|7|5|0" offsetLeft="1.3"/>
                </tensionBelts>
            </tensionBeltsConfiguration>
        </tensionBeltsConfigurations>
    </tensionBelts>
	
	<lights>
        <realLights>
            <high>
                <light node="0>0|11|2" lightTypes="0"/>
                <turnLightLeft node="0>0|11|3"/>
                <turnLightRight node="0>0|11|4"/>
                <brakeLight node="0>0|11|2"/>
            </high>
        </realLights>
		
		<defaultLights>
            <defaultLight shaderNode="0>0|11|0|0" lightTypes="0 3" />
            <defaultLight shaderNode="0>0|11|9|0" lightTypes="0 3" />
            <defaultLight shaderNode="0>0|11|5|1" lightTypes="0 3" />
            <defaultLight shaderNode="0>0|11|10|1" lightTypes="0 3" />
            <defaultLight shaderNode="0>0|11|11|1" lightTypes="0 3" />
            <defaultLight shaderNode="0>0|11|12|1" lightTypes="0 3" />
            <defaultLight shaderNode="0>0|11|13|0" lightTypes="0 3" />
            <defaultLight shaderNode="0>0|11|14|0" lightTypes="0 3" />
            <defaultLight shaderNode="0>0|11|15|0" lightTypes="0 3" />
            <defaultLight shaderNode="0>0|11|16|1" lightTypes="0 3" />
            <defaultLight shaderNode="0>0|11|17|1" lightTypes="0 3" />
        </defaultLights>

        <turnLights>
            <turnLightLeft shaderNode="0>0|11|1|0" />
            <turnLightRight shaderNode="0>0|11|8|0" />
        </turnLights>

        <brakeLights>
            <brakeLight shaderNode="0>0|11|6|0" />
            <brakeLight shaderNode="0>0|11|7|0" />
        </brakeLights>
    </lights>
	
    <foldable>
        <foldingParts startMoveDirection="0" turnOnFoldMinLimit="0.0" turnOnFoldMaxLimit="0.02" >
            <foldingPart animationName="folding" speedScale="1" />
        </foldingParts>
    </foldable>
	
	<connectionHoses>
	    <hose inputAttacherJointIndices="1" type="hydraulicIn" node="0>0|12|5|0" length="0.7" diameter="0.02">
            <objectChange node="0>0|12|0|0" visibilityActive="false" visibilityInactive="true"/>
			<objectChange node="0>0|12|0|1" visibilityActive="true" visibilityInactive="false"/>
			<objectChange node="0>0|12|5" visibilityActive="true" visibilityInactive="false"/>
        </hose>
		<hose inputAttacherJointIndices="1" type="hydraulicOut" node="0>0|12|6|0" length="0.7" diameter="0.02">
            <objectChange node="0>0|12|1|1" visibilityActive="false" visibilityInactive="true"/>
			<objectChange node="0>0|12|1|2" visibilityActive="true" visibilityInactive="false"/>
			<objectChange node="0>0|12|6" visibilityActive="true" visibilityInactive="false"/>
        </hose>
	
	    <hose inputAttacherJointIndices="1" type="electric" node="0>0|12|7|0" length="0.8" diameter="0.02" straighteningFactor="0.5">
		    <objectChange node="0>0|12|2|1" visibilityActive="false" visibilityInactive="true"/>
			<objectChange node="0>0|12|2|2" visibilityActive="true" visibilityInactive="false"/>
			<objectChange node="0>0|12|7" visibilityActive="true" visibilityInactive="false"/>
	    </hose>
		
		<hose inputAttacherJointIndices="1" type="airDoubleYellow" node="0>0|12|8|0" length="0.7" diameter="0.03" straighteningFactor="0.5" minCenterPointOffset="-0.1 0 0" maxCenterPointOffset="0 0 0">
		    <objectChange node="0>0|12|3|0" visibilityActive="false" visibilityInactive="true"/>
			<objectChange node="0>0|12|3|1" visibilityActive="true" visibilityInactive="false"/>
			<objectChange node="0>0|12|8" visibilityActive="true" visibilityInactive="false"/>
		</hose>
		<hose inputAttacherJointIndices="1" type="airDoubleRed" node="0>0|12|9|0" length="0.7" diameter="0.03" straighteningFactor="0.5" minCenterPointOffset="-0.1 0 0" maxCenterPointOffset="0 0 0">
		    <objectChange node="0>0|12|4|0" visibilityActive="false" visibilityInactive="true"/>
			<objectChange node="0>0|12|4|1" visibilityActive="true" visibilityInactive="false"/>
			<objectChange node="0>0|12|9" visibilityActive="true" visibilityInactive="false"/>
		</hose>
	</connectionHoses>
	
    <animations>
        <animation name="moveSupport">
			<part node="0>0|2" startTime="1" endTime="1.1" startTrans="0 0 0" endTrans="0 -0.3 0" />
			<part node="0>0|0" startTime="1" endTime="1.3" startRot="0 -2 -94" endRot="0 0 0"/>			
            <part node="0>0|0" startTime="1.3" endTime="2" startRot="0 0 0" endRot="720 0 0"/>		
        </animation>		
		<animation name="folding">
			<part node="0>0|1" startTime="0" endTime="1" startRot="0 0 0" endRot="-108.5 0 0" />
		</animation>
    </animations>

    <foliageBending>
        <bendingNode minX="-1.5" maxX="1.5" minZ="-5.9" maxZ="6.1" yOffset="0.3" />
    </foliageBending>

	<baseMaterial>
        <material name="trailer_mat" baseNode="0>0">
            <shaderParameter name="colorMat0" value="CASEIH_RED1"/>
        </material>
    </baseMaterial>
	
	<baseMaterialConfigurations price="3000" useDefaultColors="true" defaultColorIndex="0">
		<baseMaterialConfiguration name="RED MATTE"		    color="CASEIH_RED1"			material="1" price="1500"/>
		<baseMaterialConfiguration name="WHITE MATTE"	    color="SHARED_WHITE2"		material="1" price="1500"/>
		<baseMaterialConfiguration name="TAN MATTE"		    color="KRONE_YELLOW1"		material="1" price="1500"/>
		<baseMaterialConfiguration name="BLACK MATTE"	    color="SHARED_BLACK2"		material="1" price="1500"/>
		<baseMaterialConfiguration name="BLUE MATTE"	    color="NEWHOLLAND_BLUE1"	material="1" price="1500"/>
		<baseMaterialConfiguration name="GREEN MATTE"    	color="KRONE_GREEN1"		material="1" price="1500"/>
		<baseMaterialConfiguration name="YELLOW MATTE"   	color="JOHNDEERE_YELLOW1"	material="1" price="1500"/>
		<baseMaterialConfiguration name="ORANGE MATTE"   	color="STARA_ORANGE"		material="1" price="1500"/>
		<baseMaterialConfiguration name="RED SATIN"		    color="CASEIH_RED1"			material="27" price="2500"/>
		<baseMaterialConfiguration name="WHITE SATIN"	    color="SHARED_WHITE2"		material="27" price="2500"/>
		<baseMaterialConfiguration name="TAN SATIN"		    color="KRONE_YELLOW1"		material="27" price="2500"/>
		<baseMaterialConfiguration name="BLACK SATIN"   	color="SHARED_BLACK2"		material="27" price="2500"/>
		<baseMaterialConfiguration name="BLUE SATIN"    	color="NEWHOLLAND_BLUE1"	material="27" price="2500"/>
		<baseMaterialConfiguration name="GREEN SATIN"   	color="KRONE_GREEN1"		material="27" price="2500"/>
		<baseMaterialConfiguration name="YELLOW SATIN"   	color="JOHNDEERE_YELLOW1"	material="27" price="2500"/>
		<baseMaterialConfiguration name="ORANGE SATIN"  	color="STARA_ORANGE"		material="27" price="2500"/>
        <material name="trailer_mat" shaderParameter="colorMat0" />
    </baseMaterialConfigurations>

    <wearable wearDuration="480" workMultiplier="5" fieldMultiplier="2"/>
    <washable dirtDuration="90" washDuration="1" workMultiplier="3" fieldMultiplier="2"/>
</vehicle>