<?xml version="1.0" encoding="utf-8" standalone="no"?>
<modDesc descVersion="51">
    <author>Farm Sim Wold, FS Modding</author>
    <version>1.0.0.0</version>	
    <title>
        <en>LB 3526</en>
    </title>	
    <description>
 <en><![CDATA[Lizard 3526.
- Multicolour
- Brand : Lizard
- Price : $28000
- Wheel configuration]]></en>
<de><![CDATA[Lizard 3526.
- Farbauswahl
- Brand : Lizard
- Preis: 28000 €
- Radkonfiguration]]></de>
    </description>	
    <iconFilename>icon_lizardLB3526.dds</iconFilename>	
    <multiplayer supported="true"/>
    <storeItems>
        <storeItem xmlFilename="lizardLB3526.xml" rootNode="vehicle"/>
    </storeItems>	
	<l10n>
        <text name="configuration_standard"><en>Standard</en><de>Norm</de></text>
        <text name="configuration_standard2"><en>Standard 2</en><de>Norm 2</de></text>
        <text name="configuration_advanced_hub"><en>Advanced Hub</en><de>Advanced Hub</de></text>
        <text name="configuration_outside_hub"><en>Outside Hub</en><de>Außerhalb Hub</de></text>
    </l10n>
</modDesc>