<?xml version="1.0" encoding="utf-8" standalone="no" ?>
<wheel>
    <default>
        <physics radius="0.532" width="0.4" mass="0.095" tireType="mud" frictionScale="1.60" maxLongStiffness="8" maxLatStiffness="100" maxLatStiffnessLoad="2" />
        <tire filename="$data/shared/wheels/trelleborg/TH400/R20_TH400.i3d" nodeLeft="0|0" nodeRight="0|0" maxDeformation="0.056" isCareWheel="false" tireTrackAtlasIndex="0" />
        <outerRim filename="$data/shared/wheels/rims/rim001.i3d" node="0|0" widthAndDiam="13 20" />
        <innerRim filename="$data/shared/wheels/rims/rim001.i3d" nodeLeft="2|0" nodeRight="2|1" widthAndDiam="13 20" />
    </default>
<configurations>
        <configuration id="dual" >
            <innerRim nodeLeft="0|0" nodeRight="0|0" offset="-0.22" widthAndDiam="2.5 20" />
        </configuration>
    </configurations>
</wheel>
