<?xml version="1.0" encoding="utf-8" standalone="no" ?>
<vehicle type="snowPlow">
    <annotation>Copyright (C) GIANTS Software GmbH, All Rights Reserved.</annotation>

    <storeData>
        <name>SRS3</name>
        <specs>
            <workingWidth>3</workingWidth>
        </specs>
        <functions>
            <function>$l10n_function_snowPlow</function>
        </functions>
        <image>hauer/SRS3/store_SRS3.png</image>
        <price>16000</price>
        <lifetime>600</lifetime>
        <rotation>0</rotation>
        <brand>HAUER</brand>
        <category>misc</category>
        <vertexBufferMemoryUsage>0</vertexBufferMemoryUsage>
        <indexBufferMemoryUsage>0</indexBufferMemoryUsage>
        <textureMemoryUsage>0</textureMemoryUsage>
        <instanceVertexBufferMemoryUsage>0</instanceVertexBufferMemoryUsage>
        <instanceIndexBufferMemoryUsage>0</instanceIndexBufferMemoryUsage>
    </storeData>

    <base>
        <typeDesc>$l10n_typeDesc_snowPlow</typeDesc>
        <filename>hauer/SRS3/SRS3.i3d</filename>
        <size width="3.5" length="2"/>
        <speedLimit value="25"/>
        <components>
            <component centerOfMass="0 0.3 0.2" solverIterationCount="20" mass="620"/>
        </components>
        <schemaOverlay attacherJointPosition="0 0">
            <default name="DEFAULT_IMPLEMENT"/>
            <selected name="DEFAULT_IMPLEMENT_SELECTED"/>
        </schemaOverlay>
    </base>

    <wheels>
        <wheelConfigurations>
            <wheelConfiguration name="$l10n_configuration_valueDefault" price="0">
                <wheels>
                    <wheel>
                        <physics rotSpeed="0" restLoad="3.0" repr="axisLeft" driveNode="wheelLeft" radius="0.15" width="0.2" forcePointRatio="0.5" initialCompression="20" suspTravel="0.05" spring="60" damper="55" versatileYRot="true"/>
                    </wheel>
                    <wheel>
                        <physics rotSpeed="0" restLoad="3.0" repr="axisRight" driveNode="wheelRight" radius="0.15" width="0.2" forcePointRatio="0.5" initialCompression="20" suspTravel="0.05" spring="60" damper="55" versatileYRot="true"/>
                    </wheel>
                </wheels>
            </wheelConfiguration>
        </wheelConfigurations>
    </wheels>

    <powerConsumer forceNode="srs3_main_component1" maxForce="8" />

    <attachable>
        <inputAttacherJoints>
            <inputAttacherJoint node="attacherJoint" topReferenceNode="topReferenceNode" jointType="implement" isControllable="true" lowerTransLimitScale="0 2.5 0" lowerRotLimitScale="0 0 0" upperRotLimitScale="0 0 0">
                <distanceToGround lower="0.35" upper="1"/>
            </inputAttacherJoint>
        </inputAttacherJoints>
        <support animationName="moveSupport"/>
    </attachable>

    <lights>
        <sharedLight linkNode="sideMarker_02Left" filename="$data/shared/assets/lights/lizard/sideMarker_02_left.xml"/>
        <sharedLight linkNode="sideMarker_02Right" filename="$data/shared/assets/lights/lizard/sideMarker_02_right.xml"/>
    </lights>

    <attacherJointControl>
        <control controlFunction="controlAttacherJointHeight" controlAxis="AXIS_HYDRAULICATTACHER1" invertControlAxis="true" mouseSpeedFactor="0.3" iconName="IMPLEMENT_ATTACHER_TRANS"/>
        <sounds>
            <hydraulic template="DEFAULT_HYDRAULIC_SOUND" linkNode="0>"/>
        </sounds>
    </attacherJointControl>

    <animations>
        <animation name="moveSupport">
            <part node="supportArm" startTime="0" endTime="0.1" startTrans="0 0 0" endTrans="0 -0.4 0"/>
        </animation>
    </animations>

    <cylindered>
        <movingTools>
            <movingTool node="rotPart" playSound="true" wheelIndices="1 2">
                <controls axis="AXIS_CRANE_TOOL" invertAxis="false" mouseSpeedFactor="1.2" iconName="GRABBER_ROTATE_Y"/>
                <rotation rotSpeed="20" rotAcceleration="80" rotMax="20" rotMin="-20" rotationAxis="2"/>
                <dependentPart node="leftHydraulic"/>
                <dependentPart node="rightHydraulic"/>
            </movingTool>
        </movingTools>
        <movingParts>
            <movingPart node="leftHydraulic" referencePoint="leftHydraulicRef" referenceFrame="leftHydraulicRef">
                <translatingPart node="leftHydraulicPunch"/>
            </movingPart>
            <movingPart node="rightHydraulic" referencePoint="rightHydraulicRef" referenceFrame="rightHydraulicRef">
                <translatingPart node="rightHydraulicPunch"/>
            </movingPart>
        </movingParts>
        <sounds>
            <hydraulic template="DEFAULT_HYDRAULIC_SOUND"/>
        </sounds>
    </cylindered>

    <fillUnit>
        <fillUnitConfigurations>
            <fillUnitConfiguration name="$l10n_configuration_valueDefault">
                <fillUnits>
                    <fillUnit unit="$l10n_unit_literShort" fillTypeCategories="bulk windrow" capacity="5000" showInShop="false" showOnHud="false"/>
                </fillUnits>
            </fillUnitConfiguration>
        </fillUnitConfigurations>
    </fillUnit>

    <snowPlow fillUnitIndex="1" pickUpDirection="1">
        <nodes>
            <node node="snowPickupNode" rotDependentNode="rotPart" rotThreshold="7" width="3.5" minDropWidth="3" maxDropWidth="4" tipOffset="0.45"/>
        </nodes>

        <effects>
            <effectNode effectNode="effectMesh" materialType="unloading" materialTypeId="1" maxBending="0.8"/>
            <effectNode effectClass="ParticleEffect" effectNode="emitShape" particleType="SNOW" emitCountScale="2" worldSpace="false"/>
            <effectNode effectClass="ParticleEffect" effectNode="emitShapeChunks" particleType="SNOW_CHUNKS" emitCountScale="2" worldSpace="false"/>
            <effectNode effectClass="ParticleEffect" effectNode="emitShapeChunksBig" particleType="SNOW_BIG_CHUNKS" emitCountScale="1" worldSpace="false"/>
            <effectNode effectClass="ParticleEffect" effectNode="emitShapeSmoke" particleType="SNOW_SMOKE" emitCountScale="10"/>
            <effectNode effectClass="ParticleEffect" effectNode="emitShapeSmoke1" particleType="SNOW_SMOKE" emitCountScale="5"/>
        </effects>

        <sounds>
            <work file="sounds/snowplow.wav" innerRadius="5.0" outerRadius="50.0" fadeOut="0.1">
                <volume indoor="0.5" outdoor="1.5" >
                    <modifier type="SPEED" value="0.50" modifiedValue="0.0" />
                    <modifier type="SPEED" value="5.00" modifiedValue="1.0" />
                </volume>
                <pitch indoor="1.0" outdoor="1.0" >
                    <modifier type="SPEED" value="0.00" modifiedValue="0.8" />
                    <modifier type="SPEED" value="10.0" modifiedValue="1.05" />
                </pitch>
                <lowpassGain indoor="0.7" outdoor="1.0" />
            </work>
        </sounds>
    </snowPlow>

    <wearable wearDuration="480" workMultiplier="5" fieldMultiplier="2"/>
    <washable dirtDuration="90" washDuration="1" workMultiplier="4" fieldMultiplier="2"/>

    <i3dMappings>
        <i3dMapping id="srs3_main_component1" node="0>" />
        <i3dMapping id="srs3_vis" node="0>0" />
        <i3dMapping id="attacherJoint" node="0>0|0|0" />
        <i3dMapping id="topReferenceNode" node="0>0|0|1" />
        <i3dMapping id="supportArm" node="0>0|0|2|0" />
        <i3dMapping id="leftHydraulic" node="0>0|1|0" />
        <i3dMapping id="leftHydraulicPunch" node="0>0|1|0|0" />
        <i3dMapping id="rightHydraulic" node="0>0|1|1" />
        <i3dMapping id="rightHydraulicPunch" node="0>0|1|1|0" />
        <i3dMapping id="rotPart" node="0>0|2|0" />
        <i3dMapping id="axisLeft" node="0>0|2|0|0" />
        <i3dMapping id="wheelLeft" node="0>0|2|0|0|0" />
        <i3dMapping id="axisRight" node="0>0|2|0|1" />
        <i3dMapping id="wheelRight" node="0>0|2|0|1|0" />
        <i3dMapping id="leftHydraulicRef" node="0>0|2|0|4" />
        <i3dMapping id="rightHydraulicRef" node="0>0|2|0|5" />
        <i3dMapping id="sideMarker_02Left" node="0>0|2|0|6|0" />
        <i3dMapping id="sideMarker_02Right" node="0>0|2|0|6|1" />
        <i3dMapping id="snowPickupNode" node="0>0|2|0|7" />
        <i3dMapping id="emitShape" node="0>0|2|0|8|0" />
        <i3dMapping id="emitShapeChunks" node="0>0|2|0|8|1" />
        <i3dMapping id="emitShapeChunksBig" node="0>0|2|0|8|2" />
        <i3dMapping id="emitShapeSmoke" node="0>0|2|0|8|3" />
        <i3dMapping id="emitShapeSmoke1" node="0>0|2|0|8|4" />
        <i3dMapping id="effectMesh" node="0>0|2|0|8|5" />
        <i3dMapping id="pickupNode" node="0>0|3" />
    </i3dMappings>
</vehicle>
