﻿<?xml version="1.0" encoding="utf-8" standalone="no"?>
<vehicle type="dynamicMountAttacherTrailer">
    <annotation>Copyright (C) GIANTS Software GmbH, All Rights Reserved.</annotation>
    <storeData>
        <name>
            <en>PE 32</en>
        </name>
        <functions>
            <function>$l10n_function_lowLoader</function>
        </functions>
        <image>store_dangrevillePE32.dds</image>
        <price>17000</price>
        <lifetime>600</lifetime>
        <rotation>0</rotation>
        <brand>DANGREVILLE</brand>
        <category>lowloaders</category>
        <vertexBufferMemoryUsage>1457656</vertexBufferMemoryUsage>
        <indexBufferMemoryUsage>251094</indexBufferMemoryUsage>
        <textureMemoryUsage>13107704</textureMemoryUsage>
        <instanceVertexBufferMemoryUsage>0</instanceVertexBufferMemoryUsage>
        <instanceIndexBufferMemoryUsage>0</instanceIndexBufferMemoryUsage>
    </storeData>

    <base>
        <typeDesc>$l10n_typeDesc_lowLoader</typeDesc>
        <filename>dangreville_PE32.i3d</filename>
        <size width="3" length="14"/>
        <components>
            <component centerOfMass="0 0.5 0" solverIterationCount="10"     mass="5500"/>
        </components>
        <schemaOverlay attacherJointPosition="0 0">
            <default name="DEFAULT_IMPLEMENT"/>
            <selected name="DEFAULT_IMPLEMENT_SELECTED"/>
        </schemaOverlay>
    </base>

    <wheels>
	    <wheelConfigurations>
            <wheelConfiguration name="$l10n_configuration_valueDefault" price="0">
                <wheels>
                    <wheel filename="$data/shared/wheels/lizard/implement/295_70R18.xml" isLeft="true" hasTireTracks="true" >
                        <physics restLoad="0.9" repr="0>0|10|1"   forcePointRatio="0.5" initialCompression="12" suspTravel="0.2" spring="60" damper="60" frictionScale="1.5" mass="0.1" />
                        <additionalWheel filename="$data/shared/wheels/lizard/implement/295_70R18.xml" isLeft="false" offset="0.09" />				
                    </wheel>
                    <wheel filename="$data/shared/wheels/lizard/implement/295_70R18.xml" isLeft="false" hasTireTracks="true" >
                        <physics restLoad="0.9" repr="0>0|10|2"  forcePointRatio="0.5" initialCompression="12" suspTravel="0.2" spring="60" damper="60" frictionScale="1.5" mass="0.1" />
                        <additionalWheel filename="$data/shared/wheels/lizard/implement/295_70R18.xml" isLeft="true" offset="0.09" />				
                    </wheel>
                    <wheel filename="$data/shared/wheels/lizard/implement/295_70R18.xml" isLeft="true" hasTireTracks="true" >
                        <physics restLoad="0.9" repr="0>0|10|3"   forcePointRatio="0.5" initialCompression="12" suspTravel="0.2" spring="60" damper="60" frictionScale="1.5" mass="0.1" />
                        <additionalWheel filename="$data/shared/wheels/lizard/implement/295_70R18.xml" isLeft="false" offset="0.09" />
                    </wheel>
                    <wheel filename="$data/shared/wheels/lizard/implement/295_70R18.xml" isLeft="false" hasTireTracks="true" >
                        <physics restLoad="0.9" repr="0>0|10|0"  forcePointRatio="0.5" initialCompression="12" suspTravel="0.2" spring="60" damper="60" frictionScale="1.5" mass="0.1" />
                        <additionalWheel filename="$data/shared/wheels/lizard/implement/295_70R18.xml" isLeft="true" offset="0.09" />
                    </wheel>					
                    <wheel filename="$data/shared/wheels/lizard/implement/295_70R18.xml" isLeft="true" hasTireTracks="true" hasParticles="true" >
                        <physics restLoad="0.9" repr="0>0|10|5" driveNode="0>0|10|5|0" forcePointRatio="0.5" initialCompression="12" suspTravel="0.2" spring="60" damper="60" frictionScale="1.5" mass="0.1" />
                        <additionalWheel filename="$data/shared/wheels/lizard/implement/295_70R18.xml" isLeft="false" offset="0.09" />
						<steeringAxle scale="-0.7" rotMax="15" rotMin="-15"/>
                    </wheel>
                    <wheel filename="$data/shared/wheels/lizard/implement/295_70R18.xml" isLeft="false" hasTireTracks="true" hasParticles="true" >
                        <physics restLoad="0.9" repr="0>0|10|4" driveNode="0>0|10|4|0" forcePointRatio="0.5" initialCompression="12" suspTravel="0.2" spring="60" damper="60" frictionScale="1.5" mass="0.1" />
                        <additionalWheel filename="$data/shared/wheels/lizard/implement/295_70R18.xml" isLeft="true" offset="0.09" />
                        <steeringAxle scale="-0.7" rotMax="15" rotMin="-15"/>
                    </wheel>
                </wheels>
            </wheelConfiguration>
        </wheelConfigurations>
        <hubs>
            <hub linkNode="0>0|10|1"   filename="$data/shared/wheels/hubs/hub_n10_8.xml" isLeft="true"  scale="0.2 0.15 0.15" />
            <hub linkNode="0>0|10|2"  filename="$data/shared/wheels/hubs/hub_n10_8.xml" isLeft="false" scale="0.2 0.15 0.15" />
            <hub linkNode="0>0|10|3"  filename="$data/shared/wheels/hubs/hub_n10_8.xml" isLeft="true"  scale="0.2 0.15 0.15" />
            <hub linkNode="0>0|10|0" filename="$data/shared/wheels/hubs/hub_n10_8.xml" isLeft="false" scale="0.2 0.15 0.15" />			
            <hub linkNode="0>0|10|5|0"    filename="$data/shared/wheels/hubs/hub_n10_8.xml" isLeft="true"  scale="0.2 0.15 0.15" />
            <hub linkNode="0>0|10|4|0"   filename="$data/shared/wheels/hubs/hub_n10_8.xml" isLeft="false" scale="0.2 0.15 0.15" />
        </hubs>
    </wheels>

    <attachable>
        <inputAttacherJoints>
            <inputAttacherJoint node="0>0|5|0" jointType="trailerLow" attacherHeight="0.600"/>
        </inputAttacherJoints>
        <support animationName="moveSupport"/>
        <brakeForce>0.3</brakeForce>
        <steeringAxleAngleScale startSpeed="0" endSpeed="90" backwards="true"/>
    </attachable>

	<animations>
        <animation name="moveSupport">
		 	<part node="0>0|5|1"          startTime="0"         endTime="0.1"         startRot="-90 0 0"                                  endRot="-90 0 -90" />
			<part node="0>0|5|1|0"          startTime="0.1"         endTime="0.2"         startTrans="0.129 0 -0.053"                                  endTrans="0.226 0 -0.053" />
         </animation>
		
		<animation name="expand">
		     <part node="0>0|2|0|0"          startTime="0"         endTime="2"         startRot="-90 -90 0"                              endRot="-90 0 0"/>
             <part node="0>0|2|0|1"          startTime="0"         endTime="2"         startRot="-90 -90 0"                              endRot="-90 0 0"/>
			 <part node="0>0|2|0|2"          startTime="0"         endTime="2"         startRot="-90 -90 0"                              endRot="-90 0 0"/>
             <part node="0>0|2|0|3"          startTime="0"         endTime="2"         startRot="-90 90 0"                               endRot="-90 0 0"/>
			 <part node="0>0|2|0|4|0"          startTime="0"         endTime="2"         startRot="0 90 0"                 endRot="0 0 0"/>
			 <part node="0>0|2|0|5"          startTime="0"         endTime="2"         startRot="0 -90 0"                 endRot="0 0 0"/>
			 <part node="0>0|2|0|6"          startTime="0"         endTime="2"         startTrans="0.004 2.272 0.059"                    endTrans="0.216 2.272 0.059"/>
			 <part node="0>0|2|0|7"          startTime="0"         endTime="2"         startTrans="0.004 2.272 0.059"                    endTrans="0.216 2.272 0.059"/>
			 <part node="0>0|3|0"                 startTime="0"         endTime="2.2"                                                           visibility="false"/>
			 <part node="0>0|3|0"                 startTime="2.2"       endTime="2.3"                                                           visibility="true"/>

			 <part node="0>0|3|0|0" startTime="2.2"    endTime="2.3" startTrans="1.144 0.04 2.728" endTrans="1.384 0.04 2.728"/>
			 <part node="0>0|3|0|1" startTime="2.2"    endTime="2.3" startTrans="-1.144 0.04 2.728" endTrans="-1.384 0.04 2.728"/>
			 <part node="0>0|3|0|2" startTime="2.2"    endTime="2.3" startTrans="1.144 0.342 -1.611" endTrans="1.381 0.342 -1.611"/>
			 <part node="0>0|3|0|3" startTime="2.2"    endTime="2.3" startTrans="-1.144 0.342 -1.611" endTrans="-1.381 0.342 -1.611"/>			 
			 <part node="0>0|3|0|4" startTime="2.2"    endTime="2.3" startTrans="-1.144 0.263 -4.376" endTrans="-1.377 0.263 -4.376"/>
			 <part node="0>0|3|0|5" startTime="2.2"    endTime="2.3" startTrans="1.144 0.263 -4.376" endTrans="1.377 0.263 -4.376"/>			 

             <part node="0>0|2|0|8"          startTime="0"         endTime="2"         startRot="-90 90 0"                                endRot="-90 0 0"/>
			 <part node="0>0|2|0|9"          startTime="0"         endTime="2"         startRot="-90 90 0"                                endRot="-90 0 0"/>
			 <part node="0>0|2|0|10"          startTime="0"         endTime="2"         startRot="-90 90 0"                                endRot="-90 0 0"/>
			 <part node="0>0|2|0|11"          startTime="0"         endTime="2"         startRot="-90 -90 0"                               endRot="-90 0 0"/>
			 <part node="0>0|2|0|12|0"          startTime="0"         endTime="2"         startRot="0 -90 0"                  endRot="0 0 0"/>
			 <part node="0>0|2|0|13|0"          startTime="0"         endTime="2"         startRot="0 90 0"                  endRot="0 0 0"/>
			 <part node="0>0|2|0|14"          startTime="0"         endTime="2"         startTrans="0.012 2.272 0.059"                     endTrans="-0.187 2.272 0.059"/>
			 <part node="0>0|2|0|15"          startTime="0"         endTime="2"         startTrans="0.003 2.272 0.059"                     endTrans="-0.187 2.272 0.059"/>

			 <part node="0>0|3|3"          startTime="0"         endTime="2"         startTrans="1.281 1.82 4.414"                     endTrans="1.52 1.82 4.414"/>			 
			 <part node="0>0|3|6"          startTime="0"         endTime="2"         startTrans="0.729 2.082 -3.881"                     endTrans="0.934 2.082 -3.881"/>			 
			 <part node="0>0|3|5"          startTime="0"         endTime="2"         startTrans="-0.729 2.082 -3.881"                     endTrans="-0.934 2.082 -3.881"/>			 
			 <part node="0>0|3|4"          startTime="0"         endTime="2"         startTrans="-1.281 1.82 4.414"                     endTrans="-1.52 1.82 4.414"/>			 
	    </animation>
				
			<animation name="folding2">
				<part node="0>0|3|1"           startTime="0"            endTime="0.2"       startRot="130 0 0"                         endRot="0 0 0"/>
				<part node="0>0|3|2"           startTime="0"            endTime="0.2"       startRot="130 0 0"                         endRot="0 0 0"/>
				<part node="0>0|0|1|0"          startTime="0"           endTime="1"         startRot="75 0 0"                         endRot="0 0 0" />
				<part node="0>0|0|1|0|0"     startTime="0.3"            endTime="1"         startRot="-75 0 0"                         endRot="0 0 0" />
				<part node="0>0|0|1|1"           startTime="0"          endTime="1"         startRot="75 0 0"                         endRot="0 0 0" />
				<part node="0>0|0|1|1|0"      startTime="0.3"           endTime="1"         startRot="-75 0 0"                         endRot="0 0 0" />	
			</animation>
		
    </animations>

			 <foldable>
				<foldingParts startMoveDirection="1" turnOnFoldMaxLimit="0" turnOnFoldMinLimit="0" loadMovingToolStatesMaxLimit="-1" loadMovingToolStatesMinLimit="-1">
					<foldingPart animationName="folding2" speedScale="1"/>
				</foldingParts>
			</foldable>
	

    <cylindered>
        <movingTools>
			<movingTool node="0>0|2|1|0" playSound="true" foldMinLimit="0" foldMaxLimit="0.1">
                <controls axis="AXIS_CRANE_ARM" invertAxis="false" mouseSpeedFactor="0.6" iconName="CRANE_ARM1_ROTATE_X" />
				<rotation rotSpeed="40" rotAcceleration="160" rotMax="90" rotMin="-16" startRot="90" rotationAxis="1"/>
                <dependentPart node="0>0|6|2"/>
				<dependentPart node="0>0|6|1"/>
            </movingTool>
			<movingTool node="0>0|2|0|0" playSound="true">
                <controls axis="AXIS_FRONTLOADER_ARM" invertAxis="true" mouseSpeedFactor="0.6" iconName="WORKING_WIDTH_TRANSLATE_X" />
                <animation animSpeed="1" animAcceleration="1" animName="expand" animStartTime="0" />
            </movingTool>
			<movingTool node="0>0|0|1|0" playSound="true">
                <dependentPart node="0>0|6|3"/>
            </movingTool>
			<movingTool node="0>0|0|1|1" playSound="true">
                <dependentPart node="0>0|6|4"/>
            </movingTool>
			<movingTool node="0>0|5">
                <controls axis="AXIS_DRAWBAR" invertAxis="false" mouseSpeedFactor="0.6" iconName="DRAWBAR_ROTATE_X"/>
                <rotation rotSpeed="20" rotAcceleration="160" rotMax="7" rotMin="-4" startRot="2" rotationAxis="1"/>
                <inputAttacherJoint value="true"/>
                <dependentPart node="0>0|6|0"/>
            </movingTool>
			
        </movingTools>
        <movingParts>
             <movingPart node="0>0|6|2" referencePoint="0>0|2|1|0|1" referenceFrame="0>0|2|1|0|1">
                <translatingPart node="0>0|6|2|0"/>
            </movingPart>
            <movingPart node="0>0|6|1" referencePoint="0>0|2|1|0|0" referenceFrame="0>0|2|1|0|0">
                <translatingPart node="0>0|6|1|0"/>
            </movingPart>
			<movingPart node="0>0|6|4" referencePoint="0>0|0|1|1|1" referenceFrame="0>0|0|1|1|1">
                <translatingPart node="0>0|6|4|0"/>
            </movingPart>
			<movingPart node="0>0|6|0" referencePoint="0>0|5|2" referenceFrame="0>0|5|2">
                <translatingPart node="0>0|6|0|0"/>
            </movingPart>
			
			<movingPart node="0>0|10|4|2" referencePoint="0>0|10|5|1" referenceFrame="0>0|10|5|1" isActiveDirty="true">
                <dependentPart node="0>0|6|5"/>
			</movingPart>

			<movingPart node="0>0|6|5" referencePoint="0>0|10|4|2|0" referenceFrame="0>0|10|4|2|0">
			    <translatingPart node="0>0|6|5|0"/>
            </movingPart>
			
        </movingParts>
        <sounds>
            <hydraulic template="DEFAULT_HYDRAULIC_SOUND" linkNode="0>0|2|1|0|0"/>
        </sounds>
    </cylindered>
	
    <dynamicMountAttacher triggerNode="0>0|13" rootNode="0>" jointNode="0>" forceAcceleration="30" />

	<dynamicallyLoadedParts>
		<dynamicallyLoadedPart node="1|0" linkNode="0>0|0|0|0|0|0"  filename="$data/shared/connectionHoses/connectors.i3d" />
		<dynamicallyLoadedPart node="1|0" linkNode="0>0|0|0|1|0"  filename="$data/shared/connectionHoses/connectors.i3d" />
		<dynamicallyLoadedPart node="1|0" linkNode="0>0|0|0|2|0"  filename="$data/shared/connectionHoses/connectors.i3d" />
		<dynamicallyLoadedPart node="1|0" linkNode="0>0|0|0|3|0"  filename="$data/shared/connectionHoses/connectors.i3d" />
    </dynamicallyLoadedParts>
	
	<connectionHoses>
        <hose inputAttacherJointIndices="1" type="hydraulicOut"  node="0>0|0|0|0"  length="1.4" diameter="0.015">
            <objectChange node="0>0|0|0|0|0" visibilityActive="false" visibilityInactive="true"/>
        </hose>
        <hose inputAttacherJointIndices="1" type="hydraulicOut" node="0>0|0|0|1" length="1.4" diameter="0.015">
		            <objectChange node="0>0|0|0|1|0" visibilityActive="false" visibilityInactive="true"/>
        </hose>
		<hose inputAttacherJointIndices="1" type="hydraulicOut"  node="0>0|0|0|2" length="1.4" diameter="0.015">
		            <objectChange node="0>0|0|0|2|0" visibilityActive="false" visibilityInactive="true"/>
        </hose>
		<hose inputAttacherJointIndices="1" type="hydraulicOut"  node="0>0|0|0|3" length="1.4" diameter="0.015">
		            <objectChange node="0>0|0|0|3|0" visibilityActive="false" visibilityInactive="true"/>
        </hose>
		<localHose>
            <hose type="CABLE_BOUNDLE"  node="0>0|0|2"  length="0.3" diameter="0.02" straighteningFactor="0" isWorldSpaceHose="true"/>
            <target attacherJointIndices="1 3 4" type="CABLE_BOUNDLE" node="0>0|6|0|1" straighteningFactor="0"/>
        </localHose>
		<localHose>
            <hose type="CABLE_BOUNDLE"  node="0>0|0|3"  length="0.3" diameter="0.02" straighteningFactor="0" isWorldSpaceHose="true"/>
            <target attacherJointIndices="1 3 4" type="CABLE_BOUNDLE" node="0>0|6|0|2" straighteningFactor="0"/>
        </localHose>
    </connectionHoses>

    <foliageBending>
        <bendingNode minX="-1.26" maxX="1.26" minZ="-5.35" maxZ="4.8" yOffset="0.35" />
    </foliageBending>

    <lights>
        <sharedLight linkNode="0>0|2|1|0|5"     filename="$data/shared/assets/lights/lizard/rear5ChamberLight_01_left.xml" />
		<sharedLight linkNode="0>0|2|1|0|6"     filename="$data/shared/assets/lights/lizard/rear5ChamberLight_01_right.xml" />
		<sharedLight linkNode="0>0|3|6|1"     filename="$data/shared/assets/reflectors/lizard/yellowRound_01.xml" />
		<sharedLight linkNode="0>0|3|5|1"     filename="$data/shared/assets/reflectors/lizard/yellowRound_01.xml" />
		<sharedLight linkNode="0>0|3|4|0"     filename="$data/shared/assets/reflectors/lizard/yellowRound_01.xml" />
		<sharedLight linkNode="0>0|3|3|0"     filename="$data/shared/assets/reflectors/lizard/yellowRound_01.xml" />
		<sharedLight linkNode="0>0|2|1|0|16"     filename="$data/shared/assets/reflectors/lizard/redTriangle_02.xml" />
		<sharedLight linkNode="0>0|2|1|0|17"     filename="$data/shared/assets/reflectors/lizard/redTriangle_02.xml" />	
		<sharedLight linkNode="0>0|1|0|0"     filename="$data/shared/assets/reflectors/lizard/yellowRound_01.xml" />
		<sharedLight linkNode="0>0|1|0|1"     filename="$data/shared/assets/reflectors/lizard/yellowRound_01.xml" />
		<sharedLight linkNode="0>0|1|0|2"     filename="$data/shared/assets/reflectors/lizard/yellowRound_01.xml" />
		<sharedLight linkNode="0>0|1|0|3"     filename="$data/shared/assets/reflectors/lizard/yellowRound_01.xml" />		
	
		<realLights>
            <high>
                <light node="0>0|2|1|0|2|1|0" lightTypes="0"/>
				<light node="0>0|2|1|0|3|1|0" lightTypes="0"/>
                <turnLightLeft node="0>0|2|1|0|2|2|0"/>
                <turnLightRight node="0>0|2|1|0|3|2|0"/>
                <brakeLight node="0>0|2|1|0|2|0|0"/>
				<brakeLight node="0>0|2|1|0|3|0|0"/>
                <reverseLight node="0>0|2|1|0|2|3|0"/>
				<reverseLight node="0>0|2|1|0|3|3|0"/>
            </high>
        </realLights>
		
		<beaconLights>
            <beaconLight node="0>0|3|5|0" filename="$data/shared/assets/beaconLights/lizard/beaconLight01.xml"/>
            <beaconLight node="0>0|3|6|0" filename="$data/shared/assets/beaconLights/lizard/beaconLight01.xml"/>
        </beaconLights>
    </lights>

    <tensionBelts>
        <tensionBeltsConfigurations>
            <tensionBeltsConfiguration>
                <tensionBelts linkNode="0>0|8" jointNode="0>" width="0.075" maxEdgeLength="0.1" geometryBias="0.01" ratchetPosition="0.2" defaultOffset="-0.25" defaultOffsetSide="0.1" defaultHeight="2.75" interactionRadius="1.5" totalInteractionRadius="6.5" activationTrigger="0>0|8|2">
                    <tensionBelt startNode="0>0|8|0" endNode="0>0|8|0|0" offsetLeft="0.5"/>
                    <tensionBelt startNode="0>0|8|1" endNode="0>0|8|1|0" offsetRight="0.5"/>
                </tensionBelts>
            </tensionBeltsConfiguration>
        </tensionBeltsConfigurations>
    </tensionBelts>    
	
    <baseMaterial>
        <material name="PE_mat" baseNode="0>0">
            <shaderParameter name="colorMat0" value="0.913 0.202 0.007 0"/>
			<shaderParameter name="colorMat1" value="0.05 0.16 0.03 0"/>
        </material>
    </baseMaterial>
	
	<baseMaterialConfigurations>
	   <baseMaterialConfiguration name="Orange" color="0.913 0.202 0.007 0"/>
	   <baseMaterialConfiguration name="Black" color="0.05 0.05 0.05 0" price="200"/>
	   <baseMaterialConfiguration name="Green" color="0.04 0.201 0.024 0" price="200"/>
       <material name="PE_mat" shaderParameter="colorMat0" />
    </baseMaterialConfigurations>
		
	<designMaterialConfigurations useDefaultColors="false" defaultColorIndex="0">
        <designMaterialConfiguration name="Green" color="0.05 0.16 0.03 0"/>	
        <designMaterialConfiguration name="Grey" color="0.2 0.2 0.2 0" price="100"/>	
        <designMaterialConfiguration name="Yellow" color="0.75 0.6 0.03 0" price="100"/>	
		<material name="PE_mat"     shaderParameter="colorMat1" />
	</designMaterialConfigurations>	
	
	<wearable wearDuration="480" workMultiplier="5" fieldMultiplier="2"/>
    <washable dirtDuration="90" washDuration="1" workMultiplier="3" fieldMultiplier="2"/>

</vehicle>
