﻿<?xml version="1.0" encoding="utf-8" standalone="no"?>
<modDesc descVersion="53">
<author>SimulagriModding</author>
<version>1.0.0.1</version>
<title>
<en>Dangreville PE 32</en>
</title>
<description>
<fr>
<![CDATA[
Porte-engin TP Tridem avec fosse. Essieu arrière suiveur. Rampes hydrauliques de grande largeur. Flèche hydraulique. Il faut déplier les fixations pour pouvoir bouger la rampe. Le contrôle des élargisseurs se fait à la souris ou avec les sticks de la manette.
Prix : 17.000 €
Choix de la couleur principale : Orange, noir, vert

Changelog 1.0.0.1 :
Compatibilité "Vehicle Straps" ajoutée
]]>
</fr>
<en>
<![CDATA[
Tridem lowloader with pit. Trailing rear axle. Large hydraulic ramps. It is necessary to unfold the fixings to be able to move the ramp. The wideners are controlled with the mouse or with the sticks of the joystick.
Price: 17,000 €
Choice of main color: Orange, black, green

Changelog 1.0.0.1:
Vehicle Straps compatibility added
]]>
</en>
<de>
<![CDATA[
Tridem Tieflader mit Radmulden, Hinterachse. Große hydraulische Rampen und Hydraulikausleger. Die Befestigungselemente müssen aufgeklappt werden, um die Rampe bewegen zu können. Die Verbreiterungen werden mit der Maus oder mit den Sticks des Controllers gesteuert.
Preis: 17.000 €
Wahl der Hauptfarbe: Orange, Schwarz, Grün

Changelog 1.0.0.1:
Kompatibilität "Vehicle Straps" hinzugefügt
]]>
</de>

</description>
<iconFilename>Icon.dds</iconFilename>
<multiplayer supported="true" />
<storeItems>
    <storeItem rootNode="vehicle" xmlFilename="dangreville_pe32.xml"/>
</storeItems>

<brands>
    <brand name="DANGREVILLE" title="Dangreville" image="brand_dangreville.dds"/>
</brands>
</modDesc>
