﻿<?xml version="1.0" encoding="utf-8" standalone="no" ?>
<vehicle type="16wheelslowloader">
    <annotation>Copyright (C) JapanModding(Erix05), All Rights Reserved.</annotation>
	
    <storeData>
        <name>
		<en>LowLoader With 16 Wheels</en>
		<de>Tieflader Mit 16 Reifen</de>
		<jp>16輪低床トレーラー</jp>
		
		</name>
        <functions>
            <function>$l10n_function_lowLoader</function>
        </functions>
        <image>store.dds</image>
        <price>28000</price>
        <lifetime>600</lifetime>
        <rotation>0</rotation>
        <brand>LIZARD</brand>
        <category>lowloaders</category>
        <vertexBufferMemoryUsage>2682672</vertexBufferMemoryUsage>
        <indexBufferMemoryUsage>473856</indexBufferMemoryUsage>
        <textureMemoryUsage>44390152</textureMemoryUsage>
        <instanceVertexBufferMemoryUsage>0</instanceVertexBufferMemoryUsage>
        <instanceIndexBufferMemoryUsage>0</instanceIndexBufferMemoryUsage>
    </storeData>
	
    <base>
        <typeDesc>$l10n_typeDesc_lowLoader</typeDesc>
        <filename>16wheelsLowLoader.i3d</filename>
       <size width="2.99" length="12" />
        <components>
            <component centerOfMass="0 0.42 -0.16" solverIterationCount="20" mass="6500" />
			<component solverIterationCount="30" mass="3000" />
			<component solverIterationCount="30" mass="3000" />
			<component centerOfMass="0 -0.15 0" mass="5"/>
			<joint component1="1" component2="2" node="axle_joint_L" rotLimit="2.3 0 0" transLimit="0 0 0" breakable="false"/>
            <joint component1="1" component2="3" node="axle_joint_R" rotLimit="2.3 0 0" transLimit="0 0 0" breakable="false"/>
			<joint component1="1" component2="4" node="mudgurad_joint" rotLimit="30 0 0" transLimit="0 0 0" rotDriveVelocity="0.005 0 0" maxRotDriveForce="0.0004 0 0"/>
        </components>
        
		<schemaOverlay attacherJointPosition="0 0">
            <default name="DEFAULT_IMPLEMENT"/>
            <selected name="DEFAULT_IMPLEMENT_SELECTED"/>
        </schemaOverlay>
    </base>

    <wheels>
		<wheelConfigurations>
            <wheelConfiguration name="Original" brand="LIZARD">
			   <wheels>
				   <wheel filename="235_70R17_5.xml" isLeft="true" hasTireTracks="true" hasParticles="true" >
                        <physics tipOcclusionAreaGroupId="1" restLoad="0.9" repr="repr1" driveNode="wheel1" forcePointRatio="0.5" initialCompression="12" suspTravel="0.1" spring="30" damper="240" frictionScale="1.5" mass="0.1" />
						<additionalWheel filename="235_70R17_5.xml" isLeft="false" offset="0.009" />
						<wheelChock parkingNode="wheelChock01" filename="assets/wheelChock.i3d" />
                        <wheelChock parkingNode="wheelChock02" isInverted="true" filename="assets/wheelChock.i3d"/>
                    </wheel>
                    <wheel filename="235_70R17_5.xml" isLeft="false" hasTireTracks="true" hasParticles="true" >
                        <physics tipOcclusionAreaGroupId="2" restLoad="0.9" repr="repr2" driveNode="wheel2" forcePointRatio="0.5" initialCompression="12" suspTravel="0.1" spring="30" damper="240" frictionScale="1.5" mass="0.1" />
                        <additionalWheel filename="235_70R17_5.xml" isLeft="true" offset="0.009" />
                    </wheel>
                    <wheel filename="235_70R17_5.xml" isLeft="true" hasTireTracks="true" hasParticles="true" >
                        <physics tipOcclusionAreaGroupId="1" restLoad="0.9" repr="repr3" driveNode="wheel3" forcePointRatio="0.5" initialCompression="12" suspTravel="0.1" spring="30" damper="240" frictionScale="1.5" mass="0.1" />
						<additionalWheel filename="235_70R17_5.xml" isLeft="false" offset="0.009" />
                    </wheel>
                  	<wheel filename="235_70R17_5.xml" isLeft="false" hasTireTracks="true" hasParticles="true" >
                        <physics tipOcclusionAreaGroupId="2" restLoad="0.9" repr="repr4" driveNode="wheel4" forcePointRatio="0.5" initialCompression="12" suspTravel="0.1" spring="30" damper="240" frictionScale="1.5" mass="0.1" />
                        <additionalWheel filename="235_70R17_5.xml" isLeft="true" offset="0.009" />
                    </wheel>
                    <wheel filename="235_70R17_5.xml" isLeft="true" hasTireTracks="true" hasParticles="true" >
                        <physics tipOcclusionAreaGroupId="1" restLoad="0.9" repr="repr5" driveNode="wheel5" forcePointRatio="0.5" initialCompression="12" suspTravel="0.1" spring="30" damper="240" frictionScale="1.5" mass="0.1" />
						<additionalWheel filename="235_70R17_5.xml" isLeft="false" offset="0.009" />
						
                    </wheel>
				   <wheel filename="235_70R17_5.xml" isLeft="false" hasTireTracks="true" hasParticles="true" >
                        <physics tipOcclusionAreaGroupId="2" restLoad="0.9" repr="repr6" driveNode="wheel6" forcePointRatio="0.5" initialCompression="12" suspTravel="0.1" spring="30" damper="240" frictionScale="1.5" mass="0.1" />
                        <additionalWheel filename="235_70R17_5.xml" isLeft="true" offset="0.009" />
                    </wheel>
                    <wheel filename="235_70R17_5.xml" isLeft="true" hasTireTracks="true" hasParticles="true" >
                        <physics tipOcclusionAreaGroupId="1" restLoad="0.9" repr="repr7" driveNode="wheel7" forcePointRatio="0.5" initialCompression="12" suspTravel="0.1" spring="30" damper="240" frictionScale="1.5" mass="0.1" />
						<additionalWheel filename="235_70R17_5.xml" isLeft="false" offset="0.009" />
                    </wheel>
					<wheel filename="235_70R17_5.xml" isLeft="false" hasTireTracks="true" hasParticles="true" >
                        <physics tipOcclusionAreaGroupId="2" restLoad="0.9" repr="repr8" driveNode="wheel8" forcePointRatio="0.5" initialCompression="12" suspTravel="0.1" spring="30" damper="240" frictionScale="1.5" mass="0.1" />
                        <additionalWheel filename="235_70R17_5.xml" isLeft="true" offset="0.009" />
                    </wheel>
                </wheels>
			</wheelConfiguration>
		</wheelConfigurations>				
				
		 <hubs>
             <color0>0.05 0.05 0.05 0</color0>
            <color1>1 1 1 8</color1>
            <hub linkNode="wheel1"   filename="assets/wheels/Hub/hub_n10_8.xml" isLeft="true"  scale="1 1 1" />
            <hub linkNode="wheel2"   filename="assets/wheels/Hub/hub_n10_8.xml" isLeft="false" scale="1 1 1" />
            <hub linkNode="wheel3"   filename="assets/wheels/Hub/hub_n10_8.xml" isLeft="true"  scale="1 1 1" />
            <hub linkNode="wheel4"   filename="assets/wheels/Hub/hub_n10_8.xml" isLeft="false" scale="1 1 1" />
			<hub linkNode="wheel5"   filename="assets/wheels/Hub/hub_n10_8.xml" isLeft="true"  scale="1 1 1" />
            <hub linkNode="wheel6"   filename="assets/wheels/Hub/hub_n10_8.xml" isLeft="false" scale="1 1 1" />
			<hub linkNode="wheel7"   filename="assets/wheels/Hub/hub_n10_8.xml" isLeft="true"  scale="1 1 1" />
			<hub linkNode="wheel8"   filename="assets/wheels/Hub/hub_n10_8.xml" isLeft="false" scale="1 1 1" />
        </hubs>
    </wheels>
	
<rimColorConfigurations useDefaultColors="true" price="300">
        <rimColorConfiguration name="STEEL SILVER" color="0.7 0.7 0.7 3" material="3"/>
		<rimColorConfiguration name="CHROME" color="1 1 1 2" material="2" />
</rimColorConfigurations>

<designConfigurations title="$l10n_configuration_mudguard">
		<designConfiguration name="Type1(LIZARD)" >
            <objectChange node="mudguard_type1" visibilityActive="true" />
            <objectChange node="mudguard_type2" visibilityActive="false" />
			<objectChange node="mudguard_type1_decal1" visibilityActive="fales" />
            <objectChange node="mudguard_type2_decal1" visibilityActive="false" />
			<objectChange node="mudguard_type1_decal2" visibilityActive="true" />
            <objectChange node="mudguard_type2_decal2" visibilityActive="false" />
		</designConfiguration>        
        <designConfiguration name="Type2(LIZARD)" >
            <objectChange node="mudguard_type1" visibilityActive="fales" />
            <objectChange node="mudguard_type2" visibilityActive="true" />
			<objectChange node="mudguard_type1_decal1" visibilityActive="fales" />
            <objectChange node="mudguard_type2_decal1" visibilityActive="false" />
			<objectChange node="mudguard_type1_decal2" visibilityActive="false" />
            <objectChange node="mudguard_type2_decal2" visibilityActive="true" />
		</designConfiguration>
        <designConfiguration name="Type1(TREX)" >
            <objectChange node="mudguard_type1" visibilityActive="true" />
            <objectChange node="mudguard_type2" visibilityActive="false" />
			<objectChange node="mudguard_type1_decal1" visibilityActive="true" />
            <objectChange node="mudguard_type2_decal1" visibilityActive="false" />
			<objectChange node="mudguard_type1_decal2" visibilityActive="false" />
            <objectChange node="mudguard_type2_decal2" visibilityActive="false" />
		</designConfiguration>        
        <designConfiguration name="Type2(TREX)" >
            <objectChange node="mudguard_type1" visibilityActive="fales" />
            <objectChange node="mudguard_type2" visibilityActive="true" />
			<objectChange node="mudguard_type1_decal1" visibilityActive="fales" />
            <objectChange node="mudguard_type2_decal1" visibilityActive="true" />
			<objectChange node="mudguard_type1_decal2" visibilityActive="false" />
            <objectChange node="mudguard_type2_decal2" visibilityActive="false" />
		</designConfiguration>
</designConfigurations> 
		
    <attachable>
        <inputAttacherJoints>
            <inputAttacherJoint node="attacherJoint" jointType="semitrailer"/>
        </inputAttacherJoints>
        <support animationName="moveSupport"/>
        <brakeForce>0.5</brakeForce>
    </attachable>

    <dynamicMountAttacher triggerNode="dynamicMountTrigger" rootNode="main_component" jointNode="main_component" forceAcceleration="50" mountType="FIX_ATTACH" />

    <cover>
        <coverConfigurations>
            <coverConfiguration name="$l10n_configuration_ValueDefault" openCoverWhileTipping="true">
                <cover openAnimation="toggleCover" fillUnitIndices="1" />
            </coverConfiguration>
        </coverConfigurations>
    </cover>

    <lights>
       <states>
            <state lightTypes="0" />
            <state lightTypes="0 1" />
       </states>
       
  	    <!-- sideMarker -->
        <sharedLight linkNode="sidemarker_L1" lightTypes="0" filename="assets/sideMarker.xml" />
		<sharedLight linkNode="sidemarker_L2" lightTypes="0" filename="assets/sideMarker.xml" />
		<sharedLight linkNode="sidemarker_L3" lightTypes="0" filename="assets/sideMarker.xml" />
		<sharedLight linkNode="sidemarker_L4" lightTypes="0" filename="assets/sideMarker.xml" />
		<sharedLight linkNode="sidemarker_R1" lightTypes="0" filename="assets/sideMarker.xml" />
		<sharedLight linkNode="sidemarker_R2" lightTypes="0" filename="assets/sideMarker.xml" />
		<sharedLight linkNode="sidemarker_R3" lightTypes="0" filename="assets/sideMarker.xml" />
		<sharedLight linkNode="sidemarker_R4" lightTypes="0" filename="assets/sideMarker.xml" />
		<sharedLight linkNode="sidemarker_L_op2" lightTypes="0" filename="assets/sideMarker.xml" />
		<sharedLight linkNode="sidemarker_R_op2" lightTypes="0" filename="assets/sideMarker.xml" />

		<!-- round_reflector -->
		<sharedLight linkNode="round_reflector_R1" lightTypes="0" filename="$data/shared/assets/reflectors/lizard/yellowRound_01.xml" />
		<sharedLight linkNode="round_reflector_R2" lightTypes="0" filename="$data/shared/assets/reflectors/lizard/yellowRound_01.xml" />
		<sharedLight linkNode="round_reflector_R3" lightTypes="0" filename="$data/shared/assets/reflectors/lizard/yellowRound_01.xml" />
		<sharedLight linkNode="round_reflector_R4" lightTypes="0" filename="$data/shared/assets/reflectors/lizard/yellowRound_01.xml" />
		<sharedLight linkNode="round_reflector_R5" lightTypes="0" filename="$data/shared/assets/reflectors/lizard/yellowRound_01.xml" />
		<sharedLight linkNode="round_reflector_R6" lightTypes="0" filename="$data/shared/assets/reflectors/lizard/yellowRound_01.xml" />
		<sharedLight linkNode="round_reflector_L1" lightTypes="0" filename="$data/shared/assets/reflectors/lizard/yellowRound_01.xml" />
		<sharedLight linkNode="round_reflector_L2" lightTypes="0" filename="$data/shared/assets/reflectors/lizard/yellowRound_01.xml" />
		<sharedLight linkNode="round_reflector_L3" lightTypes="0" filename="$data/shared/assets/reflectors/lizard/yellowRound_01.xml" />
		<sharedLight linkNode="round_reflector_L4" lightTypes="0" filename="$data/shared/assets/reflectors/lizard/yellowRound_01.xml" />
		<sharedLight linkNode="round_reflector_L5" lightTypes="0" filename="$data/shared/assets/reflectors/lizard/yellowRound_01.xml" />
		<sharedLight linkNode="round_reflector_L6" lightTypes="0" filename="$data/shared/assets/reflectors/lizard/yellowRound_01.xml" />
		<sharedLight linkNode="round_reflector_R_op2" lightTypes="0" filename="$data/shared/assets/reflectors/lizard/yellowRound_01.xml" />
		<sharedLight linkNode="round_reflector_L_op2" lightTypes="0" filename="$data/shared/assets/reflectors/lizard/yellowRound_01.xml" />

        <!-- topmarker -->
		<sharedLight linkNode="topmarker_L" lightTypes="0" filename="assets/koito_topmarkerLight.xml" />
		<sharedLight linkNode="topmarker_R" lightTypes="0" filename="assets/koito_topmarkerLight.xml" />
		
		<!-- red_triangle -->
		<sharedLight linkNode="red_triangle_L" lightTypes="0" filename="$data/shared/assets/reflectors/lizard/redTriangle_02.xml" />
		<sharedLight linkNode="red_triangle_R" lightTypes="0" filename="$data/shared/assets/reflectors/lizard/redTriangle_02.xml" />
		<sharedLight linkNode="red_triangle_L_op2" lightTypes="0" filename="$data/shared/assets/reflectors/lizard/redTriangle_02.xml" />
		<sharedLight linkNode="red_triangle_R_op2" lightTypes="0" filename="$data/shared/assets/reflectors/lizard/redTriangle_02.xml" />
		
		<!-- reverseLight -->
		<sharedLight linkNode="koito_reverseLight_L" lightTypes="0" filename="assets/koito_reverseLight.xml" />
		<sharedLight linkNode="koito_reverseLight_R" lightTypes="0" filename="assets/koito_reverseLight.xml" />
		
		<!-- chamberLight -->
		<sharedLight linkNode="rear2chamberLight_R" lightTypes="0" filename="assets/koito_rear2chamberLight_Right.xml" />
		<sharedLight linkNode="rear2chamberLight_L" lightTypes="0" filename="assets/koito_rear2chamberLight_Left.xml" />
		<sharedLight linkNode="rearMultipointLight_L" lightTypes="0" filename="assets/rearMultipointLight_Left.xml" />
		<sharedLight linkNode="rearMultipointLight_R" lightTypes="0" filename="assets/rearMultipointLight_Right.xml" />
		
		<!-- turnLight -->
        <sharedLight linkNode="sideturnLignt_L" lightTypes="0" filename="assets/sideturnLight_Left.xml" />
		<sharedLight linkNode="sideturnLignt_R" lightTypes="0" filename="assets/sideturnLight_Right.xml" />
		
		<!-- LisencePlateLight -->
        <sharedLight linkNode="LisencePlateLight" lightTypes="0" filename="assets/LisencePlateLight.xml" />
        <sharedLight linkNode="LisencePlateLight_op2" lightTypes="0" filename="assets/LisencePlateLight.xml" />

    </lights>
	
    <foldable>
        <foldingConfigurations title="$l10n_configuration_ramp">
            <foldingConfiguration name="Type1" >
            <objectChange node="rear_option1" visibilityActive="true" />
            <objectChange node="rear_option2" visibilityActive="false" />
            <objectChange node="0>2|5" compoundChildActive="true" />
            <objectChange node="0>2|6" compoundChildActive="false" />	
			<objectChange node="0>4|0|1|0|0|2" compoundChildActive="true" />
            <objectChange node="0>4|0|1|1|0|2" compoundChildActive="true" />
			<objectChange node="0>4|1|1|0|4" compoundChildActive="false" />
            <objectChange node="0>4|1|1|0|0|1" compoundChildActive="false" />
			<objectChange node="0>4|1|1|1|4" compoundChildActive="false" />
            <objectChange node="0>4|1|1|1|0|1" compoundChildActive="false" />
            <objectChange node="Light_option1" visibilityActive="true" />
            <objectChange node="Light_option2" visibilityActive="false" />
			<objectChange node="0>2|5" compoundChildActive="true" />
            <objectChange node="0>2|6" compoundChildActive="false" />	
			</foldingConfiguration>
        
		    <foldingConfiguration name="Type2" >
            <objectChange node="rear_option1" visibilityActive="false" />
            <objectChange node="rear_option2" visibilityActive="true" />
            <objectChange node="0>2|5" compoundChildActive="false" />
            <objectChange node="0>2|6" compoundChildActive="true" />
			<objectChange node="0>4|0|1|0|0|2" compoundChildActive="false" />
            <objectChange node="0>4|0|1|1|0|2" compoundChildActive="false" />
			<objectChange node="0>4|1|1|0|4" compoundChildActive="true" />
            <objectChange node="0>4|1|1|0|0|1" compoundChildActive="true" />
			<objectChange node="0>4|1|1|1|4" compoundChildActive="true" />
            <objectChange node="0>4|1|1|1|0|1" compoundChildActive="true" />			
            <objectChange node="Light_option1" visibilityActive="false" />
            <objectChange node="Light_option2" visibilityActive="true" />
			</foldingConfiguration>
		</foldingConfigurations> 
	 
	 <foldingParts posDirectionText="action_foldOBJECT" negDirectionText="action_unfoldOBJECT">
         <foldingPart animationName="folding" speedScale="1" />
     </foldingParts>
    </foldable>
	<tensionBelts>
        <tensionBeltsConfigurations>
            <tensionBeltsConfiguration>
		          <tensionBelts linkNode="tensionbelts" jointNode="main_component" width="0.075" maxEdgeLength="0.1" geometryBias="0.01" ratchetPosition="0.2" defaultOffset="0.1" defaultOffsetSide="0.1" defaultHeight="4" activationTrigger="beltActivationTrigger">
                    <tensionBelt startNode="beltstart1" endNode="beltend1" offsetLeft="1.3"/>
					<tensionBelt startNode="beltstart2" endNode="beltend2"/>
                    <tensionBelt startNode="beltstart3" endNode="beltend3"/>
					<tensionBelt startNode="beltstart4" endNode="beltend4"/>
                    <tensionBelt startNode="beltstart5" endNode="beltend5"/>
                    <tensionBelt startNode="beltstart6" endNode="beltend6"/>
					<tensionBelt startNode="beltstart7" endNode="beltend7"/>
					<tensionBelt startNode="beltstart8" endNode="beltend8"/>
					<tensionBelt startNode="beltstart9" endNode="beltend9"/>
					<tensionBelt startNode="beltstart10" endNode="beltend10"/>
					<tensionBelt startNode="beltstart11" endNode="beltend11" offsetLeft="1.3"/>
                  </tensionBelts>
				</tensionBeltsConfiguration>
            </tensionBeltsConfigurations>
		</tensionBelts>
    <animations>
		<animation name="moveSupport">
            <part node="support_leg" startTime="2.5" endTime="4" startTrans="0 0.305 0" endTrans="0 0 0" />
			<part node="support_col" startTime="0" endTime="0.01" startTrans="0 0.305 0" endTrans="0 0 0" />
			<!-- rot_L -->
			<part node="0>5|3|0|0" startTime="0" endTime="0.3" startRot="0 0 -21" endRot="0 0 -27.5" />
			<part node="0>5|3|0" startTime="0.3" endTime="0.6" startRot="-11 0 0" endRot="0 0 0" />
			<part node="0>5|3|0|0" startTime="0.6" endTime="0.9" startRot="0 0 -27.5" endRot="0 0 -8" />
			<part node="0>5|3|0" startTime="0.9" endTime="1.5" startRot="0 0 0" endRot="-90 0 0" />
			<part node="0>5|3|0|0" startTime="0.9" endTime="1.5" startRot="0 0 -8" endRot="0 0 -18" />
			<part node="0>5|3|0|0" startTime="1.5" endTime="2" startRot="0 0 -18" endRot="0 0 90" />
			<part node="0>5|3|0|0" startTime="2" endTime="2.5" startTrans="0.001 0 0" endTrans="-0.027 0 0" />
			<part node="0>5|3" startTime="2.5" endTime="4" startRot="0 0 0" endRot="-2160 0 0" />
			<part node="0>5|3|0|0" startTime="6.2" endTime="6.5" startRot="0 0 -27.5" endRot="0 0 -21" />
			<part node="0>5|3|0" startTime="5.9" endTime="6.2" startRot="0 0 0" endRot="-11 0 0" />
			<part node="0>5|3|0|0" startTime="5.6" endTime="5.9" startRot="0 0 -8" endRot="0 0 -27.5" />
			<part node="0>5|3|0" startTime="5" endTime="5.6" startRot="-90 0 0" endRot="0 0 0" />
			<part node="0>5|3|0|0" startTime="5" endTime="5.6" startRot="0 0 -18" endRot="0 0 -8" />
			<part node="0>5|3|0|0" startTime="4.5" endTime="5" startRot="0 0 90" endRot="0 0 -18" />
			<part node="0>5|3|0|0" startTime="4" endTime="4.5" startTrans="-0.027 0 0" endTrans="0.001 0 0" />
			<!-- rot_R -->
			<part node="0>5|2|0|0" startTime="0" endTime="0.6" startRot="0 0 21" endRot="0 0 27.5" />
			<part node="0>5|2|0" startTime="0.6" endTime="1.2" startRot="11 0 0" endRot="-90 0 0" />
			<part node="0>5|2|0|0" startTime="1.2" endTime="2" startRot="0 0 27.5" endRot="0 0 -90" />
			<part node="0>5|2|0|0" startTime="2" endTime="2.5" startTrans="0 0 0" endTrans="0.028 0 0" />
			<part node="0>5|2" startTime="2.5" endTime="4" startRot="0 0 0" endRot="2160 0 0" />
			<part node="0>5|2|0|0" startTime="5.9" endTime="6.5" startRot="0 0 27.5" endRot="0 0 21" />
			<part node="0>5|2|0" startTime="5.3" endTime="5.9" startRot="-90 0 0" endRot="11 0 0" />
			<part node="0>5|2|0|0" startTime="4.5" endTime="5.3" startRot="0 0 -90" endRot="0 0 27.5" />
			<part node="0>5|2|0|0" startTime="4" endTime="4.5" startTrans="0.028 0 0" endTrans="0 0 0" />
        </animation>
       
	   <animation name="toggleCover">
			<part node="rubberFender" startTime="0" endTime="0.05" visibility="true" />
			<part node="rubberFender" startTime="0.05" endTime="0.1"  visibility="false" />
        </animation> 
		
		<animation name="folding">	
            <!--RampType1-->
			<part node="reflector" startTime="0" endTime="0.05" visibility="true" />
			<part node="reflector" startTime="0.05" endTime="0.1" visibility="false" />
			<part node="vis_parts" startTime="0" endTime="0.05" visibility="true" />
			<part node="vis_parts" startTime="0.05" endTime="0.1" visibility="false" />
			<part node="LoadingRamp_transform_R" startTime="0" endTime="1" startTrans="0 0.921 -5.97" endTrans="0 0.921 -6.7" startRot="-3 0 0" endRot="0 0 0" />
			<part node="LoadingRamp_transform_R" startTime="1" endTime="2" startTrans="0 0.921 -6.2" endTrans="-1 0.921 -7.523" startRot="0 0 0" endRot="0 90 0" />
			<part node="LoadingRamp_R" startTime="2" endTime="3" startRot="0 -90 0" endRot="-13 -90 0" />
			<part node="LoadingRamp_transform_R" startTime="2" endTime="3" startTrans="-1 0.921 -7.523" endTrans="-1 0.26 -7.527"/>
			<part node="LoadingRamp_transform_L" startTime="3" endTime="4" startTrans="0 0.933 -5.76" endTrans="0 0.933 -6.7" startRot="-3 0 0" endRot="0 0 0" />
            <part node="LoadingRamp_transform_L" startTime="4" endTime="5" startTrans="0 0.933 -5.76" endTrans="1 0.933 -7.523" startRot="-3 0 0" endRot="0 -90 0" />
			<part node="LoadingRamp_L" startTime="5" endTime="6" startRot="0 90 0" endRot="-13 90 0" />
			<part node="LoadingRamp_transform_L" startTime="5" endTime="6" startTrans="1 0.933 -7.523" endTrans="1 0.26 -7.527"/>
			<!--RampType2-->
			<part node="RampLock_L" startTime="0" endTime="0.1" startRot="0 0 0" endRot="90 0 0" />
			<part node="RampLock_R" startTime="0" endTime="0.1" startRot="0 0 0" endRot="90 0 0" />
			
		    <part node="AutoRampRotator" startTime="0" endTime="5" startRot="0 0 0" endRot="-110.5 0 0" />	

		    <part node="0>4|1|1|0|0" startTime="1" endTime="4.5" startRot="0 0 0" endRot="190 0 0" />	
		    <part node="0>4|1|1|1|0" startTime="1" endTime="4.5" startRot="0 0 0" endRot="190 0 0" />
		    <part node="0>4|1|1|2" startTime="0" endTime="5" startRot="0 0 0" endRot="75 0 0" />	
		    <part node="0>4|1|1|2|0" startTime="0" endTime="5" startRot="0 0 0" endRot="7 0 0" />	
			
		</animation>
    </animations>

<cylindered>			 
    <movingTools>
	        <controlGroups>
                <controlGroup name="$l10n_RampType1_Slide" />
                <controlGroup name="$l10n_RampType2_Slide" />
            </controlGroups>
		
		<movingTool node="LoadingRamp_transform_R" foldMinLimit="0.99" foldMaxLimit="1">
			<controls groupIndex="1" axis="AXIS_FRONTLOADER_TOOL2" invertAxis="false" mouseSpeedFactor="0.5" />
			<translation transSpeed="0.4" transAcceleration="6" transMax="-0.4" transMin="-1.37" translationAxis="1"/>
			<dependentMovingTool node="LoadingRamp_transform_L" speedScale="1.0" />	
		</movingTool>
		
		<movingTool node="LoadingRamp_transform_L" foldMinLimit="0.99" foldMaxLimit="1">
			<translation transSpeed="-0.4" transAcceleration="6" transMax="1.37" transMin="0.4" translationAxis="1"/>	
		</movingTool>
		
		
		<movingTool node="0>4|1|1|0" playSound="true" >
			<controls groupIndex="2" axis="AXIS_FRONTLOADER_TOOL2" invertAxis="false" mouseSpeedFactor="0.5" />
			<translation transSpeed="0.4" transAcceleration="6" transMax="0" transMin="-0.55" translationAxis="1"/>
			<dependentMovingTool node="0>4|1|1|1" speedScale="1.0" />	
	    </movingTool>
       
	   <movingTool node="0>4|1|1|1" playSound="true" >
			<translation transSpeed="-0.4" transAcceleration="6" transMax="0.55" transMin="0" translationAxis="1"/>	
		</movingTool>
		
		<movingTool node="AutoRampRotator" >
			<dependentPart node="RampHydraulic_base"/>
        </movingTool>
		
     </movingTools>
     
	 <movingParts>
          <movingPart node="0>4|6|0" referencePoint="3>0" referenceFrame="3>0" isActiveDirty="true" limitedAxis="1"/>
		     
	 
        <!-- hydraulics -->	
        <movingPart node="RampHydraulic_base" referencePoint="base_ref" referenceFrame="base_ref" >
            <translatingPart node="RampHydraulic_punch" />
        </movingPart>			
		<sounds>
            <hydraulic template="DEFAULT_HYDRAULIC_SOUND" linkNode="0>"/>
        </sounds> 
		  
     </movingParts>	 

</cylindered>	



 <baseMaterial>
        <material name="body_mat" baseNode="body_vis">
            <shaderParameter name="colorMat0" value="0 0.07 0 0"/>
	    </material>
		<material name="boltasset_mat" baseNode="0>4|4|0">
            <shaderParameter name="colorMat0" value="0 0.07 0 0"/>
	    </material>
	    <material name="body_option_mat" baseNode="0>4|1|0">
            <shaderParameter name="colorMat0" value="0 0.07 0 0"/>
	    </material>
 </baseMaterial>

    <baseMaterialConfigurations price="100" useDefaultColors="true" color="0 0.07 0 0">
		<baseMaterialConfiguration color="0 0.07 0 0"/>
		<material name="body_mat" shaderParameter="colorMat0" />
		<material name="boltasset_mat" shaderParameter="colorMat0" />
		<material name="body_option_mat" shaderParameter="colorMat0" />
    </baseMaterialConfigurations>
	
    <connectionHoses>
        <hose inputAttacherJointIndices="1" type="hydraulicIn" node="0>10|0|0" length="2" diameter="0.02" straighteningFactor="2" isTwoPointHose="true">
            <objectChange node="0>9|0|1" visibilityActive="false" visibilityInactive="true"/>
            <objectChange node="0>9|0|2" visibilityActive="true" visibilityInactive="false"/>
			<objectChange node="0>10|0" visibilityActive="true" visibilityInactive="false"/>
        </hose>
        <hose inputAttacherJointIndices="1" type="hydraulicOut" node="0>10|1|0" length="2" diameter="0.02" straighteningFactor="2" isTwoPointHose="true">
            <objectChange node="0>9|1|1" visibilityActive="false" visibilityInactive="true"/>
			<objectChange node="0>9|1|2" visibilityActive="true" visibilityInactive="false"/>
			<objectChange node="0>10|1" visibilityActive="true" visibilityInactive="false"/>
        </hose>
         <hose inputAttacherJointIndices="1" type="airDoubleYellow" node="0>10|2|0" length="2" diameter="0.015" straighteningFactor="2" isTwoPointHose="true" color="SHARED_YELLOW1">
            <objectChange node="0>9|2|1" visibilityActive="false" visibilityInactive="true"/>
			<objectChange node="0>9|2|2" visibilityActive="true" visibilityInactive="false"/>
			<objectChange node="0>10|2" visibilityActive="true" visibilityInactive="false"/>
        </hose>
		<hose inputAttacherJointIndices="1" type="airDoubleRed" node="0>10|3|0" length="2" diameter="0.015" straighteningFactor="2" isTwoPointHose="true" color="SALFORD_RED1">
            <objectChange node="0>9|3|1" visibilityActive="false" visibilityInactive="true"/>
			<objectChange node="0>9|3|2" visibilityActive="true" visibilityInactive="false"/>
			<objectChange node="0>10|3" visibilityActive="true" visibilityInactive="false"/>
        </hose>
    </connectionHoses>
	
	<dynamicallyLoadedParts>
        <dynamicallyLoadedPart node="0" linkNode="wheelChockSupport" filename="assets/wheelChockSupport.i3d"/>
    </dynamicallyLoadedParts>
	
	 <foliageBending>
        <bendingNode minX="-1.65" maxX="1.65" minZ="-6.7" maxZ="6.7" yOffset="-1.0" />
    </foliageBending>
	
	<wearable wearDuration="480" workMultiplier="5" fieldMultiplier="2"/>
    <washable dirtDuration="90" washDuration="1" workMultiplier="3" fieldMultiplier="2"/>
	
    <i3dMappings>
        <i3dMapping id="main_component" node="0>" />
		<i3dMapping id="axle_component_L" node="1>" />
		<i3dMapping id="axle_component_R" node="2>" />
		<i3dMapping id="mudguard_component" node="3>" />
		<i3dMapping id="attacherJoint" node="0>0" />
		<i3dMapping id="dynamicMountTrigger" node="0>1" />
		<!--LightAssets-->
		<i3dMapping id="sideturnLignt_L" node="0>3|0" />
		<i3dMapping id="sideturnLignt_R" node="0>3|1" />
		<i3dMapping id="sidemarker_L1" node="0>3|2" />
		<i3dMapping id="sidemarker_L2" node="0>3|3" />
		<i3dMapping id="sidemarker_L3" node="0>3|4" />
		<i3dMapping id="sidemarker_R1" node="0>3|5" />
		<i3dMapping id="sidemarker_R2" node="0>3|6" />
		<i3dMapping id="sidemarker_R3" node="0>3|7" />
		<i3dMapping id="round_reflector_R1" node="0>3|8" />
		<i3dMapping id="round_reflector_R2" node="0>3|9" />
		<i3dMapping id="round_reflector_R3" node="0>3|10" />
		<i3dMapping id="round_reflector_R4" node="0>3|11" />
		<i3dMapping id="round_reflector_R5" node="0>3|12" />
		<i3dMapping id="round_reflector_L1" node="0>3|13" />
		<i3dMapping id="round_reflector_L2" node="0>3|14" />
		<i3dMapping id="round_reflector_L3" node="0>3|15" />
		<i3dMapping id="round_reflector_L4" node="0>3|16" />
		<i3dMapping id="round_reflector_L5" node="0>3|17" />
		<i3dMapping id="topmarker_R" node="0>3|18" />
		<i3dMapping id="topmarker_L" node="0>3|19" />
		<!--LightAssets(option1)-->
		<i3dMapping id="Light_option1" node="0>3|20" />
		<i3dMapping id="rear2chamberLight_L" node="0>3|20|1" />
		<i3dMapping id="rear2chamberLight_R" node="0>3|20|0" />
		<i3dMapping id="sidemarker_L4" node="0>3|20|2" />		
		<i3dMapping id="sidemarker_R4" node="0>3|20|3" />
		<i3dMapping id="round_reflector_R6" node="0>3|20|4" />
		<i3dMapping id="round_reflector_L6" node="0>3|20|5" />
		<i3dMapping id="red_triangle_R" node="0>3|20|6" />
		<i3dMapping id="red_triangle_L" node="0>3|20|7" />
		<i3dMapping id="koito_reverseLight_R" node="0>3|20|8" />
		<i3dMapping id="koito_reverseLight_L" node="0>3|20|9" />
		<i3dMapping id="LisencePlateLight" node="0>3|20|10" />
		<!--LightAssets(option2)-->	
		<i3dMapping id="Light_option2" node="0>3|21" />
		<i3dMapping id="sidemarker_R_op2" node="0>3|21|0" />
		<i3dMapping id="sidemarker_L_op2" node="0>3|21|1" />
		<i3dMapping id="round_reflector_R_op2" node="0>3|21|2" />
		<i3dMapping id="round_reflector_L_op2" node="0>3|21|3" />
		<i3dMapping id="red_triangle_R_op2" node="0>3|21|4" />
		<i3dMapping id="red_triangle_L_op2" node="0>3|21|5" />
		<i3dMapping id="LisencePlateLight_op2" node="0>3|21|6" />		
		<i3dMapping id="rearMultipointLight_L" node="0>3|21|7" />
		<i3dMapping id="rearMultipointLight_R" node="0>3|21|8" />
		<!--Body-->		
		<i3dMapping id="body_vis" node="0>4" />
		<i3dMapping id="rear_option1" node="0>4|0" />
		<i3dMapping id="rear_option2" node="0>4|1" />	
		<i3dMapping id="LoadingRamp_transform_L" node="0>4|0|1|0" />			
		<i3dMapping id="LoadingRamp_L" node="0>4|0|1|0|0" />	
		<i3dMapping id="LoadingRamp_transform_R" node="0>4|0|1|1" />			
		<i3dMapping id="LoadingRamp_R" node="0>4|0|1|1|0" />		
		<i3dMapping id="vis_parts" node="0>4|0|1|2" />		
		<i3dMapping id="mudguard_type1" node="0>4|6|1" />	
		<i3dMapping id="mudguard_type2" node="0>4|6|2" />
		<i3dMapping id="mudguard_type1_decal1" node="0>4|6|3" />	
		<i3dMapping id="mudguard_type2_decal1" node="0>4|6|4" />
		<i3dMapping id="mudguard_type1_decal2" node="0>4|6|5" />	
		<i3dMapping id="mudguard_type2_decal2" node="0>4|6|6" />
		<i3dMapping id="rubberFender" node="0>4|7" />
		<i3dMapping id="reflector" node="0>4|0|2" />
		<i3dMapping id="wheelChockSupport" node="0>4|5" />
		<i3dMapping id="wheelChock01" node="0>4|5|0" />
		<i3dMapping id="wheelChock02" node="0>4|5|1" />
        <i3dMapping id="support_leg" node="0>5|0" />
		<i3dMapping id="support_col" node="0>5|1" />
		<i3dMapping id="axle_joint_L" node="0>6" />
		<i3dMapping id="axle_joint_R" node="0>7" />
		<i3dMapping id="mudgurad_joint" node="0>8" />
		<!--wheels-->
		<i3dMapping id="repr1" node="1>2" />
		<i3dMapping id="repr2" node="1>1" />
		<i3dMapping id="repr3" node="2>2" />
		<i3dMapping id="repr4" node="2>1" />
		<i3dMapping id="repr5" node="1>4" />
		<i3dMapping id="repr6" node="1>3" />
		<i3dMapping id="repr7" node="2>4" />
		<i3dMapping id="repr8" node="2>3" />
		<i3dMapping id="wheel1" node="1>2|0" />
		<i3dMapping id="wheel2" node="1>1|0" />
		<i3dMapping id="wheel3" node="2>2|0" />
		<i3dMapping id="wheel4" node="2>1|0" />
		<i3dMapping id="wheel5" node="1>4|0" />
		<i3dMapping id="wheel6" node="1>3|0" />
		<i3dMapping id="wheel7" node="2>4|0" />
		<i3dMapping id="wheel8" node="2>3|0" />
		<!--RampAnimation-->
        <i3dMapping id="AutoRampRotator" node="0>4|1|1" />
		<i3dMapping id="base_ref" node="0>4|1|1|3" />
		<i3dMapping id="RampHydraulic_base" node="0>4|1|3" />
		<i3dMapping id="RampHydraulic_punch" node="0>4|1|3|0" />
	    <i3dMapping id="RampLock_L" node="0>4|1|1|0|2" />
		<i3dMapping id="RampLock_R" node="0>4|1|1|1|2" />
		<!--tensionbelt-->
		<i3dMapping id="tensionbelts" node="0>11" />
		<i3dMapping id="beltstart1" node="0>11|0" />
		<i3dMapping id="beltstart2" node="0>11|1" />
		<i3dMapping id="beltstart3" node="0>11|2" />
		<i3dMapping id="beltstart4" node="0>11|3" />
		<i3dMapping id="beltstart5" node="0>11|4" />
		<i3dMapping id="beltstart6" node="0>11|5" />
		<i3dMapping id="beltstart7" node="0>11|6" />
		<i3dMapping id="beltstart8" node="0>11|7" />
		<i3dMapping id="beltstart9" node="0>11|8" />
		<i3dMapping id="beltstart10" node="0>11|9" />
		<i3dMapping id="beltstart11" node="0>11|10" />
		<i3dMapping id="beltend1" node="0>11|0|0" />
		<i3dMapping id="beltend2" node="0>11|1|0" />
		<i3dMapping id="beltend3" node="0>11|2|0" />
		<i3dMapping id="beltend4" node="0>11|3|0" />
		<i3dMapping id="beltend5" node="0>11|4|0" />
		<i3dMapping id="beltend6" node="0>11|5|0" />
		<i3dMapping id="beltend7" node="0>11|6|0" />
		<i3dMapping id="beltend8" node="0>11|7|0" />
		<i3dMapping id="beltend9" node="0>11|8|0" />
		<i3dMapping id="beltend10" node="0>11|9|0" />
		<i3dMapping id="beltend11" node="0>11|10|0" />
		<i3dMapping id="beltActivationTrigger" node="0>11|11" />
    </i3dMappings>
</vehicle>