﻿<?xml version="1.0" encoding="utf-8" standalone="no" ?>
<modDesc descVersion="53">
    <author>JapanModding(Erix05)</author>
    <version>1.0.0.0</version>
    <title>
        <en>Lowloader With 16 Wheels</en>
        <de>Tieflader Mit 16 Reifen</de>
		<jp>16輪低床トレーラー</jp>
    </title>
<description>
<en><![CDATA[Lowloader with 16 wheels

Prices:28000€

Details:
body length : 12m
deck length : 6m
work width : 2.99m

]]></en>

<de><![CDATA[Tieflader mit 16 Reifen

Preis: 28000 €

Einzelheiten:
Länge: 12m
Decklänge: 6m
Breite: 2.99m

]]></de>

</description>
	
	<iconFilename>icon.dds</iconFilename>

    <multiplayer supported="true" />

    <vehicleTypes>
		<type name="16wheelslowloader" parent="trailer" className="Vehicle" filename="$dataS/scripts/vehicles/Vehicle.lua">
			<specialization name="dynamicMountAttacher" />
		</type>		
    </vehicleTypes>	  

   <storeItems>
        <storeItem rootNode="vehicle" xmlFilename="16wheelsLowLoader.xml"/>
    </storeItems>
<l10n>
<text name="RampType1_Slide">
<en>Ramp Type1 Slide</en>
<de>Rampe Typ1 bewegen</de>
<jp>あゆみ板（Type1）をスライド</jp>
</text>
<text name="RampType2_Slide">
<en>Ramp Type2 Slide</en>
<de>Rampe Typ2 bewegen</de>
<jp>あゆみ板（Type2）をスライド</jp>
</text>
<text name="configuration_ramp">
<en>Ramp Configuration</en>
<de>Rampenkonfiguration</de>
<jp>あゆみ板のカスタマイズ</jp>
</text>
<text name="configuration_mudguard">
<en>Mudflap Configuration</en>
<de>Schmutzfängerkonfiguration</de>
<jp>泥除けのカスタマイズ</jp>
</text>
</l10n>	
</modDesc>
