﻿<?xml version="1.0" encoding="utf-8" standalone="no" ?>
<modDesc descVersion="53">
	<author>North Modding Company</author>
    <version>1.0.1.0</version>
	<title>
		<en>NMC Kingtrail G4</en>
    </title>
	<description>
		<en>
<![CDATA[NMC Kingtrail G4 low loader are used when high, heavy or bulky  vehicles, machines or tools need to be transported. Trailer load height and steering manoeuvrability are key when hauling heavy vehicles, machines or tools. The Goose neck is perfect for loading and unloading so you dont have to drive over the high part of the trailer to get on and off.

Price: 26000$
Tension belt support
Steering axles
Color configs
Extend the lower load plan
Lift and lower of trailer

Changelog 1.0.1.0:
- Fixed issue where you couldn't open it in store
- Changed brand logo
- Raised descVersion to 53]]>
		</en>
		<de>
<![CDATA[
NMC's Kingtrail G4 Tieflader werden eingesetzt wenn hohe, schwere oder sperrige Fahrzeuge, Maschinen oder Werkzeuge transportiert werden müssen. Die Ladehöhe des Anhängers und seine Wendigkeit der Lenkung sind beim Transport von entscheidender Bedeutung. Der Schwanenhals eignet sich perfekt zum Be und Endladen sodass sie nicht über den hohen Teil des Anhängers fahren müssen um auf ihn raus und wieder runter zu kommen.

Preis: 26000$
Spanngurt Unterstützung
Lenkachsen
Farbeinstellungen
Erweitern Sie den unteren Ladeplan
Anhänger anheben und absenken

Changelog 1.0.1.0:
- Problem behoben, bei dem Sie ihn nicht im Geschäft öffnen konnten
- Geändertes Markenlogo
- Erhöhte modDesc Version auf 53]]>
		</de>
	</description>
	<l10n>
		<text name="configuration_ramp"> <en>Ramp Config</en> <de>Rampenkonfig</de> </text>
		<text name="configuration_rampAdded"> <en>Ramp Mounted</en> <de>Rampe montiert</de> </text>
	</l10n>
	<brands>
        <brand name="NMC" title="NMC" image="textures/NMC_brand.dds"/>
    </brands>
    <iconFilename>textures/combi_icon.dds</iconFilename>
    <multiplayer supported="true"/>
	<storeItems>
		<storeItem rootNode="vehicle" xmlFilename="NMC_combi.xml"/>
	</storeItems>
</modDesc>