﻿<?xml version="1.0" encoding="utf-8" standalone="no" ?>
<vehicle type="semiTrailerFront">
    <annotation>Copyright (C) GIANTS Software GmbH, All Rights Reserved.</annotation>
    <storeData>
        <name>Kingtrail G4 Front</name>
        <specs>
            <combination>Truck, Dolly</combination>
        </specs>
        <functions>
            <function>$l10n_function_lowLoader</function>
            <function>$l10n_function_semiTrailer</function>
        </functions>
        <image>textures/front_store.dds</image>
        <price>11000</price>
        <lifetime>600</lifetime>
        <rotation>0</rotation>
        <brand>NMC</brand>
        <category>lowloaders</category>
    </storeData>
    <base>
        <typeDesc>$l10n_typeDesc_lowLoader</typeDesc>
        <filename>NMC_transportTrailerFront.i3d</filename>
        <size width="3" length="4.5" />
        <components>
            <component centerOfMass="0 0.1 -1.5" solverIterationCount="10" mass="950"/>
        </components>
        <schemaOverlay attacherJointPosition="0 0">
            <default name="DEFAULT_IMPLEMENT"/>
            <selected name="DEFAULT_IMPLEMENT_SELECTED"/>
        </schemaOverlay>
    </base>
    <attachable>
        <inputAttacherJoints>
            <inputAttacherJoint node="attacherJoint" jointType="semitrailer" upperRotationOffset="0"/>
        </inputAttacherJoints>
		<support animationName="moveSupport" />
    </attachable>
    <attacherJoints>
        <attacherJoint node="attacherJointBack" jointType="semitrailerHook" lowerRotLimit="0 0 0" allowsJointLimitMovement="false" enableCollision="false" >
            <schema position="1 0" rotation="0" invertX="false" />
            <attachSound template="HEADER_ATTACH_01" linkNode="0>" />
        </attacherJoint>
        <sounds>
            <attach template="ATTACH_01" />
        </sounds>
    </attacherJoints>
	<animations>
        <animation name="moveSupport">
            <part node="supportBoxes" startTime="0"    endTime="0.7"  startTrans="0 0.825 -1.427"  endTrans="0 0.262 -1.427" />
            <part node="supportBoxes" startTime="0.6"  endTime="0.65" visibility="false" />
            <part node="supportBoxes" startTime="0.65" endTime="0.7"  visibility="true" />
        </animation>
    </animations>
	<cylindered>
        <movingTools>
			<movingTool node="attacherMove" sound="true">
                <controls axis="AXIS_CRANE_ARM" invertAxis="true" mouseSpeedFactor="0.5" iconName="CRANE_ARM1_ROTATE_X" />
                <translation transSpeed="0.4" transAcceleration="80" transMax="0.3" transMin="0" starttrans="0" translationAxis="3"/>
				<inputAttacherJoint value="true" />
            </movingTool>
        </movingTools>
        <movingParts>
            <movingPart node="scaleZ" referencePoint="attacherMove" referenceFrame="attacherMove" isActiveDirty="true" scaleZ="true"/>
        </movingParts>
        <sounds>
            <hydraulic template="DEFAULT_HYDRAULIC_SOUND" linkNode="0>"/>
        </sounds>
    </cylindered>
    <lights>
        <sharedLight linkNode="sideMarker_09Orange_1" filename="$data/shared/assets/lights/lizard/sideMarker_09Orange.xml" />
        <sharedLight linkNode="sideMarker_09Orange_2" filename="$data/shared/assets/lights/lizard/sideMarker_09Orange.xml" />
        <sharedLight linkNode="sideMarker_09Orange_3" filename="$data/shared/assets/lights/lizard/sideMarker_09Orange.xml" />
        <sharedLight linkNode="sideMarker_09Orange_4" filename="$data/shared/assets/lights/lizard/sideMarker_09Orange.xml" />
    </lights>
	<tensionBelts>
        <tensionBeltsConfigurations>
            <tensionBeltsConfiguration>
                <tensionBelts linkNode="belts" jointNode="NMC_trailer_main_component" width="0.075" maxEdgeLength="0.1" geometryBias="0.01" ratchetPosition="0.2" defaultOffset="-0.25" defaultOffsetSide="0.1" defaultHeight="2.75" interactionRadius="1.5" totalInteractionRadius="6.5" activationTrigger="beltActivationTrigger">
                    <tensionBelt startNode="beltStart1" endNode="beltEnd1" offsetLeft="0.95"/>
                    <tensionBelt startNode="beltStart2" endNode="beltEnd2" />
                    <tensionBelt startNode="beltStart3" endNode="beltEnd3" />
                    <tensionBelt startNode="beltStart4" endNode="beltEnd4" offsetRight="0.95"/>
                </tensionBelts>
            </tensionBeltsConfiguration>
        </tensionBeltsConfigurations>
    </tensionBelts>
	<designConfigurations title="$l10n_configuration_ramp">
        <designConfiguration name="$l10n_configuration_valueDefault" price="0" />
		<designConfiguration name="$l10n_configuration_rampAdded" price="500"/>
    </designConfigurations>	
    <baseMaterial>
        <material name="trailer_mat" baseNode="NMCTrailerFront_vis">
            <shaderParameter name="colorMat0" value="0.03 0.03 0.03 0"/>
        </material>
    </baseMaterial>
    <baseMaterialConfigurations useDefaultColors="true" price="1200">
        <baseMaterialConfiguration name="STANDARD" color="0.03 0.03 0.03 0"/>
        <material name="trailer_mat" shaderParameter="colorMat0" />
    </baseMaterialConfigurations>
    <wearable wearDuration="480" workMultiplier="5" fieldMultiplier="2"/>
    <washable dirtDuration="90" washDuration="1" workMultiplier="3" fieldMultiplier="2"/>
    <i3dMappings>
        <i3dMapping id="NMC_trailer_main_component" node="0>" />
        <i3dMapping id="NMCTrailerFront_vis" node="0>0" />
        <i3dMapping id="attacherMove" node="0>0|0|0" />
        <i3dMapping id="attacherJoint" node="0>0|0|0|0" />
        <i3dMapping id="attacherJointBack" node="0>0|1" />
        <i3dMapping id="sideMarker_09Orange_1" node="0>0|2|0|0" />
        <i3dMapping id="sideMarker_09Orange_2" node="0>0|2|0|1" />
        <i3dMapping id="sideMarker_09Orange_3" node="0>0|2|0|2" />
        <i3dMapping id="sideMarker_09Orange_4" node="0>0|2|0|3" />
        <i3dMapping id="turnLightLeftFront" node="0>0|2|1|0|0" />
        <i3dMapping id="turnLightRightFront" node="0>0|2|1|1|0" />
		<i3dMapping id="belts" node="0>0|3" />
	    <i3dMapping id="beltStart1" node="0>0|3|0" />
	    <i3dMapping id="beltEnd1" node="0>0|3|0|0" />
	    <i3dMapping id="beltStart2" node="0>0|3|1" />
	    <i3dMapping id="beltEnd2" node="0>0|3|1|0" />
	    <i3dMapping id="beltStart3" node="0>0|3|2" />
	    <i3dMapping id="beltEnd3" node="0>0|3|2|0" />
	    <i3dMapping id="beltStart4" node="0>0|3|3" />
	    <i3dMapping id="beltEnd4" node="0>0|3|3|0" />
	    <i3dMapping id="beltActivationTrigger" node="0>0|3|4" />
	    <i3dMapping id="supportBoxes" node="0>0|4|0" />
	    <i3dMapping id="scaleZ" node="0>0|4|1" />
    </i3dMappings>
</vehicle>
