﻿<?xml version="1.0" encoding="utf-8" standalone="no" ?>
<vehicle type="dynamicMountAttacherTrailer">
    <annotation>Copyright (C) GIANTS Software GmbH, All Rights Reserved.</annotation>
    <storeData>
        <name>Transport Trailer</name>
        <functions>
            <function>$l10n_function_lowLoader</function>
        </functions>
        <image>textures/back_store.dds</image>
        <price>15000</price>
        <lifetime>600</lifetime>
        <rotation>0</rotation>
        <brand>NMC</brand>
        <category>lowloaders</category>
    </storeData>
    <base>
        <typeDesc>$l10n_typeDesc_lowLoader</typeDesc>
        <filename>NMC_transportTrailer.i3d</filename>
        <size width="3.5" length="16" />
        <components>
            <component centerOfMass="0 0.867 -2" solverIterationCount="10" mass="5800" />
        </components>
        <schemaOverlay attacherJointPosition="0 0">
            <default name="DEFAULT_IMPLEMENT"/>
            <selected name="DEFAULT_IMPLEMENT_SELECTED"/>
        </schemaOverlay>
    </base>
    <wheels>
        <wheelConfigurations>
            <wheelConfiguration name="$l10n_configuration_valueDefault" price="0">
                <wheels>
					<wheel filename="$data/shared/wheels/lizard/implement/315_80R22_5.xml" configId="dual" isLeft="true" hasTireTracks="true" hasParticles="true" >
                        <physics restLoad="1.4" repr="wheelLeftFront" forcePointRatio="0.5" initialCompression="31" suspTravel="0.13" spring="40" damper="42" />
                        <additionalWheel filename="$data/shared/wheels/lizard/implement/315_80R22_5.xml" configId="dualConnector" isLeft="true" offset="0.06" />
                    </wheel>
					<wheel filename="$data/shared/wheels/lizard/implement/315_80R22_5.xml" configId="dual" isLeft="false" hasTireTracks="true" hasParticles="true" >
                        <physics restLoad="1.4" repr="wheelRightFront" forcePointRatio="0.5" initialCompression="31" suspTravel="0.13" spring="40" damper="42" />
                        <additionalWheel filename="$data/shared/wheels/lizard/implement/315_80R22_5.xml" configId="dualConnector" isLeft="false" offset="0.06" />
                    </wheel>
					<wheel filename="$data/shared/wheels/lizard/implement/315_80R22_5.xml" configId="dual" isLeft="true" hasTireTracks="true" hasParticles="true" >
                        <physics restLoad="1.4" repr="wheelLeftMidFront" forcePointRatio="0.5" initialCompression="31" suspTravel="0.13" spring="40" damper="42"  />
                        <additionalWheel filename="$data/shared/wheels/lizard/implement/315_80R22_5.xml" configId="dualConnector" isLeft="true" offset="0.06" />
                    </wheel>
					<wheel filename="$data/shared/wheels/lizard/implement/315_80R22_5.xml" configId="dual" isLeft="false" hasTireTracks="true" hasParticles="true" >
                        <physics restLoad="1.4" repr="wheelRightMidFront" forcePointRatio="0.5" initialCompression="31" suspTravel="0.13" spring="40" damper="42" />
                        <additionalWheel filename="$data/shared/wheels/lizard/implement/315_80R22_5.xml" configId="dualConnector" isLeft="false" offset="0.06" />
                    </wheel>
					<wheel filename="$data/shared/wheels/lizard/implement/315_80R22_5.xml" configId="dual" isLeft="true" hasTireTracks="true" hasParticles="true" >
                        <physics restLoad="1.4" repr="wheelLeftMidFront2" forcePointRatio="0.5" initialCompression="31" suspTravel="0.13" spring="40" damper="42" />
                        <additionalWheel filename="$data/shared/wheels/lizard/implement/315_80R22_5.xml" configId="dualConnector" isLeft="true" offset="0.06" />
						<steeringAxle scale="-1.3" rotMax="20" rotMin="-20"/>
                    </wheel>
					<wheel filename="$data/shared/wheels/lizard/implement/315_80R22_5.xml" configId="dual" isLeft="false" hasTireTracks="true" hasParticles="true" >
                        <physics restLoad="1.4" repr="wheelRightMidFront2" forcePointRatio="0.5" initialCompression="31" suspTravel="0.13" spring="40" damper="42" />
                        <additionalWheel filename="$data/shared/wheels/lizard/implement/315_80R22_5.xml" configId="dualConnector" isLeft="false" offset="0.06" />
						<steeringAxle scale="-1.3" rotMax="20" rotMin="-20"/>
                    </wheel>
					<wheel filename="$data/shared/wheels/lizard/implement/315_80R22_5.xml" configId="dual" isLeft="true" hasTireTracks="true" hasParticles="true" >
                        <physics restLoad="1.4" repr="wheelLeftBack" forcePointRatio="0.5" initialCompression="31" suspTravel="0.13" spring="40" damper="42"  />
                        <additionalWheel filename="$data/shared/wheels/lizard/implement/315_80R22_5.xml" configId="dualConnector" isLeft="true" offset="0.06" />
						<steeringAxle scale="-1.3" rotMax="20" rotMin="-20"/>
                    </wheel>
					<wheel filename="$data/shared/wheels/lizard/implement/315_80R22_5.xml" configId="dual" isLeft="false" hasTireTracks="true" hasParticles="true" >
                        <physics restLoad="1.4" repr="wheelRightBack" forcePointRatio="0.5" initialCompression="31" suspTravel="0.13" spring="40" damper="42" />
                        <additionalWheel filename="$data/shared/wheels/lizard/implement/315_80R22_5.xml" configId="dualConnector" isLeft="false" offset="0.06" />
						<steeringAxle scale="-1.3" rotMax="20" rotMin="-20"/>
                    </wheel>
                </wheels>
            </wheelConfiguration>
        </wheelConfigurations>
    </wheels>
    <attachable>
        <inputAttacherJoints>
            <inputAttacherJoint node="attacherJoint" jointType="semitrailerHook" isDefaultLowered="true" allowsLowering="false"/>
        </inputAttacherJoints>
        <steeringAxleAngleScale startSpeed="0" endSpeed="55" useSuperAttachable="true" backwards="true"/>
        <brakeForce>0.9</brakeForce>
    </attachable>
    <lights>
        <sharedLight linkNode="redTriangle_01_1" filename="$data/shared/assets/reflectors/lizard/redTriangle_01.xml" />
        <sharedLight linkNode="redTriangle_01_2" filename="$data/shared/assets/reflectors/lizard/redTriangle_01.xml" />
        <sharedLight linkNode="workingLightSquare_03_1" filename="$data/shared/assets/lights/lizard/rearLightCircleWhite_02.xml" />
        <sharedLight linkNode="workingLightSquare_03_2" filename="$data/shared/assets/lights/lizard/rearLightCircleWhite_02.xml" />
        <sharedLight linkNode="workingLightSquare_03_3" filename="$data/shared/assets/lights/lizard/rearLightCircleWhite_02.xml" />
        <sharedLight linkNode="workingLightSquare_03_4" filename="$data/shared/assets/lights/lizard/rearLightCircleWhite_02.xml" />
        <sharedLight linkNode="workingLightSquare_03_5" filename="$data/shared/assets/lights/lizard/rearLightCircleWhite_02.xml" />
        <sharedLight linkNode="workingLightSquare_03_6" filename="$data/shared/assets/lights/lizard/rearLightCircleWhite_02.xml" />
        <sharedLight linkNode="rearMultipointLight_02_left" filename="$data/shared/assets/lights/lizard/rearMultipointLight_02_left.xml" />
        <sharedLight linkNode="rearMultipointLight_02_right" filename="$data/shared/assets/lights/lizard/rearMultipointLight_02_right.xml" />
        <sharedLight linkNode="sideMarker_09Orange_1" filename="$data/shared/assets/lights/lizard/sideMarker_09Orange.xml" />
        <sharedLight linkNode="sideMarker_09Orange_2" filename="$data/shared/assets/lights/lizard/sideMarker_09Orange.xml" />
        <sharedLight linkNode="sideMarker_09Orange_3" filename="$data/shared/assets/lights/lizard/sideMarker_09Orange.xml" />
        <sharedLight linkNode="sideMarker_09Orange_4" filename="$data/shared/assets/lights/lizard/sideMarker_09Orange.xml" />
        <sharedLight linkNode="sideMarker_09Orange_5" filename="$data/shared/assets/lights/lizard/sideMarker_09Orange.xml" />
        <sharedLight linkNode="sideMarker_09Orange_6" filename="$data/shared/assets/lights/lizard/sideMarker_09Orange.xml" />
        <sharedLight linkNode="sideMarker_09Orange_7" filename="$data/shared/assets/lights/lizard/sideMarker_09Orange.xml" />
        <sharedLight linkNode="sideMarker_09Orange_8" filename="$data/shared/assets/lights/lizard/sideMarker_09Orange.xml" />
        <sharedLight linkNode="sideMarker_09Orange_9" filename="$data/shared/assets/lights/lizard/sideMarker_09Orange.xml" />
        <sharedLight linkNode="sideMarker_09Orange_10" filename="$data/shared/assets/lights/lizard/sideMarker_09Orange.xml" />
        <sharedLight linkNode="sideMarker_09Orange_11" filename="$data/shared/assets/lights/lizard/sideMarker_09Orange.xml" />
        <sharedLight linkNode="sideMarker_09Orange_12" filename="$data/shared/assets/lights/lizard/sideMarker_09Orange.xml" />
        <sharedLight linkNode="sideMarker_09Orange_13" filename="$data/shared/assets/lights/lizard/sideMarker_09Orange.xml" />
        <sharedLight linkNode="sideMarker_09Orange_14" filename="$data/shared/assets/lights/lizard/sideMarker_09Orange.xml" />
        <sharedLight linkNode="sideMarker_09Orange_15" filename="$data/shared/assets/lights/lizard/sideMarker_09Orange.xml" />
        <sharedLight linkNode="sideMarker_09Orange_16" filename="$data/shared/assets/lights/lizard/sideMarker_09Orange.xml" />
        <sharedLight linkNode="sideMarker_09Orange_17" filename="$data/shared/assets/lights/lizard/sideMarker_09Orange.xml" />
        <sharedLight linkNode="sideMarker_09Orange_18" filename="$data/shared/assets/lights/lizard/sideMarker_09Orange.xml" />
        <sharedLight linkNode="sideMarker_09Orange_19" filename="$data/shared/assets/lights/lizard/sideMarker_09Orange.xml" />
        <sharedLight linkNode="sideMarker_09Orange_20" filename="$data/shared/assets/lights/lizard/sideMarker_09Orange.xml" />
        <sharedLight linkNode="sideMarker_09Orange_21" filename="$data/shared/assets/lights/lizard/sideMarker_09Orange.xml" />
        <sharedLight linkNode="sideMarker_09Orange_22" filename="$data/shared/assets/lights/lizard/sideMarker_09Orange.xml" />
        <sharedLight linkNode="sideMarker_09Orange_23" filename="$data/shared/assets/lights/lizard/sideMarker_09Orange.xml" />
        <sharedLight linkNode="sideMarker_09Orange_24" filename="$data/shared/assets/lights/lizard/sideMarker_09Orange.xml" />
        <sharedLight linkNode="sideMarker_09Orange_25" filename="$data/shared/assets/lights/lizard/sideMarker_09Orange.xml" />
        <sharedLight linkNode="sideMarker_09Orange_26" filename="$data/shared/assets/lights/lizard/sideMarker_09Orange.xml" />
        <sharedLight linkNode="sideMarker_09Orange_27" filename="$data/shared/assets/lights/lizard/sideMarker_09Orange.xml" />
        <sharedLight linkNode="sideMarker_09Orange_28" filename="$data/shared/assets/lights/lizard/sideMarker_09Orange.xml" />
        <realLights>
            <high>
                <light node="backLightsHigh" lightTypes="0 3" />
                <light node="workLightBackHigh" lightTypes="1" />
                <turnLightLeft node="turnLightLeftBack" />
                <turnLightRight node="turnLightRightBack" />
                <brakeLight node="backLightsHigh" />
                <reverseLight node="reverseLight" />
            </high>
        </realLights>
        <beaconLights>
            <beaconLight node="beaconLight" filename="$data/shared/assets/beaconLights/lizard/beaconLight01.xml"/>
        </beaconLights>
    </lights>
    <animations>
        <animation name="folding">
            <part node="extendersLeft" startTime="0" endTime="1" startRot="0 0 180" endRot="0 0 0" />
            <part node="extendersRight" startTime="0" endTime="1" startRot="0 0 -180" endRot="0 0 0" />
            <part node="extendersLeftCol" startTime="0" endTime="1" startTrans="1.085 0.072 -0.018" endTrans="1.469 0.157 -0.018" />
            <part node="extendersRightCol" startTime="0" endTime="1" startTrans="-1.085 0.209 -0.018" endTrans="-1.469 0.313 -0.018" />
        </animation>
    </animations>
	<foldable>
        <foldingParts startMoveDirection="-1" turnOnFoldDirection="-1">
            <foldingPart animationName="folding" speedScale="1"/>
        </foldingParts>
    </foldable>
    <cylindered>
        <movingTools>
			<movingTool node="rampPhysics" delayedNode="ramp" sound="true">
                <controls axis="AXIS_CRANE_ARM2" invertAxis="true" mouseSpeedFactor="0.5" iconName="CRANE_ARM1_ROTATE_X" />
                <rotation rotSpeed="45" rotAcceleration="130" rotMax="-84.749" rotMin="-205" startRot="-84.749" rotationAxis="1" rotSendNumBits="9" />
            </movingTool>
			<movingTool node="wheels" sound="true" wheelIndices="1 2 3 4 5 6 7 8">
                <controls axis="AXIS_CRANE_ARM" invertAxis="true" mouseSpeedFactor="0.5" iconName="CRANE_ARM1_ROTATE_X" />
                <translation transSpeed="0.4" transAcceleration="80" transMax="0.48" transMin="0.181" starttrans="0.444" translationAxis="2"/>
            </movingTool>
			<movingTool node="extendersLeft" sound="true"/>
        </movingTools>
        <movingParts>
            <movingPart node="hydraulicRamp" referencePoint="hydraulicRampRef" referenceFrame="hydraulicRampRef" isActiveDirty="true">
                <translatingPart node="hydraulicRampPunch" />
            </movingPart>
        </movingParts>
        <sounds>
            <hydraulic template="DEFAULT_HYDRAULIC_SOUND" linkNode="0>"/>
        </sounds>
    </cylindered>
	<tensionBelts>
        <tensionBeltsConfigurations>
            <tensionBeltsConfiguration>
                <tensionBelts linkNode="belts" jointNode="NMCTrailer_main_component1" width="0.075" maxEdgeLength="0.1" geometryBias="0.01" ratchetPosition="0.2" defaultOffset="-0.25" defaultOffsetSide="0.1" defaultHeight="2.75" interactionRadius="1.5" totalInteractionRadius="6.5" activationTrigger="beltActivationTrigger">
                    <tensionBelt startNode="beltStart1" endNode="beltEnd1" offsetLeft="0.95"/>
                    <tensionBelt startNode="beltStart2_0" endNode="beltEnd2_0" />
                    <tensionBelt startNode="beltStart2_1" endNode="beltEnd2_1" />
                    <tensionBelt startNode="beltStart2_2" endNode="beltEnd2_2" />
                    <tensionBelt startNode="beltStart2_3" endNode="beltEnd2_3" />
                    <tensionBelt startNode="beltStart2_4" endNode="beltEnd2_4" />
                    <tensionBelt startNode="beltStart2_5" endNode="beltEnd2_5" />
                    <tensionBelt startNode="beltStart2_6" endNode="beltEnd2_6" />
                    <tensionBelt startNode="beltStart2_7" endNode="beltEnd2_7" />
                    <tensionBelt startNode="beltStart2_8" endNode="beltEnd2_8" />
                    <tensionBelt startNode="beltStart2_9" endNode="beltEnd2_9" />
                    <tensionBelt startNode="beltStart2_10" endNode="beltEnd2_10" />
                    <tensionBelt startNode="beltStart2_11" endNode="beltEnd2_11" offsetRight="0.95"/>
                </tensionBelts>
            </tensionBeltsConfiguration>
        </tensionBeltsConfigurations>
    </tensionBelts>
	<dynamicMountAttacher triggerNode="dynamicMountTrigger" rootNode="NMCTrailer_main_component1" jointNode="NMCTrailer_main_component1" forceAcceleration="30" mountType="FIX_ATTACH" />
	<designConfigurations title="$l10n_configuration_ramp">
        <designConfiguration name="$l10n_configuration_valueDefault" price="0" />
		<designConfiguration name="$l10n_configuration_rampAdded" price="500">
            <objectChange node="ramp" visibilityActive="true" visibilityInactive="false"/>
            <objectChange node="hydraulicRamp" visibilityActive="true" visibilityInactive="false"/>
            <objectChange node="colPartLeft" compoundChildActive="true" compoundChildInactive="false"/>
            <objectChange node="colPartRight" compoundChildActive="true" compoundChildInactive="false"/>
        </designConfiguration>
    </designConfigurations>	
    <foliageBending>
        <bendingNode minX="-1.5" maxX="1.5" minZ="-5.9" maxZ="6.1" yOffset="0.3" />
    </foliageBending>
	<baseMaterial>
        <material name="trailer_mat" baseNode="trailer_vis">
            <shaderParameter name="colorMat0" value="0.03 0.03 0.03 0"/>
        </material>
    </baseMaterial>
    <baseMaterialConfigurations useDefaultColors="true" price="1200">
        <baseMaterialConfiguration name="STANDARD" color="0.03 0.03 0.03 0"/>
        <material name="trailer_mat" shaderParameter="colorMat0" />
    </baseMaterialConfigurations>
    <wearable wearDuration="480" workMultiplier="5" fieldMultiplier="2"/>
    <washable dirtDuration="90" washDuration="1" workMultiplier="3" fieldMultiplier="2"/>
    <i3dMappings>
        <i3dMapping id="NMCTrailer_main_component1" node="0>" />
        <i3dMapping id="trailer_vis" node="0>0" />
        <i3dMapping id="attacherJoint" node="0>0|0" />
        <i3dMapping id="wheels" node="0>0|1" />
        <i3dMapping id="wheelLeftFront" node="0>0|1|0" />
        <i3dMapping id="wheelRightFront" node="0>0|1|1" />
        <i3dMapping id="wheelLeftMidFront" node="0>0|1|2" />
        <i3dMapping id="wheelRightMidFront" node="0>0|1|3" />
        <i3dMapping id="wheelLeftMidFront2" node="0>0|1|4" />
        <i3dMapping id="wheelRightMidFront2" node="0>0|1|5" />
        <i3dMapping id="wheelLeftBack" node="0>0|1|6" />
        <i3dMapping id="wheelRightBack" node="0>0|1|7" />
        <i3dMapping id="redTriangle_01_1" node="0>0|2|0|0" />
        <i3dMapping id="redTriangle_01_2" node="0>0|2|0|1" />
        <i3dMapping id="rearMultipointLight_02_left" node="0>0|2|0|2" />
        <i3dMapping id="rearMultipointLight_02_right" node="0>0|2|0|3" />
        <i3dMapping id="workingLightSquare_03_1" node="0>0|2|0|4" />
        <i3dMapping id="workingLightSquare_03_2" node="0>0|2|0|5" />
        <i3dMapping id="workingLightSquare_03_3" node="0>0|2|0|6" />
        <i3dMapping id="workingLightSquare_03_4" node="0>0|2|0|7" />
        <i3dMapping id="workingLightSquare_03_5" node="0>0|2|0|8" />
        <i3dMapping id="workingLightSquare_03_6" node="0>0|2|0|9" />
        <i3dMapping id="sideMarker_09Orange_1" node="0>0|2|0|10" />
		<i3dMapping id="sideMarker_09Orange_2" node="0>0|2|0|11" />
		<i3dMapping id="sideMarker_09Orange_3" node="0>0|2|0|12" />
		<i3dMapping id="sideMarker_09Orange_4" node="0>0|2|0|13" />
		<i3dMapping id="sideMarker_09Orange_5" node="0>0|2|0|14" />
		<i3dMapping id="sideMarker_09Orange_6" node="0>0|2|0|15" />
		<i3dMapping id="sideMarker_09Orange_7" node="0>0|2|0|16" />
		<i3dMapping id="sideMarker_09Orange_8" node="0>0|2|0|17" />
		<i3dMapping id="sideMarker_09Orange_9" node="0>0|2|0|18" />
		<i3dMapping id="sideMarker_09Orange_10" node="0>0|2|0|19" />
		<i3dMapping id="sideMarker_09Orange_11" node="0>0|2|0|20" />
		<i3dMapping id="sideMarker_09Orange_12" node="0>0|2|0|21" />
		<i3dMapping id="sideMarker_09Orange_13" node="0>0|2|0|22" />
		<i3dMapping id="sideMarker_09Orange_14" node="0>0|2|0|23" />
		<i3dMapping id="sideMarker_09Orange_15" node="0>0|2|0|24" />
		<i3dMapping id="sideMarker_09Orange_16" node="0>0|2|0|25" />
		<i3dMapping id="sideMarker_09Orange_17" node="0>0|2|0|26" />
		<i3dMapping id="sideMarker_09Orange_18" node="0>0|2|0|27" />
		<i3dMapping id="sideMarker_09Orange_19" node="0>0|2|0|28" />
		<i3dMapping id="sideMarker_09Orange_20" node="0>0|2|0|29" />
		<i3dMapping id="sideMarker_09Orange_21" node="0>0|2|0|30" />
		<i3dMapping id="sideMarker_09Orange_22" node="0>0|2|0|31" />
		<i3dMapping id="sideMarker_09Orange_23" node="0>0|2|0|32" />
		<i3dMapping id="sideMarker_09Orange_24" node="0>0|2|0|33" />
		<i3dMapping id="sideMarker_09Orange_25" node="0>0|2|0|34" />
		<i3dMapping id="sideMarker_09Orange_26" node="0>0|2|0|35" />
		<i3dMapping id="sideMarker_09Orange_27" node="0>0|2|0|36" />
		<i3dMapping id="sideMarker_09Orange_28" node="0>0|2|0|37" />
        <i3dMapping id="backLightsHigh" node="0>0|2|1|0" />
        <i3dMapping id="workLightBackHigh" node="0>0|2|2|0" />
        <i3dMapping id="turnLightLeftBack" node="0>0|2|3|0|0" />
        <i3dMapping id="turnLightRightBack" node="0>0|2|3|1|0" />
        <i3dMapping id="reverseLight" node="0>0|2|4|0" />
        <i3dMapping id="beaconLight" node="0>0|2|5" />
        <i3dMapping id="rampPhysics" node="0>0|3" />
        <i3dMapping id="colPartLeft" node="0>0|3|0" />
        <i3dMapping id="colPartRight" node="0>0|3|1" />
        <i3dMapping id="ramp" node="0>0|4" />
        <i3dMapping id="hydraulicRampRef" node="0>0|4|0" />
        <i3dMapping id="extendersLeft" node="0>0|5|0" />
        <i3dMapping id="extendersRight" node="0>0|5|1" />
        <i3dMapping id="extendersLeftCol" node="0>0|5|2" />
        <i3dMapping id="extendersRightCol" node="0>0|5|3" />
		<i3dMapping id="belts" node="0>0|6" />
		<i3dMapping id="beltStart1" node="0>0|6|0" />
		<i3dMapping id="beltEnd1" node="0>0|6|0|0" />
		<i3dMapping id="beltStart2_0" node="0>0|6|1" />
		<i3dMapping id="beltEnd2_0" node="0>0|6|1|0" />
		<i3dMapping id="beltStart2_1" node="0>0|6|2" />
		<i3dMapping id="beltEnd2_1" node="0>0|6|2|0" />
		<i3dMapping id="beltStart2_2" node="0>0|6|3" />
		<i3dMapping id="beltEnd2_2" node="0>0|6|3|0" />
		<i3dMapping id="beltStart2_3" node="0>0|6|4" />
		<i3dMapping id="beltEnd2_3" node="0>0|6|4|0" />
		<i3dMapping id="beltStart2_4" node="0>0|6|5" />
		<i3dMapping id="beltEnd2_4" node="0>0|6|5|0" />
		<i3dMapping id="beltStart2_5" node="0>0|6|6" />
		<i3dMapping id="beltEnd2_5" node="0>0|6|6|0" />
		<i3dMapping id="beltStart2_6" node="0>0|6|7" />
		<i3dMapping id="beltEnd2_6" node="0>0|6|7|0" />
		<i3dMapping id="beltStart2_7" node="0>0|6|8" />
		<i3dMapping id="beltEnd2_7" node="0>0|6|8|0" />
		<i3dMapping id="beltStart2_8" node="0>0|6|9" />
		<i3dMapping id="beltEnd2_8" node="0>0|6|9|0" />
		<i3dMapping id="beltStart2_9" node="0>0|6|10" />
		<i3dMapping id="beltEnd2_9" node="0>0|6|10|0" />
		<i3dMapping id="beltStart2_10" node="0>0|6|11" />
		<i3dMapping id="beltEnd2_10" node="0>0|6|11|0" />
		<i3dMapping id="beltStart2_11" node="0>0|6|12" />
		<i3dMapping id="beltEnd2_11" node="0>0|6|12|0" />
		<i3dMapping id="beltActivationTrigger" node="0>0|6|13" />
        <i3dMapping id="dynamicMountTrigger" node="0>0|7" />
        <i3dMapping id="hydraulicRamp" node="0>0|8" />
        <i3dMapping id="hydraulicRampPunch" node="0>0|8|0" />
    </i3dMappings>
</vehicle>
