﻿<?xml version="1.0" encoding="utf-8" standalone="no" ?>
<vehicle>
    <annotation>Copyright (C) GIANTS Software GmbH, All Rights Reserved.</annotation>

    <storeData>
        <name>Kingtrail G4 Back</name>
        <specs>
            <combination>Truck, Dolly</combination>
        </specs>
        <functions>
            <function>$l10n_function_lowLoader</function>
            <function>$l10n_function_semiTrailer</function>
        </functions>
        <image>textures/combi_store.dds</image>
        <bundleElements>
            <bundleElement>
                <xmlFilename>NMC_Front.xml</xmlFilename>
                <offset>0 0.078 6.745</offset>
                <yRotation>0</yRotation>
            </bundleElement>
            <bundleElement>
                <xmlFilename>NMC_Back.xml</xmlFilename>
                <offset>0 0 0</offset>
                <yRotation>0</yRotation>
            </bundleElement>
        </bundleElements>
        <attacherInfo>
            <attach bundleElement0="1" bundleElement1="2" attacherJointIndex="1" inputAttacherJointIndex="1" />
        </attacherInfo>
        <brand>NMC</brand>
        <rotation>0</rotation>
        <category>lowloaders</category>
        <vertexBufferMemoryUsage>0</vertexBufferMemoryUsage>
        <indexBufferMemoryUsage>0</indexBufferMemoryUsage>
        <textureMemoryUsage>0</textureMemoryUsage>
        <instanceVertexBufferMemoryUsage>0</instanceVertexBufferMemoryUsage>
        <instanceIndexBufferMemoryUsage>0</instanceIndexBufferMemoryUsage>
    </storeData>
    <base>
        <size width="6" length="21" />
    </base>
    <baseMaterialConfigurations useDefaultColors="true" price="1200">
        <baseMaterialConfiguration name="STANDARD" color="0.03 0.03 0.03 0"/>
    </baseMaterialConfigurations>
	<designConfigurations title="$l10n_configuration_ramp">
        <designConfiguration name="$l10n_configuration_valueDefault" price="0" />
		<designConfiguration name="$l10n_configuration_rampAdded" price="500">
            <objectChange node="ramp" visibilityActive="true" visibilityInactive="false"/>
            <objectChange node="hydraulicRamp" visibilityActive="true" visibilityInactive="false"/>
            <objectChange node="colPartLeft" compoundChildActive="true" compoundChildInactive="false"/>
            <objectChange node="colPartRight" compoundChildActive="true" compoundChildInactive="false"/>
        </designConfiguration>
    </designConfigurations>	
</vehicle>
