<?xml version="1.0" encoding="utf-8" standalone="no" ?>
<wheel>
    <default>
        <physics radius="0.5001" width="0.32" mass="0.145" tireType="mud" frictionScale="1.60" maxLongStiffness="8" maxLatStiffness="100" maxLatStiffnessLoad="2" />
        <tire filename="Wheels/R28_TM600.i3d" nodeLeft="0|1" nodeRight="0|1" maxDeformation="0.071" isCareWheel="false" tireTrackAtlasIndex="4" />
        <outerRim filename="$data/shared/wheels/rims/rim001.i3d" node="0|0" widthAndDiam="8.6 16" />
        <innerRim filename="$data/shared/wheels/rims/rim001.i3d" nodeLeft="3|0" nodeRight="3|1" widthAndDiam="8 18" />
    </default>
    <configurations>
        <configuration id="weight1" >
            <additional filename="$data/shared/wheels/weights/weight001.i3d" nodeLeft="0|0" nodeRight="0|1" offset="0.05" scale="0.45 0.55 0.55" mass="0.6" />
        </configuration>
    </configurations>
</wheel>
