<?xml version="1.0" encoding="utf-8" standalone="no" ?>
<wheel>
    <default>
        <physics radius="0.737" width="0.48" mass="0.168" tireType="mud" frictionScale="1.60" maxLongStiffness="8" maxLatStiffness="100" maxLatStiffnessLoad="2" />
        <tire filename="$data/shared/wheels/trelleborg/TM700/R30_TM700.i3d" nodeLeft="1|0" nodeRight="1|0" maxDeformation="0.071" isCareWheel="false" tireTrackAtlasIndex="0" />
        <outerRim filename="$data/shared/wheels/rims/rim001.i3d" node="0|0" widthAndDiam="15 30" />
        <innerRim filename="$data/shared/wheels/rims/rim004.i3d" nodeLeft="0|0" nodeRight="0|1" widthAndDiam="15 30" />
    </default>
    <configurations>
        <configuration id="dual" >
            <innerRim filename="-" nodeLeft="-" nodeRight="-" widthAndDiam="-" />
        </configuration>
    </configurations>
</wheel>
