<?xml version="1.0" encoding="utf-8" standalone="no" ?>
<wheel>
    <default>
        <physics radius="0.956" width="0.58" mass="0.274" tireType="mud" frictionScale="1.60" maxLongStiffness="9" maxLatStiffness="110" maxLatStiffnessLoad="2" />
        <tire filename="Wheels/WheelsJD.i3d" nodeLeft="3|0" nodeRight="3|0" maxDeformation="0.084" isCareWheel="false" tireTrackAtlasIndex="0" />
        <outerRim filename="$data/shared/wheels/rims/rim001.i3d" node="1|0" widthAndDiam="20 42.5" />
        <innerRim filename="$data/shared/wheels/rims/rim003.i3d" nodeLeft="1|0" nodeRight="1|1" widthAndDiam="20 42.5" />
    </default>
    <configurations>
        <configuration id="dual" >
        <innerRim filename="-" nodeLeft="-" nodeRight="-" widthAndDiam="-" />		
        </configuration>
        <configuration id="dual2" >
        <innerRim filename="$data/shared/wheels/rims/rim008.i3d" nodeLeft="1|0" nodeRight="1|1" widthAndDiam="20 42.5" />	
        </configuration>		
        <configuration id="weight3" >
            <additional filename="$data/shared/wheels/weights/weight003.i3d" nodeLeft="0|0" nodeRight="0|1" offset="0.05" scale="0.45 0.75 0.75" mass="0.6" />
        </configuration>
    </configurations>    
</wheel>
