<?xml version="1.0" encoding="utf-8" standalone="no" ?>
<wheel>
    <default>
        <physics radius="0.739" width="0.48" mass="0.168" tireType="mud" frictionScale="1.60" maxLongStiffness="8" maxLatStiffness="100" maxLatStiffnessLoad="2" />
        <tire filename="Wheels/WheelsJD.i3d" nodeLeft="5|0" nodeRight="5|0" maxDeformation="0.084" isCareWheel="false" tireTrackAtlasIndex="0" />
        <outerRim filename="$data/shared/wheels/rims/rim001.i3d" node="1|0" widthAndDiam="15.6 32.7" />
        <innerRim filename="$data/shared/wheels/rims/rim004.i3d" nodeLeft="1|0" nodeRight="1|1" widthAndDiam="15.6 32.7" />
    </default>
    <configurations>
        <configuration id="weight3" >
            <additional filename="$data/shared/wheels/weights/weight003.i3d" nodeLeft="0|0" nodeRight="0|1" offset="0.05" scale="0.45 0.75 0.75" mass="0.6" />
        </configuration>
        <configuration id="dual" >
        <innerRim filename="-" nodeLeft="-" nodeRight="-" widthAndDiam="-" />		
        </configuration>		
    </configurations>    
</wheel>
