<?xml version="1.0" encoding="utf-8" standalone="no" ?>
<wheel>
    <default>
        <physics radius="0.45" width="0.249" mass="0.119" tireType="offroad" frictionScale="3.5" maxLongStiffness="8" maxLatStiffness="100" maxLatStiffnessLoad="2" />
    </default>
    <configurations>		
		<!-- Single -->
		<configuration id="single" >
			<tire filename="wheels/wheels.i3d" nodeLeft="0|3" nodeRight="0|3" maxDeformation="0.059" isCareWheel="false" tireTrackAtlasIndex="8" />
			<innerRim 	filename="wheels/wheels.i3d" nodeLeft="1|0" nodeRight="1|1" scale="1 0.99 0.99"/>
        </configuration>
		
		<!-- Dual -->
		<configuration id="dual" >
			<innerRim 	filename="wheels/wheels.i3d" nodeLeft="1|2" nodeRight="1|3" scale="1 0.99 0.99"/>
			<tire filename="wheels/wheels.i3d" nodeLeft="0|4" nodeRight="0|4" maxDeformation="0.059" isCareWheel="false" tireTrackAtlasIndex="8" />
        </configuration>
		
		<!-- Dual additional tire -->
		<configuration id="addtire" >
            <tire 		filename="wheels/wheels.i3d" nodeLeft="0|4" nodeRight="0|4" maxDeformation="0.06" isCareWheel="false" tireTrackAtlasIndex="8"/>
        </configuration>
		
    </configurations>
</wheel>
