<?xml version="1.0" encoding="utf-8" standalone="no" ?>
<wheel>
    <default>
        <physics radius="0.48" width="0.249" mass="0.119" tireType="street" frictionScale="3.60" maxLongStiffness="8" maxLatStiffness="100" maxLatStiffnessLoad="2" />
    </default>
    <configurations>
		<!-- Performance Front -->
		<configuration id="perf_front" >
			<tire filename="wheels/sport_rims.i3d" nodeLeft="0|0" nodeRight="0|0" maxDeformation="0.059" isCareWheel="false" tireTrackAtlasIndex="8" />
			<innerRim 	filename="wheels/sport_rims.i3d" nodeLeft="1|0" nodeRight="1|1" scale="1.145 1.557 1.557"/>
        </configuration>
		
		<!-- Performance Rear -->
		<configuration id="perf_rear" >
			<tire filename="wheels/sport_rims.i3d" nodeLeft="0|1" nodeRight="0|1" maxDeformation="0.059" isCareWheel="false" tireTrackAtlasIndex="8" />
			<innerRim 	filename="wheels/sport_rims.i3d" nodeLeft="1|2" nodeRight="1|3" scale="1 1.557 1.557" offset="-0.125"/>
        </configuration>
		
		<!-- Performance Rear2 -->
		<configuration id="perf_rear2" >
			<tire filename="wheels/sport_rims.i3d" nodeLeft="0|2" nodeRight="0|2" maxDeformation="0.059" isCareWheel="false" tireTrackAtlasIndex="8" />
			<innerRim 	filename="wheels/sport_rims.i3d" nodeLeft="1|2" nodeRight="1|3" scale="1 1.557 1.557" offset="-0.01"/>
        </configuration>
		
		<!-- Performance Additional -->
		<configuration id="perf_add" >
			<tire filename="wheels/sport_rims.i3d" nodeLeft="0|2" nodeRight="0|2" maxDeformation="0.059" isCareWheel="false" tireTrackAtlasIndex="8" />
        </configuration>
		
    </configurations>
</wheel>
