<?xml version="1.0" encoding="utf-8" standalone="no"?>
<modDesc descVersion="44">
    <author>GIANTS Software, Realismus Modding, ImpTS, chrisu70, Grouminait</author>
    <version>1.0.0.0</version>
    <title>
        <en>Snow Melter Pack</en>
    </title>
    <description>
        <en>
<![CDATA[Snow melter pack.
Contains:
- slow blower, from "FS19_Fraese" (chrisu70) mod (can be used for any material)
- snow melter, from Hauer Snow Pack TS215 (Realismus Modding) mod
- snow melter for Syn Trac tractor, from Fertilizer S (ImpTS)

I modified the salt/fertilizer to accept snow, when it is activated the snow disappears !
There may be a better method but it works fine, it makes the snow removal pretty easy.

It works only on the owned terrain]]>
        </en>
        <de>
<![CDATA[Schneefräse pack
(Text übersetzt)
Enthält:
- Fräse, von "FS19_Fraese" (chrisu70) mod (kann für jedes Material verwendet werden)
- Schneeschmelze, von Hauer Snow Pack TS215 (Realismus Modding) mod
- Schneeschmelzer für Syn Trac Traktor, von Fertilizer S (ImpTS)

Ich habe das Salz / Düngemittel modifiziert, um Schnee zu akzeptieren, wenn es aktiviert ist, verschwindet der Schnee!
Möglicherweise gibt es eine bessere Methode, aber sie funktioniert einwandfrei. Sie erleichtert die Schneeräumung erheblich.

Es funktioniert nur auf dem eigenen Gelände
]]>
		</de>
    </description>
    <iconFilename>snowpack.dds</iconFilename>
    <multiplayer supported="true"/>
	
    <storeItems>
		<storeItem xmlFilename="vehicles/Fraese.xml"/>
		<storeItem xmlFilename="vehicles/SynTracSnowmelter.xml"/>
		<storeItem xmlFilename="vehicles/TS215Snowmelter.xml"/>
    </storeItems>
	
	<vehicleTypes>
		<type name="pickupConveyor" parent="baseFillable" className="Vehicle" filename="$dataS/scripts/vehicles/Vehicle.lua">
			<specialization name="dischargeable" />
			<specialization name="bunkerSiloInteractor" />
			<specialization name="shovel" />
			<specialization name="turnOnVehicle" />
			<specialization name="pipe" />
        </type>
	</vehicleTypes>

    <brands>
		<brand name="SYNTRAC" title="SYN TRAC" image="brand_SynTRAC.dds"/>
		<brand name="HAUER" title="Hauer" image="brand_hauer.dds"/>
    </brands>
	
	<l10n>
		<text name="typeDesc_snowMelter"> <en>Snow Melter</en><de>Schneeschmelze</de></text>
		<text name="function_snowMelter"> <en>Snow Melter</en><de>Schneeschmelze</de></text>
		
		<text name="typeDesc_fräse"> <en>Blower</en><de>Fräse</de></text>
        <text name="function_fraese">
            <en>With a blower you can safely loaded different Materials. But beware of deep-flying potatoes.</en>
			<de>Mit einer Fräse kann man schnell verschiedene Materialien verladen. Aber Vorsicht vor tieffliegenden Kartoffeln.</de>
        </text>
		<text name="turn_off_OBJECT"> <en>Blower Off</en><de>Fräse Aus</de></text>
        <text name="turn_on_OBJECT"> <en>Blower On</en><de>Fräse An</de></text>
		<text name="configuration_FRAESE"> <en>Milling</en><de>Fräse</de></text>
		<text name="configuration_WALZEN"> <en>Rouler</en><de>Walzen</de></text>
	</l10n>
	
</modDesc>