﻿<?xml version="1.0" encoding="utf-8" standalone="no" ?>
<modDesc descVersion="51">
    <author>pZonaKo</author>
    <version>1.1.6.0</version>
	
	<title>
		<en>TLX 2020 Series</en>
	</title>
	
    <description>
        <en><![CDATA[TLX 2020 series pick-up
- multifunctional all-rounder with several configurations for your operation:
- preconfigurable options
- color choice
- tire selection ; Base, sport and high performance; Three versions each
- options to select bumpers and other extras according to your wishes!
- Lighting options, 9 pieces such as LED light, bumper lighting and much more.
- Flashing lightbar 
- equipment for the body, off-road bumpers. Mudguards ...
- Options for mirrors, normal or trailer operation
- Different options for construction, standard, liquids, grain and tree trunks
- All equipment can also be selected as a trailer to fully exploit the possibilities and capacities
- 2 engine configurations (180hp and 280hp); max speed set to 120km/h
- Tipper bed with 2 capacities (6000 and 8000)
- Liquids bed with 5000L of capacity
- Price 28000 €

Changelog v1.1.0.0: 
- Issue fixed: Attacher type change to avoid other vehicle connections
- Issue fixed: Reduce the brake force
- Issue fixed: Floating cargo when using tension belts in Flatbed/Log-IT beds
- Issue fixed: Diamond plate texture glitching from the distance
- Issue fixed: Liq-IT Trailer setup as manure spreader not working
- Issue fixed: off-road bumper lights not working
Changelog v1.1.5.0: 
- Issue fixed: Performance wheels stability improved
- Issue fixed: Fuel gauge not working properly (thanks to Dutch-Modding)
- Fixed dirt in the trailboss attachment
Changelog v1.1.6.0: 
- Issue fixed: 6.7L Badge not working on the 6.7L option
- Issue fixed: Removed collisions from the hooks in the bumper

Added v1.1.0.0:
- Regular pickup bed attachment
- 6.7L Version
- Dashboard lights
- Off-road wheels set
- Winter wheels set
Added v1.1.5.0:
- AttacherConfiguration for the front plow
- Low wheel suspension for Performance Wheels
- Tip-IT Open box
Added v1.1.6.0:
- New bed for Lawncare Yard-IT
- New set of custom colors
- Ramps for the Open Tip-IT
- New set of All-Terrain Tires
]]></en>
        <de><![CDATA[TLX 2020 Serie Pick-up
- Multifunktionaler Alleskönner mit mehreren Konfigurationen für ihren Betrieb:
- Vorkonfigurierbare Optionen
- Farbwahl
- Reifenauswahl; Basis, Sport und high Performance; jeweils drei Ausführungen
- Optionen um Stoßstangen und weitere Extras nach euren Wünschen auszuwählen!
- Beleuchtungsoptionen, 9 Stück wie unter anderem LED Licht, Stoßstangenbeleuchtung uvm.
- Blitzlichtbalken
- Ausstattungen für die Karosse, Off-road Stoßstangen. Kotflügel...
- Optionen für Spiegel, normal oder Anhängerbetrieb
- Verschiedene Möglichkeiten für den Aufbau, Standard, Flüssigkeiten, Getreide und Baumstämme
- Alle Ausstattungen können auch als Anhänger gewählt werden, um die Möglichkeiten und Kapazitäten voll auszuschöpfen
- Preis 28000 €

Changelog v1.1.0.0: 
- Issue fixed: Attacher type change to avoid other vehicle connections
- Issue fixed: Reduce the brake force
- Issue fixed: Floating cargo when using tension belts in Flatbed/Log-IT beds
- Issue fixed: Diamond plate texture glitching from the distance
- Issue fixed: Liq-IT Trailer setup as manure spreader not working
- Issue fixed: off-road bumper lights not working
Changelog v1.1.5.0: 
- Issue fixed: Performance wheels stability improved
- Issue fixed: Fuel gauge not working properly (thanks to Dutch-Modding)
- Fixed dirt in the trailboss attachment
Changelog v1.1.6.0: 
- Issue fixed: 6.7L Badge not working on the 6.7L option
- Issue fixed: Removed collisions from the hooks in the bumper

Added v1.1.0.0:
- Regular pickup bed attachment
- 6.7L Version
- Dashboard lights
- Off-road wheels set
- Winter wheels set
Added v1.1.5.0:
- AttacherConfiguration for the front plow
- Low wheel suspension for Performance Wheels
- Tip-IT Open box
Added v1.1.6.0:
- New bed for Lawncare Yard-IT
- New set of custom colors
- Ramps for the Open Tip-IT
- New set of All-Terrain Tires
]]></de>
		<es><![CDATA[TLX 2020 Series Pick-up
- Todoterreno multipropósito base para tu granja con múltiples configuraciones:
- Opciones pre-configuradas
- Selección de colores personalizados
- Marca de las ruedas; básicas, deportivas y de alto rendimiento; 3 versiones de cada una
- Opciones para configurar parachoques, extras, a tu gusto!
- Sets de iluminación, 9 en total! Incluyendo barra de luz LED, luces en el parachoques...
- Barra de luz de emergéncia personalizada
- Opciones para la carrocería, parachoques todo terreno, guardafango...
- Opciones para los espejos, normales o para remolque
- Múltiples opciones para la parte trasera como la base, líquidos, grano, troncos
- Todas las opciones se pueden configurar como trailer independiente maximizando la capacidad y opciones!
- 2 opciones de motor (180hp and 280hp); velocidad máxima 120km/h
- Volquete con 2 capacidades (6000 and 8000)
- Líquidos con 5000L de capacidad
- Precio 28000 €

Changelog v1.1.0.0: 
- Issue fixed: Attacher type change to avoid other vehicle connections
- Issue fixed: Reduce the brake force
- Issue fixed: Floating cargo when using tension belts in Flatbed/Log-IT beds
- Issue fixed: Diamond plate texture glitching from the distance
- Issue fixed: Liq-IT Trailer setup as manure spreader not working
- Issue fixed: off-road bumper lights not working
Changelog v1.1.5.0: 
- Issue fixed: Performance wheels stability improved
- Issue fixed: Fuel gauge not working properly (thanks to Dutch-Modding)
- Fixed dirt in the trailboss attachment
Changelog v1.1.6.0: 
- Issue fixed: 6.7L Badge not working on the 6.7L option
- Issue fixed: Removed collisions from the hooks in the bumper

Added v1.1.0.0:
- Regular pickup bed attachment
- 6.7L Version
- Dashboard lights
- Off-road wheels set
- Winter wheels set
Added v1.1.5.0:
- AttacherConfiguration for the front plow
- Low wheel suspension for Performance Wheels
- Tip-IT Open box
Added v1.1.6.0:
- New bed for Lawncare Yard-IT
- New set of custom colors
- Ramps for the Open Tip-IT
- New set of All-Terrain Tires
]]></es>
    </description>
	
    <iconFilename>modIcon.png</iconFilename>
	
	<jointTypes>
        <jointType name="82Joint"/>
		<jointType name="82trailboss"/>
		<jointType name="82flatbed"/>
		<jointType name="82logit"/>
		<jointType name="82FrontJoint"/>
		<jointType name="82yardit"/>
    </jointTypes>
	
	<multiplayer supported="true"/>
	
	<l10n filenamePrefix="translations/l10n"/>
	
	<vehicleTypes>
		<type name="tlx2020vehicle" parent="carFillable" filename="$dataS/scripts/vehicles/Vehicle.lua">
			<specialization name="tensionBeltObject"/>
			<specialization name="cover"/>
		</type>
		<type name="tlx2020trailer" parent="trailer" filename="$dataS/scripts/vehicles/Vehicle.lua">
			<specialization name="tensionBeltObject"/>
		</type>
		<type name="liqittanker" parent="baseFillable" filename="$dataS/scripts/vehicles/Vehicle.lua">
			<specialization name="waterTrailer" />
			<specialization name="fillTriggerVehicle" />
			<specialization name="dischargeable" />
			<specialization name="trailer" />
			<specialization name="tensionBeltObject"/>
		</type>
		<type name="tlx2020manure" parent="manureBarrel" filename="$dataS/scripts/vehicles/Vehicle.lua">
			<specialization name="tensionBeltObject"/>
		</type>
	</vehicleTypes>
	
    <storeItems>
        <storeItem xmlFilename="tlx2020.xml"/>
		<storeItem xmlFilename="tlx2020_67.xml"/>
		<storeItem xmlFilename="attachments/tlx2020_trailboss.xml"/>
		<storeItem xmlFilename="attachments/tlx2020_flatbed.xml"/>
		<storeItem xmlFilename="attachments/tlx2020_tipit.xml"/>
		<storeItem xmlFilename="attachments/tlx2020_tipit2.xml"/>
		<storeItem xmlFilename="attachments/tlx2020_tipit3.xml"/>		
		<storeItem xmlFilename="attachments/tlx2020_liqit.xml"/>
		<storeItem xmlFilename="attachments/tlx2020_liqit2.xml"/>
		<storeItem xmlFilename="attachments/tlx2020_logit.xml"/>
		<storeItem xmlFilename="attachments/tlx2020_logit2.xml"/>
		<storeItem xmlFilename="attachments/tlx2020_lawncare.xml"/>
		<storeItem xmlFilename="attachments/tlx2020_lawncare2.xml"/>
    </storeItems>
	
	<brands>
		<brand name="82S" title="82s" image="store/82brand.dds"/>
		<brand name="STOCK" title="Stock" image="modIcon.dds"/>
		<brand name="SPORT" title="Sport" image="modIcon.dds"/>
		<brand name="PERFORMANCE" title="Performance" image="modIcon.dds"/>
		<brand name="ALLTERRAIN" title="All-Terrain" image="modIcon.dds"/>
		<brand name="OFFROAD" title="Off-Road" image="modIcon.dds"/>
		<brand name="OFFROAD1" title="Off-Road Beadlocks #1" image="modIcon.dds"/>
		<brand name="OFFROAD2" title="Off-Road Beadlocks #2" image="modIcon.dds"/>
		<brand name="WINTER" title="Off-Road Winter" image="modIcon.dds"/>
	</brands>
</modDesc>
