﻿<?xml version="1.0" encoding="utf-8" standalone="no" ?>
<vehicle type="fisherPlow">
    <annotation>Copyright (C) GIANTS Software GmbH, All Rights Reserved.</annotation>

    <storeData>
        <name>boss plow redux</name>
        <specs>
            <workingWidth>3.0</workingWidth>
        </specs>
        <functions>
            <function>$l10n_function_leveler</function>
        </functions>
        <image>store_Fisher.dds</image>
        <price>1450</price>
        <lifetime>600</lifetime>
        <rotation>0</rotation>
        <brand>DUEVELSDORF</brand>
        <category>misc</category>
        <vertexBufferMemoryUsage>299540</vertexBufferMemoryUsage>
        <indexBufferMemoryUsage>75588</indexBufferMemoryUsage>
        <textureMemoryUsage>1922544</textureMemoryUsage>
        <instanceVertexBufferMemoryUsage>0</instanceVertexBufferMemoryUsage>
        <instanceIndexBufferMemoryUsage>0</instanceIndexBufferMemoryUsage>
    </storeData>

    <base>
        <typeDesc>$l10n_typeDesc_leveler</typeDesc>
        <filename>Fisher.i3d</filename>
        <size width="4.5" length="1.5" />
        <components>
            <component centerOfMass="0 0.3 0" solverIterationCount="20" mass="630" />
        </components>
        <schemaOverlay attacherJointPosition="0 0">
            <default name="DEFAULT_IMPLEMENT"/>
            <selected name="DEFAULT_IMPLEMENT_SELECTED"/>
        </schemaOverlay>
    </base>
	
	 <lights>

        <realLights>
            <low>
                <light node="frontLightLow" lightTypes="1"/>
                <light node="highBeamHigh" lightTypes="2"/>
                <turnLightLeft node="turnlightLeftFront"/>
                <turnLightRight node="turnLightRightFront"/>
            </low>
            <high>
                <light node="frontLightLow" lightTypes="1"/>
                <light node="highBeamHigh" lightTypes="2"/>
                <turnLightLeft node="turnlightLeftFront"/>
                <turnLightRight node="turnLightRightFront"/>
            </high>
        </realLights>
        <defaultLights>
            <defaultLight shaderNode="lowBeamLightStatic" lightTypes="1" intensity="34"/>
            <defaultLight shaderNode="highBeamLightStatic" lightTypes="2" intensity="34"/>
			<defaultLight shaderNode="defaultLightStatic1" lightTypes="0" intensity="14"/>
        </defaultLights>
        <turnLights>
            <turnLightLeft shaderNode="turnlightLeftStatic" />
            <turnLightRight shaderNode="turnlightRightStatic" />
        </turnLights>
    </lights>

    <attachable>
        <inputAttacherJoints>
            <inputAttacherJoint node="0>0|0" jointType="skidSteer"/>
        </inputAttacherJoints>		
		<support animationName="moveSupport"/>
    </attachable>

    <animations>
        <animation name="moveSupport">
            <part node="0>2|10" startTime="0" endTime="0.2" startTrans="0.094 0.328 -0.228" endTrans="0.094 0.184 -0.228" />
            <part node="0>3|0" startTime="0" endTime="0.2" startTrans="0 0.27 -0.193" endTrans="0 0.037 -0.193" />
        </animation>
    </animations>

    <fillUnit>
        <fillUnitConfigurations>
            <fillUnitConfiguration>
                <fillUnits>
                    <fillUnit unit="$l10n_unit_literShort" fillTypeCategories="bulk windrow" capacity="8000" showInShop="false"/>
                </fillUnits>
            </fillUnitConfiguration>
        </fillUnitConfigurations>
    </fillUnit>
	<snowPlow fillUnitIndex="1" pickUpDirection="1">
        <nodes>
            <node node="0>2|12|0|6" rotDependentNode="0>2|12|0" rotThreshold="9" width="3" minDropWidth="3" maxDropWidth="4" tipOffset="0.45"/>
        </nodes>

        <effects>
            <effectNode effectNode="0>2|12|0|5|5" materialType="unloading" materialTypeId="1" maxBending="0.8"/>
            <effectNode effectClass="ParticleEffect" effectNode="0>2|12|0|5|0" particleType="SNOW" emitCountScale="2" worldSpace="false"/>
            <effectNode effectClass="ParticleEffect" effectNode="0>2|12|0|5|1" particleType="SNOW_CHUNKS" emitCountScale="2" worldSpace="false"/>
            <effectNode effectClass="ParticleEffect" effectNode="0>2|12|0|5|2" particleType="SNOW_BIG_CHUNKS" emitCountScale="1" worldSpace="false"/>
            <effectNode effectClass="ParticleEffect" effectNode="0>2|12|0|5|3" particleType="SNOW_SMOKE" emitCountScale="10"/>
            <effectNode effectClass="ParticleEffect" effectNode="0>2|12|0|5|4" particleType="SNOW_SMOKE" emitCountScale="5"/>
        </effects>

        <sounds>
            <work file="sounds/snowplow.wav" innerRadius="5.0" outerRadius="50.0" fadeOut="0.1">
                <volume indoor="0.5" outdoor="1.5" >
                    <modifier type="SPEED" value="0.50" modifiedValue="0.0" />
                    <modifier type="SPEED" value="5.00" modifiedValue="1.0" />
                </volume>
                <pitch indoor="1.0" outdoor="1.0" >
                    <modifier type="SPEED" value="0.00" modifiedValue="0.8" />
                    <modifier type="SPEED" value="10.0" modifiedValue="1.05" />
                </pitch>
                <lowpassGain indoor="0.7" outdoor="1.0" />
            </work>
        </sounds>
    </snowPlow>
    <!-- <leveler fillUnitIndex="1" >
        <levelerNode node="0>2|12|0|4|0" width="1.7" minDropWidth="1.0" maxDropWidth="1.5" minDropHeight="0.02" maxDropHeight="1.167" minDropDirOffset="0.6" maxDropDirOffset="0.6" />
        <pickUpDirection>1</pickUpDirection>
        <effects>
            <effectNode effectNode="0>2|12|0|4|1|0" effectClass="LevelerEffect" materialType="leveler" materialTypeId="1" fadeTime="0.5" speed="-1" maxHeight="1.167" />
        </effects>
    </leveler> -->
	
	<cylindered>
        <movingTools>
            <movingTool node="0>2|12">
                <controls axis="AXIS_FRONTLOADER_ARM" invertAxis="true"/>
                <rotation rotSpeed="25" rotAcceleration="35" rotMax="15" rotMin="-12" rotationAxis="1"/>  
                <dependentMovingTool node="0>6" speedScale="1" />
				<dependentPart node="0>2|7" />
				<dependentPart node="0>2|5" />
				<dependentPart node="0>2|6" />
            </movingTool>
            <movingTool node="0>2|12|0">
				<controls axis="AXIS_FRONTLOADER_TOOL" invertAxis="false" invertMouseAxis="false" speedFactor="0.8"/>
                <rotation rotSpeed="25" rotAcceleration="35" rotMax="25" rotMin="-25" rotationAxis="2"/>
                <dependentMovingTool node="0>6|0" speedScale="1" />
				<dependentPart node="0>2|5" />
				<dependentPart node="0>2|6" />
			</movingTool>
            <movingTool node="0>6">
                <rotation rotSpeed="25" rotAcceleration="35" rotMax="10" rotMin="-10" rotationAxis="1"/>  
            </movingTool>
            <movingTool node="0>6|0">
                <rotation rotSpeed="25" rotAcceleration="35" rotMax="25" rotMin="-25" rotationAxis="2"/>
			</movingTool>
        </movingTools>
		<movingParts>
			<movingPart node="0>2|7" referencePoint="0>2|12|2" referenceFrame="0>2|12|2">
                <translatingPart node="0>2|7|0" />
            </movingPart>
			<movingPart node="0>2|5" referencePoint="0>2|12|0|2" referenceFrame="0>2|12|0|2">
                <translatingPart node="0>2|5|0" />
            </movingPart>
			<movingPart node="0>2|6" referencePoint="0>2|12|0|3" referenceFrame="0>2|12|0|3">
                <translatingPart node="0>2|6|0" />
            </movingPart>
        </movingParts>
        <sounds>
            <hydraulic template="DEFAULT_HYDRAULIC_SOUND" linkNode="0>"/>
        </sounds>
    </cylindered>
    <foliageBending>
        <bendingNode minX="-1.9" maxX="1.9" minZ="-0.4" maxZ="0.4" yOffset="0.1" />
    </foliageBending>

    <wearable wearDuration="480" workMultiplier="5" fieldMultiplier="2"/>
    <washable dirtDuration="90" washDuration="1" workMultiplier="6" fieldMultiplier="2"/>
	
	<i3dMappings>
		<i3dMapping id="highBeamHigh" node="0>4|1"/>
        <i3dMapping id="frontLightLow" node="0>4|0"/> 
        <i3dMapping id="turnlightLeftFront" node="0>4|2"/>
        <i3dMapping id="turnLightRightFront" node="0>4|3"/>
		
	    <i3dMapping id="defaultLightStatic1" node="0>1|2"/>					
		<i3dMapping id="lowBeamLightStatic" node="0>1|1"/>
        <i3dMapping id="highBeamLightStatic" node="0>1|0"/>
        <i3dMapping id="turnlightLeftStatic" node="0>1|3"/>
        <i3dMapping id="turnlightRightStatic" node="0>1|4"/> 
	</i3dMappings>
</vehicle>
