<?xml version="1.0" encoding="utf-8" standalone="no"?>
<modDesc descVersion="40">

    <author>Expendables/logan</author>
    <version>1.0</version>
    <title>
        <en>boss plow redux</en>
        <de>boss plow redux</de>
    </title>
    <description>
        <en>boss plow redux</en>
        <de>boss plow redux</de>
    </description>

    <iconFilename>
        <en>store_Fisher.dds</en>
    </iconFilename>
	<multiplayer supported="true"/>	
	<extraSourceFiles>
        <sourceFile filename="src/SeasonsAvailabilityCheck.lua"/>
    </extraSourceFiles>

    <specializations>
        <specialization name="snowPlow" className="SnowPlow" filename="src/SnowPlow.lua"/>
    </specializations>

    <vehicleTypes>
        <type name="fisherPlow" className="Vehicle" filename="$dataS/scripts/vehicles/Vehicle.lua">
            <specialization name="baseMaterial"/>
            <specialization name="tipOccluder"/>
            <specialization name="foliageBending"/>
            <specialization name="washable"/>
            <specialization name="wearable"/>
            <specialization name="dynamicallyLoadedParts"/>
            <specialization name="animatedVehicle"/>
            <specialization name="cylindered"/>
            <specialization name="mountable"/>
            <specialization name="wheels"/>
            <specialization name="slopeCompensation"/>
            <specialization name="speedRotatingParts"/>
            <specialization name="attachable"/>
            <specialization name="lights"/>
            <specialization name="powerTakeOffs"/>
            <specialization name="powerConsumer"/>
            <specialization name="suspensions"/>
            <specialization name="aiImplement"/>
            <specialization name="connectionHoses"/>
            <specialization name="attacherJoints"/>
            <specialization name="foldable"/>
            <specialization name="cylinderedFoldable"/>
            <specialization name="fillUnit"/>
            <specialization name="fillVolume"/>
            <specialization name="cover"/>
            <specialization name="snowPlow"/>
        </type>
    </vehicleTypes>
    <brands>
        <brand name="boss" title="Fisher" image="store_Fisher.dds"/>
    </brands>
    <storeItems>
        <storeItem xmlFilename="fisher_plow.xml"/>
    </storeItems>

</modDesc>
