﻿<?xml version="1.0" encoding="utf-8" standalone="no"?>
<modDesc descVersion="53">
    <author>SrVertex, ZT MODDING</author>
    <version>1.1.0.0</version>
    <title>
        <en>Transport Trailer 25M</en>
        <de>Transportanhänger 25M</de>
        <br>Trailer De Transporte 25M</br>
    </title>
    <description>
<en>
<![CDATA[With this trailer you will be able to transport your implements, even attaching a harvester cutting bar.

Price: 26000€
Wheel configurations: Lizard Wheels, Old Lizard Wheels
Color Settings: Main Colors, Design Colors, Wheel Colors
Attacher Cutter Configuration: Functionality available to engage the X key
Animations: Rear Cover, Cutter Support extension, Cutter Support Rotation
Dimensions: 4m wide X 25m in Length.

Changelog 1.1.0.0
- Corrected colors
- Adjusted physics
- Rear Hitch Correction
- Limited rear hitch rotation and vertical rotation added, improving work on uneven terrain
- VEHICLE STRAPS compatibility - For PC / MAC
]]>
</en>
<de>
<![CDATA[Mit diesem Anhänger können Sie Ihre Geräte transportieren und sogar zusätzlich noch einen Schneidwerkswagen anbringen.

Preis: 26000€
Radkonfigurationen: Lizard Räder, alte Lizard Räder
Farbeinstellungen: Hauptfarben, Designfarben, Radfarben
Attacher Cutter-Konfiguration: Funktion zum Einrücken der X-Taste
Animationen: Hintere Rampe, Cutter Support-Erweiterung, Cutter Support-Rotation
Abmessungen: 4 m breit und 25 m lang.

Changelog 1.1.0.0
- Korrigierte Farben
- Angepasste Physik
- Rear Hitch Correction
- Begrenzte Drehung der hinteren Anhängerkupplung und vertikale Drehung hinzugefügt, wodurch die Arbeit in unebenem Gelände verbessert wird
- Kompatibilität mit Fahrzeugbändern - Für PC / MAC
]]>
</de>
    </description>
	<iconFilename>icon.dds</iconFilename>
    <multiplayer supported="true"/>
	
    <storeItems>
        <storeItem xmlFilename="trailer25M.xml"/>
    </storeItems>
	
	<l10n>
		<text name="configuration_nadaConfig"><en>Nothing</en><de>Nichts</de><br>Nada</br></text>
		<text name="configuration_cutterSuport"><en>Combine Platform Support</en><de>Mit Schneidwerkshalterung</de><br>Suporte Plataforma Colheitadeira</br></text>
        <text name="configuration_wheelOld"> <en>Old Wheels</en> <de>Alte Räder</de><br>Rodas Antigas</br></text>
	</l10n>	
</modDesc>
