﻿<?xml version="1.0" encoding="utf-8" standalone="no" ?>
<vehicle type="dynamicMountAttacherTrailer">
    <annotation>Copyright (C) GIANTS Software GmbH, All Rights Reserved.</annotation>
    <storeData>
        <name>
            <en>Trailer 25M</en>
		</name>
        <functions>
        <function>$l10n_function_lowLoader</function>
        </functions>
        <image>store.dds</image>
        <price>26000</price>
        <lifetime>600</lifetime>
        <rotation>0</rotation>
        <brand>RANDON</brand>
        <category>lowloaders</category>
        <shopTranslationOffset>0 1 0</shopTranslationOffset>
        <vertexBufferMemoryUsage>2744696</vertexBufferMemoryUsage>
        <indexBufferMemoryUsage>382422</indexBufferMemoryUsage>
        <textureMemoryUsage>25166200</textureMemoryUsage>
        <instanceVertexBufferMemoryUsage>0</instanceVertexBufferMemoryUsage>
        <instanceIndexBufferMemoryUsage>0</instanceIndexBufferMemoryUsage>
    </storeData>
	
    <base>
        <typeDesc>$l10n_typeDesc_lowLoader</typeDesc>
        <filename>trailer25M.i3d</filename>
        <size width="4" length="11" />
        <components>
            <component centerOfMass="0 0 -6.5" solverIterationCount="10" mass="8800" />
        </components>
        <schemaOverlay attacherJointPosition="0 0">
            <default name="DEFAULT_IMPLEMENT"/>
            <selected name="DEFAULT_IMPLEMENT_SELECTED"/>
        </schemaOverlay>
    </base>
	
	<designConfigurations>
        <designConfiguration name="$l10n_configuration_nadaConfig">
            <objectChange node="suportMovingNode" visibilityActive="false" />
            <objectChange node="pistaoSuport" visibilityActive="false" />
            <objectChange node="colisionSuport1" compoundChildActive="false" compoundChildInactive="true" />
            <objectChange node="colisionSuport2" compoundChildActive="false" compoundChildInactive="true" />
            <objectChange node="colisionSuport3" compoundChildActive="false" compoundChildInactive="true" />
            <objectChange node="colisionSuport4" compoundChildActive="false" compoundChildInactive="true" />
        </designConfiguration>
        <designConfiguration name="$l10n_configuration_cutterSuport" price="500">
            <objectChange node="suportMovingNode" visibilityActive="true" />
        </designConfiguration>
    </designConfigurations>
	
    <wheels>
        <wheelConfigurations>
            <wheelConfiguration name="$l10n_configuration_valueDefault" price="0" brand="LIZARD">
                <wheels>
                    <wheel filename="wheels/315_80R22_5.xml" configId="dual" isLeft="true" hasTireTracks="true" hasParticles="true" >
                        <physics tipOcclusionAreaGroupId="1"  restLoad="2.3" repr="wheel1"  forcePointRatio="0.5" initialCompression="24" suspTravel="0.16" spring="45" damper="45" />
                        <additionalWheel filename="wheels/315_80R22_5.xml" configId="dualConnector" isLeft="true" offset="0.08" />
                    </wheel>
                    <wheel filename="wheels/315_80R22_5.xml" configId="dual" isLeft="false" hasTireTracks="true" hasParticles="true" >
                        <physics tipOcclusionAreaGroupId="1"  restLoad="2.3" repr="wheel2" forcePointRatio="0.5" initialCompression="24" suspTravel="0.16" spring="45" damper="45" />
                        <additionalWheel filename="wheels/315_80R22_5.xml" configId="dualConnector" isLeft="false" offset="0.08" />
                    </wheel>
                    <wheel filename="wheels/315_80R22_5.xml" configId="dual" isLeft="true" hasTireTracks="true" hasParticles="true" >
                        <physics tipOcclusionAreaGroupId="1" restLoad="2.3" repr="wheel3"   forcePointRatio="0.5" initialCompression="24" suspTravel="0.16" spring="45" damper="45" />
                        <additionalWheel filename="wheels/315_80R22_5.xml" configId="dualConnector" isLeft="true" offset="0.08" />
                    </wheel>
                    <wheel filename="wheels/315_80R22_5.xml" configId="dual" isLeft="false" hasTireTracks="true" hasParticles="true" >
                        <physics tipOcclusionAreaGroupId="1" restLoad="2.3" repr="wheel4"  forcePointRatio="0.5" initialCompression="24" suspTravel="0.16" spring="45" damper="45" />
                        <additionalWheel filename="wheels/315_80R22_5.xml" configId="dualConnector" isLeft="false" offset="0.08" />
                    </wheel>
                    <wheel filename="wheels/315_80R22_5.xml" configId="dual" isLeft="true" hasTireTracks="true" hasParticles="true" >
                        <physics tipOcclusionAreaGroupId="1"  restLoad="2.3" repr="wheel5"  forcePointRatio="0.5" initialCompression="24" suspTravel="0.16" spring="45" damper="45" />
                        <additionalWheel filename="wheels/315_80R22_5.xml" configId="dualConnector" isLeft="true" offset="0.08" />
                    </wheel>
                    <wheel filename="wheels/315_80R22_5.xml" configId="dual" isLeft="false" hasTireTracks="true" hasParticles="true" >
                        <physics tipOcclusionAreaGroupId="1"  restLoad="2.3" repr="wheel6" forcePointRatio="0.5" initialCompression="24" suspTravel="0.16" spring="45" damper="45" />
                        <additionalWheel filename="wheels/315_80R22_5.xml" configId="dualConnector" isLeft="false" offset="0.08" />
                    </wheel>
                    <wheel filename="wheels/315_80R22_5.xml" configId="dual" isLeft="true" hasTireTracks="true" hasParticles="true" >
                        <physics tipOcclusionAreaGroupId="1" restLoad="2.3" repr="wheel7"   forcePointRatio="0.5" initialCompression="24" suspTravel="0.16" spring="45" damper="45" />
                        <additionalWheel filename="wheels/315_80R22_5.xml" configId="dualConnector" isLeft="true" offset="0.08" />
                    </wheel>
                    <wheel filename="wheels/315_80R22_5.xml" configId="dual" isLeft="false" hasTireTracks="true" hasParticles="true" >
                        <physics tipOcclusionAreaGroupId="1" restLoad="2.3" repr="wheel8"  forcePointRatio="0.5" initialCompression="24" suspTravel="0.16" spring="45" damper="45" />
                        <additionalWheel filename="wheels/315_80R22_5.xml" configId="dualConnector" isLeft="false" offset="0.08" />
                    </wheel>
                </wheels>
            </wheelConfiguration>
			
            <wheelConfiguration name="$l10n_configuration_wheelOld" price="5000" brand="LIZARD">
                <wheels>
                    <wheel filename="wheels/Wheels.xml" isLeft="true" hasTireTracks="true" hasParticles="true" >
                        <physics tipOcclusionAreaGroupId="1"  restLoad="2.3" repr="wheel1"  forcePointRatio="0.5" initialCompression="24" suspTravel="0.56" spring="45" damper="45" />
                        <additionalWheel filename="wheels/Wheels.xml" isLeft="true" offset="0.08" />
                    </wheel>
                    <wheel filename="wheels/Wheels.xml" isLeft="false" hasTireTracks="true" hasParticles="true" >
                        <physics tipOcclusionAreaGroupId="1"  restLoad="2.3" repr="wheel2" forcePointRatio="0.5" initialCompression="24" suspTravel="0.56" spring="45" damper="45" />
                        <additionalWheel filename="wheels/Wheels.xml" isLeft="false" offset="0.08" />
                    </wheel>
                    <wheel filename="wheels/Wheels.xml" isLeft="true" hasTireTracks="true" hasParticles="true" >
                        <physics tipOcclusionAreaGroupId="1" restLoad="2.3" repr="wheel3"   forcePointRatio="0.5" initialCompression="24" suspTravel="0.56" spring="45" damper="45" />
                        <additionalWheel filename="wheels/Wheels.xml" isLeft="true" offset="0.08" />
                    </wheel>
                    <wheel filename="wheels/Wheels.xml" isLeft="false" hasTireTracks="true" hasParticles="true" >
                        <physics tipOcclusionAreaGroupId="1" restLoad="2.3" repr="wheel4"  forcePointRatio="0.5" initialCompression="24" suspTravel="0.56" spring="45" damper="45" />
                        <additionalWheel filename="wheels/Wheels.xml" isLeft="false" offset="0.08" />
                    </wheel>
                    <wheel filename="wheels/Wheels.xml" isLeft="true" hasTireTracks="true" hasParticles="true" >
                        <physics tipOcclusionAreaGroupId="1"  restLoad="2.3" repr="wheel5"  forcePointRatio="0.5" initialCompression="24" suspTravel="0.56" spring="45" damper="45" />
                        <additionalWheel filename="wheels/Wheels.xml" isLeft="true" offset="0.08" />
                    </wheel>
                    <wheel filename="wheels/Wheels.xml" isLeft="false" hasTireTracks="true" hasParticles="true" >
                        <physics tipOcclusionAreaGroupId="1"  restLoad="2.3" repr="wheel6" forcePointRatio="0.5" initialCompression="24" suspTravel="0.56" spring="45" damper="45" />
                        <additionalWheel filename="wheels/Wheels.xml" isLeft="false" offset="0.08" />
                    </wheel>
                    <wheel filename="wheels/Wheels.xml" isLeft="true" hasTireTracks="true" hasParticles="true" >
                        <physics tipOcclusionAreaGroupId="1" restLoad="2.3" repr="wheel7"   forcePointRatio="0.5" initialCompression="24" suspTravel="0.56" spring="45" damper="45" />
                        <additionalWheel filename="wheels/Wheels.xml" isLeft="true" offset="0.08" />
                    </wheel>
                    <wheel filename="wheels/Wheels.xml" isLeft="false" hasTireTracks="true" hasParticles="true" >
                        <physics tipOcclusionAreaGroupId="1" restLoad="2.3" repr="wheel8"  forcePointRatio="0.5" initialCompression="24" suspTravel="0.56" spring="45" damper="45" />
                        <additionalWheel filename="wheels/Wheels.xml" isLeft="false" offset="0.08" />
                    </wheel>
                </wheels>
            </wheelConfiguration>
        </wheelConfigurations>
    </wheels>

	<rimColorConfigurations useDefaultColors="true" price="250" >
        <rimColorConfiguration name="Chrome" color="SHARED_WHITE2" material="2"/>
		<rimColorConfiguration name="Silver Metallic" color="ITRUNNER_WHITE1" material="27"/>
		<rimColorConfiguration name="Black Chrome" color="SHARED_BLACK2" material="2" />
		<rimColorConfiguration color="ANNABURGER_WHITE1"/>
		<rimColorConfiguration name="Blue Metallic" color="FLIEGL_BLUE1" material="27" />
        <rimColorConfiguration name="Purple Metallic" color="LIZARD_PURPLE1" material="27" />
        <rimColorConfiguration name="Orange Metallic" color="FIAT_ORANGEPAINT" material="27" />
        <rimColorConfiguration name="Black Metallic" color="FIAT_BLACKPAINT"  material="27" />
        <rimColorConfiguration name="Green Metallic" color="FIAT_GREENPAINT" material="27" />
		<rimColorConfiguration name="Claas Monster Metallic" color="0.4 0.6 0.02 1.0" material="27"  />
        <rimColorConfiguration name="Red Metallic" color="FLIEGL_RED1" material="27" />
        <rimColorConfiguration name="Yellow Metallic" color="BEDNAR_YELLOW1" material="27" />
        <rimColorConfiguration name="Brown Metallic" color="FLIEGL_BROWN1" material="27" />
		<rimColorConfiguration name="Midnight Purple Metallic" color="0.001 0 0.015 1" material="27" />
		<rimColorConfiguration name="Black Cherry Metallic" color="0.010 0 0 1" material="27" />
		<rimColorConfiguration name="Pearl White" color="FIAT_WHITEPAINT" material="18" />
        <rimColorConfiguration name="Stainless Steel" color="SHARED_WHITE2" material="35"/>
		<rimColorConfiguration name="Exley Fav" color="0.041 0.245 0.223 1.0" material="27" />
		<rimColorConfiguration name="Ice" color="0.455 0.855 1 1.0" material="18" />
		<rimColorConfiguration name="Midnight Purple" color="0.001 0 0.015 1" material="32" />
		<rimColorConfiguration name="Black Cherry" color="0.010 0 0 1" material="32" />
		<rimColorConfiguration name="Claas" color="0.4 0.6 0.02 1.0" material="32" />
        <rimColorConfiguration name="Claas Cat" color="0.800 0.443 0.008 1.0" material="32" />
        <rimColorConfiguration name="Claas Monster" color="0.4 0.6 0.02 1.0" material="32"  />
        <rimColorConfiguration name="KRONE YELLOW" color="KRONE_YELLOW1" material="32"/>
        <rimColorConfiguration name="KRONE GREEN" color="KRONE_GREEN1" material="32"/>
		<rimColorConfiguration name="STARA ORANGE" color="STARA_ORANGE" material="32"/>
        <rimColorConfiguration name="STARA GREEN" color="STARA_GREEN" material="32"/>
        <rimColorConfiguration name="BERGMANN GREEN" color="BERGMANN_GREEN1"/>
        <rimColorConfiguration name="BERGMANN WHITE" color="ITRUNNER_WHITE1" material="32"/>
		<rimColorConfiguration name="JOSKIN GREEN" color="JOSKIN_GREEN1"/>
        <rimColorConfiguration name="JOSKIN YELLOW" color="JOSKIN_YELLOW1"/>
		<rimColorConfiguration name="STRAUTMANN GREEN" color="STRAUTMANN_GREEN1"/>
        <rimColorConfiguration name="STRAUTMANN RED" color="STRAUTMANN_RED1"/>
		<rimColorConfiguration name="HAWE GREEN" color="0.0697 0.1541 0.0545 1"/>
        <rimColorConfiguration name="HAWE GREY" color="0.0962 0.0962 0.0962 1"/>
		<rimColorConfiguration name="TEBBE GREEN" color="0.0008 0.3685 0.1449 1"/>
        <rimColorConfiguration name="TEBBE GREY" color="0.6940 0.6940 0.6940 1"/>
		<rimColorConfiguration name="MENGELE RED" color="0.7372 0.0151 0.0265 1"/>
        <rimColorConfiguration name="MENGELE BLUE" color="0.0759 0.3392 0.4205 1"/>
		<rimColorConfiguration name="ANNABURGER RED" color="ANNABURGER_RED1"/>
		<rimColorConfiguration name="ANNABURGER WHITE" color="ANNABURGER_WHITE1"/>
		<rimColorConfiguration name="KAWECO GREEN" color="0.4 0.6 0.05 1"/>
        <rimColorConfiguration name="KAWECO ORANGE" color="0.98 0.31 0.02 1"/>
        <rimColorConfiguration name="KAWECO GREY" color="0.8671 0.7893 0.6253 1"/>
		<rimColorConfiguration name="BRIRI GREEN" color="0.0461 0.0600 0.0414 1"/>
		<rimColorConfiguration name="BRIRI GREY" color="0.4423 0.4423 0.4534 1"/>
        <rimColorConfiguration name="VICON RED" color="VICON_RED1"/>		
        <rimColorConfiguration name="VICON DARKBLUE" color="VICON_DARKBLUE"/>		
        <rimColorConfiguration name="MAN BEIGE" color="MAN_BEIGECLASSIC"/>		
        <rimColorConfiguration name="MAN OLDGREEN" color="MAN_OLDGREEN"/>		
        <rimColorConfiguration name="MAN BLUE" color="MAN_BLUE6"/>
    </rimColorConfigurations>
	
    <attachable>
        <inputAttacherJoints>
            <inputAttacherJoint node="attacherJoin" jointType="semitrailer"/>
        </inputAttacherJoints>
        <support animationName="moveSupport" />
        <brakeForce>0.5</brakeForce>
    </attachable>
	
    <attacherJoints>
  	   <attacherJoint node="attacherJointCutter" jointType="cutter" allowsJointLimitMovement="false" allowsLowering="false" lowerRotLimit="0 0 0" enableCollision="false">
                    <schema position="0 1" rotation="0" invertX="false" />
	     </attacherJoint>
        <attacherJointConfigurations>
            <attacherJointConfiguration name="$l10n_configuration_valueNo" price="0" />
            <attacherJointConfiguration name="$l10n_configuration_trailerAttacherBack" price="1800" >
                <attacherJoint node="attacherJointTrailer" jointType="trailer" allowsJointLimitMovement="false" allowsLowering="false" lowerRotLimit="15 90 40" lowerTransLimit="0 0 0" canTurnOnImplement="false" comboTime="1" enableCollision="false">
                    <schema position="1 0" rotation="0" invertX="false" />
                    <attachSound template="ATTACH_01" />
                </attacherJoint>
                <objectChange node="attacherTrailerVis" visibilityActive="true" />
            </attacherJointConfiguration>
        </attacherJointConfigurations>

        <sounds>
            <hydraulic template="DEFAULT_HYDRAULIC_SOUND" linkNode="trailer25M_vis" />
        </sounds>
    </attacherJoints>
	
	<dynamicMountAttacher triggerNode="0>0|6" rootNode="0>" jointNode="0>" forceAcceleration="30" />
	
	<connectionHoses>
        <hose inputAttacherJointIndices="1" type="hydraulicIn"  node="hydraulicIn1"  length="4" diameter="0.02" straighteningFactor="2" isTwoPointHose="true" minDeltaY="-0.410" color="SALFORD_RED1" >
            <objectChange node="hydraulicIn1Attached" visibilityActive="true"  visibilityInactive="false" />
            <objectChange node="hydraulicIn1Deattached" visibilityActive="false" visibilityInactive="true" />
        </hose>
        <hose inputAttacherJointIndices="1" type="hydraulicIn"  node="hydraulicIn2"  length="4" diameter="0.02" straighteningFactor="2" isTwoPointHose="true" minDeltaY="-0.410" color="SHARED_YELLOW1" >
            <objectChange node="hydraulicIn2Attached" visibilityActive="true"  visibilityInactive="false" />
            <objectChange node="hydraulicIn2Deattached" visibilityActive="false" visibilityInactive="true" />
        </hose>
        <hose inputAttacherJointIndices="1" type="electric"  node="electricIn" length="4" diameter="0.02" straighteningFactor="2" isTwoPointHose="true" >
            <objectChange node="electricInAttached" rotationActive="0 0 0" rotationInactive="-90 0 0" />
        </hose>
        <hose inputAttacherJointIndices="1" type="airDoubleYellow"  node="airDoubleYellowIn" length="4" diameter="0.02" straighteningFactor="2" isTwoPointHose="true" >
            <objectChange node="airDoubleYellowInAttached" rotationActive="0 0 0" rotationInactive="-95 0 0" />
        </hose>
		
        <target attacherJointIndices="1" type="electric" node="0>0|4|1|0|0"/>
    </connectionHoses>
	
    <tensionBelts>
        <tensionBeltsConfigurations>
            <tensionBeltsConfiguration name="$l10n_configuration_valueYes">
                <tensionBelts linkNode="0>3" jointNode="0>" width="0.075" maxEdgeLength="0.1" geometryBias="0.01" ratchetPosition="0.2" defaultOffset="0.1" defaultOffsetSide="0.1" defaultHeight="4" activationTrigger="beltActivationTrigger">
                    <tensionBelt startNode="beltStart1" endNode="beltEnd1" />
                    <tensionBelt startNode="beltStart2" endNode="beltEnd2" />
                    <tensionBelt startNode="beltStart3" endNode="beltEnd3" />
                    <tensionBelt startNode="beltStart4" endNode="beltEnd4" />
                    <tensionBelt startNode="beltStart5" endNode="beltEnd5" />
                    <tensionBelt startNode="beltStart6" endNode="beltEnd6" />
                    <tensionBelt startNode="beltStart8" endNode="beltEnd8" />
                    <tensionBelt startNode="beltStart9" endNode="beltEnd9" />
                    <tensionBelt startNode="beltStart11" endNode="beltEnd11" />
                    <tensionBelt startNode="beltStart12" endNode="beltEnd12" />
                    <tensionBelt startNode="beltStart13" endNode="beltEnd13" />
                    <tensionBelt startNode="beltStart14" endNode="beltEnd14" />
                    <tensionBelt startNode="beltStart15" endNode="beltEnd15" />
                    <tensionBelt startNode="beltStart16" endNode="beltEnd16" />
                    <tensionBelt startNode="beltStart17" endNode="beltEnd17" />
                    <tensionBelt startNode="beltStart18" endNode="beltEnd18" />
                </tensionBelts>
            </tensionBeltsConfiguration>
        </tensionBeltsConfigurations>
    </tensionBelts>
	
    <lights>
        <realLights>
            <low>
                <light node="workLight1" lightTypes="0"/>
                <light node="workLight2" lightTypes="0"/>
                <turnLightLeft node="turnLightLeft"/>
                <turnLightRight node="turnLightRight"/>
                <brakeLight node="brakeLight1"/>
                <brakeLight node="brakeLight2"/>
                <reverseLight node="reverseLight1"/>
            </low>
            <high>
                <light node="workLight1" lightTypes="0"/>
                <light node="workLight2" lightTypes="0"/>
                <turnLightLeft node="turnLightLeft"/>
                <turnLightRight node="turnLightRight"/>
                <brakeLight node="brakeLight1"/>
                <brakeLight node="brakeLight2"/>
                <reverseLight node="reverseLight1"/>
            </high>
        </realLights>
        <defaultLights>
            <defaultLight shaderNode="default1" lightTypes="0"/>
            <defaultLight shaderNode="default2" lightTypes="0"/>
            <defaultLight shaderNode="default3" lightTypes="0"/>
            <defaultLight shaderNode="default4" lightTypes="0"/>
            <defaultLight shaderNode="default5" lightTypes="0"/>
            <defaultLight shaderNode="default6" lightTypes="0"/>
        </defaultLights>
        <brakeLights>
            <brakeLight shaderNode="brake1" />
            <brakeLight shaderNode="brake2" />
        </brakeLights>
        <reverseLights>
            <reverseLight shaderNode="reverse1" />
            <reverseLight shaderNode="reverse2" />
        </reverseLights>
        <turnLights>
            <turnLightLeft shaderNode="turn1" />
            <turnLightRight shaderNode="turn2" />
        </turnLights>
    </lights>
	
    <animations>
		<animation name="suport1">
            <part node="suportMovingNode" startTime="0" endTime="3" startTrans="0 1.374 2.45" endTrans="0 1.374 -0.013" />
        </animation>
		<animation name="suport2">
            <part node="suportRotingNode" startTime="0" endTime="3" startRot="0 0 0" endRot="0 180 0" />
        </animation>
		<animation name="folding">
            <part node="trailerRamp" startTime="0" endTime="3" startRot="10 0 0" endRot="-120 0 0" />
        </animation>
        <animation name="moveSupport">
            <part node="pesMoving" startTime="0.2" endTime="1.2" startTrans="0.0 0.06 3.543" endTrans="0.0 -0.49 3.543" />
            <part node="leveler1" startTime="0" endTime="0.2" startRot="0 0 -10" endRot="0 0 -105" />
            <part node="leveler1" startTime="1.2" endTime="1.4" startRot="0 0 -105" endRot="0 0 -10" />
            <part node="leveler2" startTime="0" endTime="0.2" startRot="0 0 -10" endRot="0 0 -105" />
            <part node="leveler2" startTime="1.2" endTime="1.4" startRot="0 0 -105" endRot="0 0 -10" />
            <part node="axis1" startTime="0.2" endTime="1.2" startRot="0 0 0" endRot="1080 0 0" />
            <part node="axis2" startTime="0.2" endTime="1.2" startRot="0 180 0" endRot="-1080 180 0" />
        </animation>
    </animations>
	
	<cylindered>
	    <movingTools>
            <movingTool node="suportMovingNode">
                <controls axis="AXIS_CRANE_TOOL" invertAxis="false" mouseSpeedFactor="0.2" />
            	<animation animName="suport1" animSpeed="0.5" />
                <attacherJoint jointIndices="1"/>
            </movingTool>
            <movingTool node="suportRotingNode">
                <controls axis="AXIS_CRANE_TOOL2" invertAxis="false" mouseSpeedFactor="0.2" />
            	<animation animName="suport2" animSpeed="0.5" />
                <attacherJoint jointIndices="1"/>
            </movingTool>	
            <movingTool node="trailerRamp" playSound="true">
                <controls axis="AXIS_CRANE_ARM3" invertAxis="false" mouseSpeedFactor="0.2" />
            	<animation animName="folding" animSpeed="1" />
                <dependentPart node="pistao1"/>
                <dependentPart node="pistao2"/>
            </movingTool>
        </movingTools>
		
        <movingParts>
			<movingPart node="pistao1" referencePoint="reference1" referenceFrame="reference1">
                <translatingPart node="cilindro1"/>
            </movingPart>
			<movingPart node="pistao2" referencePoint="reference2" referenceFrame="reference2">
                <translatingPart node="cilindro2"/>
            </movingPart>
        </movingParts>
        <sounds>
            <hydraulic template="DEFAULT_HYDRAULIC_SOUND" />
        </sounds>
    </cylindered>
	
	<suspensions>
		<suspension node="mudFlap" weight="5500" minRotation="-28 0 0" maxRotation="28 0 0" suspensionParametersX="50 10"                            suspensionParametersZ="50 10"  />
    </suspensions>
	
    <foliageBending>
        <bendingNode minX="-1.5" maxX="1.5" minZ="-5.9" maxZ="6.1" yOffset="0.3" />
    </foliageBending>
	
	<baseMaterial>
        <material name="trailer_mat" baseNode="trailer25M_vis">
            <shaderParameter name="colorMat0" value="MAN_RED1"/>
        </material>
		<material name="suports_mat" baseNode="pesMoving">
            <shaderParameter name="colorMat0" value="MAN_RED1"/>
        </material>
        <material name="leveler_mat" baseNode="leveler1">
            <shaderParameter name="colorMat0" value="MAN_RED1"/>
        </material>
		<material name="axis_mat" baseNode="axis1">
            <shaderParameter name="colorMat0" value="MAN_RED1"/>
        </material>
        <material name="levelers_mat" baseNode="leveler2">
            <shaderParameter name="colorMat0" value="MAN_RED1"/>
        </material>
		<material name="axiss_mat" baseNode="axis2">
            <shaderParameter name="colorMat0" value="MAN_RED1"/>
        </material>
        <material name="trilhos_mat" baseNode="trilhosNode">
            <shaderParameter name="colorMat0" value="MAN_RED1"/>
        </material>
		<material name="corote_mat" baseNode="coroteNode">
            <shaderParameter name="colorMat0" value="MAN_RED1"/>
        </material>
        <material name="ramp_mat" baseNode="rampNode">
            <shaderParameter name="colorMat0" value="MAN_RED1"/>
        </material>
		<material name="movingcutter_mat" baseNode="suportMovingNode">
            <shaderParameter name="colorMat4" value="MAN_RED1"/>
        </material>
        <material name="rotingcutter_mat" baseNode="suportRotingNode">
            <shaderParameter name="colorMat4" value="MAN_RED1"/>
        </material>
    </baseMaterial>
	
    <baseMaterialConfigurations price="3000" useDefaultColors="true" defaultColorIndex="0">
	    <baseMaterialConfiguration name="Midnight Purple" color="0.001 0 0.015 1" material="32" />
        <baseMaterialConfiguration name="VICON RED" color="VICON_RED1"/>	
	    <baseMaterialConfiguration name="Silver Metallic" color="ITRUNNER_WHITE1" material="27"/>
	    <baseMaterialConfiguration name="Blue Metallic" color="FLIEGL_BLUE1" material="27" />
        <baseMaterialConfiguration name="Purple Metallic" color="LIZARD_PURPLE1" material="27" />
        <baseMaterialConfiguration name="Orange Metallic" color="FIAT_ORANGEPAINT" material="27" />
        <baseMaterialConfiguration name="Black Metallic" color="FIAT_BLACKPAINT"  material="27" />
        <baseMaterialConfiguration name="Green Metallic" color="FIAT_GREENPAINT" material="27" />
	    <baseMaterialConfiguration name="Claas Monster Metallic" color="0.4 0.6 0.02 1.0" material="27"  />
        <baseMaterialConfiguration name="Red Metallic" color="FLIEGL_RED1" material="27" />
        <baseMaterialConfiguration name="Yellow Metallic" color="BEDNAR_YELLOW1" material="27" />
        <baseMaterialConfiguration name="Brown Metallic" color="FLIEGL_BROWN1" material="27" />
	    <baseMaterialConfiguration name="Midnight Purple Metallic" color="0.001 0 0.015 1" material="27" />
	    <baseMaterialConfiguration name="Black Cherry Metallic" color="0.010 0 0 1" material="27" />
    	<baseMaterialConfiguration name="Pearl White" color="FIAT_WHITEPAINT" material="18" />
        <baseMaterialConfiguration name="Stainless Steel" color="SHARED_WHITE2" material="35"/>
    	<baseMaterialConfiguration name="Exley Fav" color="0.041 0.245 0.223 1.0" material="27" />
    	<baseMaterialConfiguration name="Ice" color="0.455 0.855 1 1.0" material="18" />
	    <baseMaterialConfiguration name="Black Cherry" color="0.010 0 0 1" material="32" />
	    <baseMaterialConfiguration name="Claas" color="0.4 0.6 0.02 1.0" material="32" />
        <baseMaterialConfiguration name="Claas Cat" color="0.800 0.443 0.008 1.0" material="32" />
        <baseMaterialConfiguration name="Claas Monster" color="0.4 0.6 0.02 1.0" material="32"  />
        <baseMaterialConfiguration name="KRONE YELLOW" color="KRONE_YELLOW1" material="32"/>
        <baseMaterialConfiguration name="KRONE GREEN" color="KRONE_GREEN1" material="32"/>
	    <baseMaterialConfiguration name="STARA ORANGE" color="STARA_ORANGE" material="32"/>
        <baseMaterialConfiguration name="STARA GREEN" color="STARA_GREEN" material="32"/>
        <baseMaterialConfiguration name="BERGMANN GREEN" color="BERGMANN_GREEN1"/>
        <baseMaterialConfiguration name="BERGMANN WHITE" color="ITRUNNER_WHITE1" material="32"/>
	    <baseMaterialConfiguration name="JOSKIN GREEN" color="JOSKIN_GREEN1"/>
        <baseMaterialConfiguration name="JOSKIN YELLOW" color="JOSKIN_YELLOW1"/>
	    <baseMaterialConfiguration name="STRAUTMANN GREEN" color="STRAUTMANN_GREEN1"/>
        <baseMaterialConfiguration name="STRAUTMANN RED" color="STRAUTMANN_RED1"/>
	    <baseMaterialConfiguration name="HAWE GREEN" color="0.0697 0.1541 0.0545 1"/>
        <baseMaterialConfiguration name="HAWE GREY" color="0.0962 0.0962 0.0962 1"/>
	    <baseMaterialConfiguration name="TEBBE GREEN" color="0.0008 0.3685 0.1449 1"/>
        <baseMaterialConfiguration name="TEBBE GREY" color="0.6940 0.6940 0.6940 1"/>
	    <baseMaterialConfiguration name="MENGELE RED" color="0.7372 0.0151 0.0265 1"/>
        <baseMaterialConfiguration name="MENGELE BLUE" color="0.0759 0.3392 0.4205 1"/>
	    <baseMaterialConfiguration name="ANNABURGER RED" color="ANNABURGER_RED1"/>
        <baseMaterialConfiguration name="ANNABURGER WHITE" color="ANNABURGER_WHITE1"/>
	    <baseMaterialConfiguration name="KAWECO GREEN" color="0.4 0.6 0.05 1"/>
        <baseMaterialConfiguration name="KAWECO ORANGE" color="0.98 0.31 0.02 1"/>
        <baseMaterialConfiguration name="KAWECO GREY" color="0.8671 0.7893 0.6253 1"/>
	    <baseMaterialConfiguration name="BRIRI GREEN" color="0.0461 0.0600 0.0414 1"/>
	    <baseMaterialConfiguration name="BRIRI GREY" color="0.4423 0.4423 0.4534 1"/>	
        <baseMaterialConfiguration name="VICON DARKBLUE" color="VICON_DARKBLUE"/>		
        <baseMaterialConfiguration name="MAN BEIGE" color="MAN_BEIGECLASSIC"/>		
        <baseMaterialConfiguration name="MAN OLDGREEN" color="MAN_OLDGREEN"/>	
        <material name="trailer_mat" shaderParameter="colorMat0" />
		<material name="suports_mat" shaderParameter="colorMat0" />
        <material name="leveler_mat" shaderParameter="colorMat0" />
		<material name="axis_mat" shaderParameter="colorMat0" />
        <material name="trilhos_mat" shaderParameter="colorMat0" />
		<material name="corote_mat" shaderParameter="colorMat0" />
        <material name="levelers_mat" shaderParameter="colorMat0" />
		<material name="axiss_mat" shaderParameter="colorMat0" />
		<material name="ramp_mat" shaderParameter="colorMat0" />
    </baseMaterialConfigurations>
	
	<designMaterialConfigurations price="1500" useDefaultColors="true" defaultColorIndex="0">
	    <designMaterialConfiguration name="Midnight Purple" color="0.001 0 0.015 1" material="32" />
        <designMaterialConfiguration name="VICON RED" color="VICON_RED1"/>	
	    <designMaterialConfiguration name="Silver Metallic" color="ITRUNNER_WHITE1" material="27"/>
	    <designMaterialConfiguration name="Blue Metallic" color="FLIEGL_BLUE1" material="27" />
        <designMaterialConfiguration name="Purple Metallic" color="LIZARD_PURPLE1" material="27" />
        <designMaterialConfiguration name="Orange Metallic" color="FIAT_ORANGEPAINT" material="27" />
        <designMaterialConfiguration name="Black Metallic" color="FIAT_BLACKPAINT"  material="27" />
        <designMaterialConfiguration name="Green Metallic" color="FIAT_GREENPAINT" material="27" />
	    <designMaterialConfiguration name="Claas Monster Metallic" color="0.4 0.6 0.02 1.0" material="27"  />
        <designMaterialConfiguration name="Red Metallic" color="FLIEGL_RED1" material="27" />
        <designMaterialConfiguration name="Yellow Metallic" color="BEDNAR_YELLOW1" material="27" />
        <designMaterialConfiguration name="Brown Metallic" color="FLIEGL_BROWN1" material="27" />
	    <designMaterialConfiguration name="Midnight Purple Metallic" color="0.001 0 0.015 1" material="27" />
	    <designMaterialConfiguration name="Black Cherry Metallic" color="0.010 0 0 1" material="27" />
    	<designMaterialConfiguration name="Pearl White" color="FIAT_WHITEPAINT" material="18" />
        <designMaterialConfiguration name="Stainless Steel" color="SHARED_WHITE2" material="35"/>
    	<designMaterialConfiguration name="Exley Fav" color="0.041 0.245 0.223 1.0" material="27" />
    	<designMaterialConfiguration name="Ice" color="0.455 0.855 1 1.0" material="18" />
	    <designMaterialConfiguration name="Black Cherry" color="0.010 0 0 1" material="32" />
	    <designMaterialConfiguration name="Claas" color="0.4 0.6 0.02 1.0" material="32" />
        <designMaterialConfiguration name="Claas Cat" color="0.800 0.443 0.008 1.0" material="32" />
        <designMaterialConfiguration name="Claas Monster" color="0.4 0.6 0.02 1.0" material="32"  />
        <designMaterialConfiguration name="KRONE YELLOW" color="KRONE_YELLOW1" material="32"/>
        <designMaterialConfiguration name="KRONE GREEN" color="KRONE_GREEN1" material="32"/>
	    <designMaterialConfiguration name="STARA ORANGE" color="STARA_ORANGE" material="32"/>
        <designMaterialConfiguration name="STARA GREEN" color="STARA_GREEN" material="32"/>
        <designMaterialConfiguration name="BERGMANN GREEN" color="BERGMANN_GREEN1"/>
        <designMaterialConfiguration name="BERGMANN WHITE" color="ITRUNNER_WHITE1" material="32"/>
	    <designMaterialConfiguration name="JOSKIN GREEN" color="JOSKIN_GREEN1"/>
        <designMaterialConfiguration name="JOSKIN YELLOW" color="JOSKIN_YELLOW1"/>
	    <designMaterialConfiguration name="STRAUTMANN GREEN" color="STRAUTMANN_GREEN1"/>
        <designMaterialConfiguration name="STRAUTMANN RED" color="STRAUTMANN_RED1"/>
	    <designMaterialConfiguration name="HAWE GREEN" color="0.0697 0.1541 0.0545 1"/>
        <designMaterialConfiguration name="HAWE GREY" color="0.0962 0.0962 0.0962 1"/>
	    <designMaterialConfiguration name="TEBBE GREEN" color="0.0008 0.3685 0.1449 1"/>
        <designMaterialConfiguration name="TEBBE GREY" color="0.6940 0.6940 0.6940 1"/>
	    <designMaterialConfiguration name="MENGELE RED" color="0.7372 0.0151 0.0265 1"/>
        <designMaterialConfiguration name="MENGELE BLUE" color="0.0759 0.3392 0.4205 1"/>
	    <designMaterialConfiguration name="ANNABURGER RED" color="ANNABURGER_RED1"/>
        <designMaterialConfiguration name="ANNABURGER WHITE" color="ANNABURGER_WHITE1"/>
	    <designMaterialConfiguration name="KAWECO GREEN" color="0.4 0.6 0.05 1"/>
        <designMaterialConfiguration name="KAWECO ORANGE" color="0.98 0.31 0.02 1"/>
        <designMaterialConfiguration name="KAWECO GREY" color="0.8671 0.7893 0.6253 1"/>
	    <designMaterialConfiguration name="BRIRI GREEN" color="0.0461 0.0600 0.0414 1"/>
	    <designMaterialConfiguration name="BRIRI GREY" color="0.4423 0.4423 0.4534 1"/>	
        <designMaterialConfiguration name="VICON DARKBLUE" color="VICON_DARKBLUE"/>		
        <designMaterialConfiguration name="MAN BEIGE" color="MAN_BEIGECLASSIC"/>		
        <designMaterialConfiguration name="MAN OLDGREEN" color="MAN_OLDGREEN"/>	
		<material name="movingcutter_mat"     shaderParameter="colorMat4" />
		<material name="rotingcutter_mat"     shaderParameter="colorMat4" />
	</designMaterialConfigurations>	
	
    <wearable wearDuration="480" workMultiplier="5" fieldMultiplier="2"/>
    <washable dirtDuration="90" washDuration="1" workMultiplier="3" fieldMultiplier="2"/>
	
    <i3dMappings>
        <i3dMapping id="trailer25M_vis" node="0>0"/>
		<!-- Cutter Configuration -->
        <i3dMapping id="suportMovingNode" node="0>0|2|1"/>
        <i3dMapping id="colisionSuport1" node="0>0|2|1|1"/>
        <i3dMapping id="colisionSuport2" node="0>0|2|1|0|1"/>
        <i3dMapping id="colisionSuport3" node="0>0|2|1|0|2"/>
        <i3dMapping id="colisionSuport4" node="0>0|2|1|0|3"/>
        <i3dMapping id="pistaoSuport" node="0>0|2|5"/>
		<!-- Wheels -->
        <i3dMapping id="wheel1" node="0>6|0"/>
        <i3dMapping id="wheel2" node="0>6|2"/>
        <i3dMapping id="wheel3" node="0>6|1"/>
        <i3dMapping id="wheel4" node="0>6|3"/>
        <i3dMapping id="wheel5" node="0>7|0"/>
        <i3dMapping id="wheel6" node="0>7|2"/>
        <i3dMapping id="wheel7" node="0>7|1"/>
        <i3dMapping id="wheel8" node="0>7|3"/>
		<!-- Atacher Parts -->
        <i3dMapping id="attacherJoin" node="0>0|1"/>
        <i3dMapping id="attacherJointCutter" node="0>0|2|1|0|0"/>
        <i3dMapping id="attacherJointTrailer" node="0>0|4|0"/>
        <i3dMapping id="attacherTrailerVis" node="0>0|4"/>
        <i3dMapping id="hydraulicIn1" node="0>0|5|1|0"/>
        <i3dMapping id="hydraulicIn1Attached" node="0>0|5|1|2"/>
        <i3dMapping id="hydraulicIn1Deattached" node="0>0|5|1|1"/>
        <i3dMapping id="hydraulicIn2" node="0>0|5|2|0"/>
        <i3dMapping id="hydraulicIn2Attached" node="0>0|5|2|2"/>
        <i3dMapping id="hydraulicIn2Deattached" node="0>0|5|2|1"/>
        <i3dMapping id="electricIn" node="0>0|5|0|0"/>
        <i3dMapping id="electricInAttached" node="0>0|5|0|1"/>
        <i3dMapping id="airDoubleYellowIn" node="0>0|5|3|0"/>
        <i3dMapping id="airDoubleYellowInAttached" node="0>0|5|3|1"/>
        <i3dMapping id="targetEletric" node="0>0|4|1|0|0"/>
		<!-- Tension Belts -->
        <i3dMapping id="beltActivationTrigger" node="0>3|0"/>
        <i3dMapping id="beltStart1" node="0>3|2"/>
        <i3dMapping id="beltStart2" node="0>3|3"/>
        <i3dMapping id="beltStart3" node="0>3|4"/>
        <i3dMapping id="beltStart4" node="0>3|5"/>
        <i3dMapping id="beltStart5" node="0>3|6"/>
        <i3dMapping id="beltStart6" node="0>3|7"/>
        <i3dMapping id="beltStart7" node="0>3|8"/>
        <i3dMapping id="beltStart8" node="0>3|9"/>
        <i3dMapping id="beltStart9" node="0>3|10"/>
        <i3dMapping id="beltStart10" node="0>3|11"/>
        <i3dMapping id="beltStart11" node="0>3|12"/>
        <i3dMapping id="beltStart12" node="0>3|13"/>
        <i3dMapping id="beltStart13" node="0>3|14"/>
        <i3dMapping id="beltStart14" node="0>3|15"/>
        <i3dMapping id="beltStart15" node="0>3|16"/>
        <i3dMapping id="beltStart16" node="0>3|17"/>
        <i3dMapping id="beltStart17" node="0>3|18"/>
        <i3dMapping id="beltStart18" node="0>3|19"/>
        <i3dMapping id="beltStart19" node="0>3|20"/>
        <i3dMapping id="beltStart20" node="0>3|21"/>
        <i3dMapping id="beltEnd1" node="0>3|2|0"/>
        <i3dMapping id="beltEnd2" node="0>3|3|0"/>
        <i3dMapping id="beltEnd3" node="0>3|4|0"/>
        <i3dMapping id="beltEnd4" node="0>3|5|0"/>
        <i3dMapping id="beltEnd5" node="0>3|6|0"/>
        <i3dMapping id="beltEnd6" node="0>3|7|0"/>
        <i3dMapping id="beltEnd8" node="0>3|9|0"/>
        <i3dMapping id="beltEnd9" node="0>3|10|0"/>
        <i3dMapping id="beltEnd11" node="0>3|12|0"/>
        <i3dMapping id="beltEnd12" node="0>3|13|0"/>
        <i3dMapping id="beltEnd13" node="0>3|14|0"/>
        <i3dMapping id="beltEnd14" node="0>3|15|0"/>
        <i3dMapping id="beltEnd15" node="0>3|16|0"/>
        <i3dMapping id="beltEnd16" node="0>3|17|0"/>
        <i3dMapping id="beltEnd17" node="0>3|18|0"/>
        <i3dMapping id="beltEnd18" node="0>3|19|0"/>
		<!-- RealLights -->
        <i3dMapping id="workLight1" node="0>1|1|0"/>
        <i3dMapping id="workLight2" node="0>1|1|1"/>
        <i3dMapping id="turnLightLeft" node="0>1|0|0"/>
        <i3dMapping id="turnLightRight" node="0>1|0|1"/>
        <i3dMapping id="brakeLight1" node="0>1|2|4"/>
        <i3dMapping id="brakeLight2" node="0>1|2|5"/>
        <i3dMapping id="reverseLight1" node="0>1|2|6"/>
		<!-- StaticLights -->
        <i3dMapping id="default1" node="0>1|2|7|1"/>
        <i3dMapping id="default2" node="0>1|2|8|1"/>
        <i3dMapping id="default3" node="0>1|1|4|0"/>
        <i3dMapping id="default4" node="0>1|1|5|0"/>
        <i3dMapping id="default5" node="0>1|1|2"/>
        <i3dMapping id="default6" node="0>1|1|3"/>
        <i3dMapping id="brake1" node="0>1|2|2"/>
        <i3dMapping id="brake2" node="0>1|2|3"/>
        <i3dMapping id="reverse1" node="0>1|2|0"/>
        <i3dMapping id="reverse2" node="0>1|2|1"/>
        <i3dMapping id="turn1" node="0>1|0|2"/>
        <i3dMapping id="turn2" node="0>1|0|3"/>
		<!-- Animations -->
        <i3dMapping id="suportRotingNode" node="0>0|2|1|0"/>
        <i3dMapping id="trailerRamp" node="0>0|2|0"/>
        <i3dMapping id="pesMoving" node="0>0|2|4|2"/>
        <i3dMapping id="leveler1" node="0>0|2|4|0|0"/>
        <i3dMapping id="leveler2" node="0>0|2|4|1|0"/>
        <i3dMapping id="axis1" node="0>0|2|4|0"/>
        <i3dMapping id="axis2" node="0>0|2|4|1"/>
        <i3dMapping id="pistao1" node="0>0|2|2"/>
        <i3dMapping id="pistao2" node="0>0|2|3"/>
        <i3dMapping id="cilindro1" node="0>0|2|2|0"/>
        <i3dMapping id="cilindro2" node="0>0|2|3|0"/>
        <i3dMapping id="reference1" node="0>0|2|0|0|0"/>
        <i3dMapping id="reference2" node="0>0|2|0|0|1"/>
        <i3dMapping id="mudFlap" node="0>5"/>
		<!-- Materials -->
        <i3dMapping id="trilhosNode" node="0>0|3|0"/>
        <i3dMapping id="coroteNode" node="0>0|3|2"/>
        <i3dMapping id="rampNode" node="0>0|2|0|0"/>
    </i3dMappings>
</vehicle>