﻿<?xml version="1.0" encoding="utf-8" standalone="no" ?>
<vehicle type="240Z">
    <annotation>Copyright (C) GIANTS Software GmbH, All Rights Reserved.</annotation>
    <storeData>
        <name>
            <en>Datsun 240Z</en></name>
        <specs>
            <power>150</power>
        </specs>
        <functions>
            <function>$l10n_function_car</function>

        </functions>
        <image>240z.dds</image>
        <price>13000</price>
        <lifetime>6000</lifetime>
        <rotation>0</rotation>
        <brand>DATSUN</brand>
        <category>cars</category>
    </storeData>
    
	<base>
        <typeDesc>$l10n_typeDesc_car</typeDesc>
        <filename>240z.i3d</filename>
        <size width="3.5" length="8" lengthOffset="0"/>
        <components>
            <component centerOfMass="0 0.35 0.82" solverIterationCount="20" mass="1000" />
        </components>
        <schemaOverlay attacherJointPosition="0 0">
            <default name="DEFAULT_VEHICLE"/>
            <selected name="DEFAULT_VEHICLE_SELECTED"/>
        </schemaOverlay>
    </base>
    
	<wheels>
        <wheelConfigurations>
		    <wheelConfiguration name="stock" price="0" brand="14_INCHES" >
				<wheels autoRotateBackSpeed="2.5">
                    <wheel filename="wheels/wheels.xml" configId="stock" isLeft="true" hasParticles="true" hasTireTracks="true">
                        <physics rotSpeed="1" restLoad="0.5" repr="0>0|0|0" forcePointRatio="0.8" initialCompression="10" suspTravel="0.3" spring="17" damper="8"/>
                    </wheel>
                    <wheel filename="wheels/wheels.xml" configId="stock" isLeft="false" hasParticles="true" hasTireTracks="true">
                        <physics rotSpeed="1" restLoad="0.5" repr="0>0|1|0" forcePointRatio="0.8" initialCompression="10" suspTravel="0.3" spring="17" damper="8"/>
                    </wheel>
                    <wheel filename="wheels/wheels.xml" configId="stock" isLeft="true" hasParticles="true" hasTireTracks="true">
                        <physics rotSpeed="0" restLoad="0.5" repr="0>1|0|0" initialCompression="10" suspTravel="0.3" spring="20" damper="5"/>
                    </wheel>
                    <wheel filename="wheels/wheels.xml" configId="stock" isLeft="false" hasParticles="true" hasTireTracks="true">
                        <physics rotSpeed="0" restLoad="0.5" repr="0>1|1|0" initialCompression="10" suspTravel="0.3" spring="20" damper="5"/>
                    </wheel>
				</wheels>
			</wheelConfiguration>
            <wheelConfiguration name="stock without hubcap" price="0" brand="14_INCHES" >
				<wheels autoRotateBackSpeed="2.5">
                    <wheel filename="wheels/wheels.xml" configId="stockW/Ocap" isLeft="true" hasParticles="true" hasTireTracks="true">
                        <physics rotSpeed="1" restLoad="0.5" repr="0>0|0|0" forcePointRatio="0.8" initialCompression="10" suspTravel="0.3" spring="17" damper="8"/>
                    </wheel>
                    <wheel filename="wheels/wheels.xml" configId="stockW/Ocap" isLeft="false" hasParticles="true" hasTireTracks="true">
                        <physics rotSpeed="1" restLoad="0.5" repr="0>0|1|0" forcePointRatio="0.8" initialCompression="10" suspTravel="0.3" spring="17" damper="8"/>
                    </wheel>
                    <wheel filename="wheels/wheels.xml" configId="stockW/Ocap" isLeft="true" hasParticles="true" hasTireTracks="true">
                        <physics rotSpeed="0" restLoad="0.5" repr="0>1|0|0" initialCompression="10" suspTravel="0.3" spring="20" damper="5"/>
                    </wheel>
                    <wheel filename="wheels/wheels.xml" configId="stockW/Ocap" isLeft="false" hasParticles="true" hasTireTracks="true">
                        <physics rotSpeed="0" restLoad="0.5" repr="0>1|1|0" initialCompression="10" suspTravel="0.3" spring="20" damper="5"/>
                    </wheel>
				</wheels>
			</wheelConfiguration>
            <wheelConfiguration name="watanabe" price="1000" brand="15_INCHES" >
				<wheels autoRotateBackSpeed="2.5">
                    <wheel filename="wheels/wheels.xml" configId="watsf" isLeft="true" hasParticles="true" hasTireTracks="true">
                        <physics rotSpeed="1" restLoad="0.5" repr="0>0|0|0" forcePointRatio="0.8" initialCompression="10" suspTravel="0.3" spring="17" damper="8"/>
                    </wheel>
                    <wheel filename="wheels/wheels.xml" configId="watsf" isLeft="false" hasParticles="true" hasTireTracks="true">
                        <physics rotSpeed="1" restLoad="0.5" repr="0>0|1|0" forcePointRatio="0.8" initialCompression="10" suspTravel="0.3" spring="17" damper="8"/>
                    </wheel>
                    <wheel filename="wheels/wheels.xml" configId="watsr" isLeft="true" hasParticles="true" hasTireTracks="true">
                        <physics rotSpeed="0" restLoad="0.5" repr="0>1|0|0" initialCompression="10" suspTravel="0.3" spring="20" damper="5"/>
                    </wheel>
                    <wheel filename="wheels/wheels.xml" configId="watsr" isLeft="false" hasParticles="true" hasTireTracks="true">
                        <physics rotSpeed="0" restLoad="0.5" repr="0>1|1|0" initialCompression="10" suspTravel="0.3" spring="20" damper="5"/>
                    </wheel>
				</wheels>
			</wheelConfiguration>
            <wheelConfiguration name="watanabe chrome lip" price="1000" brand="15_INCHES" >
				<wheels autoRotateBackSpeed="2.5">
                    <wheel filename="wheels/wheels.xml" configId="watsfch" isLeft="true" hasParticles="true" hasTireTracks="true">
                        <physics rotSpeed="1" restLoad="0.5" repr="0>0|0|0" forcePointRatio="0.8" initialCompression="10" suspTravel="0.3" spring="17" damper="8"/>
                    </wheel>
                    <wheel filename="wheels/wheels.xml" configId="watsfch" isLeft="false" hasParticles="true" hasTireTracks="true">
                        <physics rotSpeed="1" restLoad="0.5" repr="0>0|1|0" forcePointRatio="0.8" initialCompression="10" suspTravel="0.3" spring="17" damper="8"/>
                    </wheel>
                    <wheel filename="wheels/wheels.xml" configId="watsrch" isLeft="true" hasParticles="true" hasTireTracks="true">
                        <physics rotSpeed="0" restLoad="0.5" repr="0>1|0|0" initialCompression="10" suspTravel="0.3" spring="20" damper="5"/>
                    </wheel>
                    <wheel filename="wheels/wheels.xml" configId="watsrch" isLeft="false" hasParticles="true" hasTireTracks="true">
                        <physics rotSpeed="0" restLoad="0.5" repr="0>1|1|0" initialCompression="10" suspTravel="0.3" spring="20" damper="5"/>
                    </wheel>
				</wheels>
			</wheelConfiguration>
            <wheelConfiguration name="volk te37" price="1000" brand="15_INCHES" >
				<wheels autoRotateBackSpeed="2.5">
                    <wheel filename="wheels/wheels.xml" configId="te3715f" isLeft="true" hasParticles="true" hasTireTracks="true">
                        <physics rotSpeed="1" restLoad="0.5" repr="0>0|0|0" forcePointRatio="0.8" initialCompression="10" suspTravel="0.3" spring="17" damper="8"/>
                    </wheel>
                    <wheel filename="wheels/wheels.xml" configId="te3715f" isLeft="false" hasParticles="true" hasTireTracks="true">
                        <physics rotSpeed="1" restLoad="0.5" repr="0>0|1|0" forcePointRatio="0.8" initialCompression="10" suspTravel="0.3" spring="17" damper="8"/>
                    </wheel>
                    <wheel filename="wheels/wheels.xml" configId="te3715r" isLeft="true" hasParticles="true" hasTireTracks="true">
                        <physics rotSpeed="0" restLoad="0.5" repr="0>1|0|0" initialCompression="10" suspTravel="0.3" spring="20" damper="5"/>
                    </wheel>
                    <wheel filename="wheels/wheels.xml" configId="te3715r" isLeft="false" hasParticles="true" hasTireTracks="true">
                        <physics rotSpeed="0" restLoad="0.5" repr="0>1|1|0" initialCompression="10" suspTravel="0.3" spring="20" damper="5"/>
                    </wheel>
				</wheels>
			</wheelConfiguration>
            <wheelConfiguration name="volk te37 chrome lip" price="1000" brand="15_INCHES" >
				<wheels autoRotateBackSpeed="2.5">
                    <wheel filename="wheels/wheels.xml" configId="te3715fch" isLeft="true" hasParticles="true" hasTireTracks="true">
                        <physics rotSpeed="1" restLoad="0.5" repr="0>0|0|0" forcePointRatio="0.8" initialCompression="10" suspTravel="0.3" spring="17" damper="8"/>
                    </wheel>
                    <wheel filename="wheels/wheels.xml" configId="te3715fch" isLeft="false" hasParticles="true" hasTireTracks="true">
                        <physics rotSpeed="1" restLoad="0.5" repr="0>0|1|0" forcePointRatio="0.8" initialCompression="10" suspTravel="0.3" spring="17" damper="8"/>
                    </wheel>
                    <wheel filename="wheels/wheels.xml" configId="te3715rch" isLeft="true" hasParticles="true" hasTireTracks="true">
                        <physics rotSpeed="0" restLoad="0.5" repr="0>1|0|0" initialCompression="10" suspTravel="0.3" spring="20" damper="5"/>
                    </wheel>
                    <wheel filename="wheels/wheels.xml" configId="te3715rch" isLeft="false" hasParticles="true" hasTireTracks="true">
                        <physics rotSpeed="0" restLoad="0.5" repr="0>1|1|0" initialCompression="10" suspTravel="0.3" spring="20" damper="5"/>
                    </wheel>
				</wheels>
			</wheelConfiguration>
            <wheelConfiguration name="ssr formula mesh" price="1000" brand="15_INCHES" >
				<wheels autoRotateBackSpeed="2.5">
                    <wheel filename="wheels/wheels.xml" configId="meshf" isLeft="true" hasParticles="true" hasTireTracks="true">
                        <physics rotSpeed="1" restLoad="0.5" repr="0>0|0|0" forcePointRatio="0.8" initialCompression="10" suspTravel="0.3" spring="17" damper="8"/>
                    </wheel>
                    <wheel filename="wheels/wheels.xml" configId="meshf" isLeft="false" hasParticles="true" hasTireTracks="true">
                        <physics rotSpeed="1" restLoad="0.5" repr="0>0|1|0" forcePointRatio="0.8" initialCompression="10" suspTravel="0.3" spring="17" damper="8"/>
                    </wheel>
                    <wheel filename="wheels/wheels.xml" configId="meshr" isLeft="true" hasParticles="true" hasTireTracks="true">
                        <physics rotSpeed="0" restLoad="0.5" repr="0>1|0|0" initialCompression="10" suspTravel="0.3" spring="20" damper="5"/>
                    </wheel>
                    <wheel filename="wheels/wheels.xml" configId="meshr" isLeft="false" hasParticles="true" hasTireTracks="true">
                        <physics rotSpeed="0" restLoad="0.5" repr="0>1|1|0" initialCompression="10" suspTravel="0.3" spring="20" damper="5"/>
                    </wheel>
				</wheels>
			</wheelConfiguration>
            <wheelConfiguration name="yokohama advan ada" price="1000" brand="15_INCHES" >
				<wheels autoRotateBackSpeed="2.5">
                    <wheel filename="wheels/wheels.xml" configId="adaf" isLeft="true" hasParticles="true" hasTireTracks="true">
                        <physics rotSpeed="1" restLoad="0.5" repr="0>0|0|0" forcePointRatio="0.8" initialCompression="10" suspTravel="0.3" spring="17" damper="8"/>
                    </wheel>
                    <wheel filename="wheels/wheels.xml" configId="adaf" isLeft="false" hasParticles="true" hasTireTracks="true">
                        <physics rotSpeed="1" restLoad="0.5" repr="0>0|1|0" forcePointRatio="0.8" initialCompression="10" suspTravel="0.3" spring="17" damper="8"/>
                    </wheel>
                    <wheel filename="wheels/wheels.xml" configId="adar" isLeft="true" hasParticles="true" hasTireTracks="true">
                        <physics rotSpeed="0" restLoad="0.5" repr="0>1|0|0" initialCompression="10" suspTravel="0.3" spring="20" damper="5"/>
                    </wheel>
                    <wheel filename="wheels/wheels.xml" configId="adar" isLeft="false" hasParticles="true" hasTireTracks="true">
                        <physics rotSpeed="0" restLoad="0.5" repr="0>1|1|0" initialCompression="10" suspTravel="0.3" spring="20" damper="5"/>
                    </wheel>
				</wheels>
			</wheelConfiguration>
            <wheelConfiguration name="yokohama advan br1" price="1000" brand="15_INCHES" >
				<wheels autoRotateBackSpeed="2.5">
                    <wheel filename="wheels/wheels.xml" configId="br1f" isLeft="true" hasParticles="true" hasTireTracks="true">
                        <physics rotSpeed="1" restLoad="0.5" repr="0>0|0|0" forcePointRatio="0.8" initialCompression="10" suspTravel="0.3" spring="17" damper="8"/>
                    </wheel>
                    <wheel filename="wheels/wheels.xml" configId="br1f" isLeft="false" hasParticles="true" hasTireTracks="true">
                        <physics rotSpeed="1" restLoad="0.5" repr="0>0|1|0" forcePointRatio="0.8" initialCompression="10" suspTravel="0.3" spring="17" damper="8"/>
                    </wheel>
                    <wheel filename="wheels/wheels.xml" configId="br1r" isLeft="true" hasParticles="true" hasTireTracks="true">
                        <physics rotSpeed="0" restLoad="0.5" repr="0>1|0|0" initialCompression="10" suspTravel="0.3" spring="20" damper="5"/>
                    </wheel>
                    <wheel filename="wheels/wheels.xml" configId="br1r" isLeft="false" hasParticles="true" hasTireTracks="true">
                        <physics rotSpeed="0" restLoad="0.5" repr="0>1|1|0" initialCompression="10" suspTravel="0.3" spring="20" damper="5"/>
                    </wheel>
				</wheels>
			</wheelConfiguration>
            <wheelConfiguration name="yokohama advan a3e" price="1000" brand="15_INCHES" >
				<wheels autoRotateBackSpeed="2.5">
                    <wheel filename="wheels/wheels.xml" configId="a3ef" isLeft="true" hasParticles="true" hasTireTracks="true">
                        <physics rotSpeed="1" restLoad="0.5" repr="0>0|0|0" forcePointRatio="0.8" initialCompression="10" suspTravel="0.3" spring="17" damper="8"/>
                    </wheel>
                    <wheel filename="wheels/wheels.xml" configId="a3ef" isLeft="false" hasParticles="true" hasTireTracks="true">
                        <physics rotSpeed="1" restLoad="0.5" repr="0>0|1|0" forcePointRatio="0.8" initialCompression="10" suspTravel="0.3" spring="17" damper="8"/>
                    </wheel>
                    <wheel filename="wheels/wheels.xml" configId="a3er" isLeft="true" hasParticles="true" hasTireTracks="true">
                        <physics rotSpeed="0" restLoad="0.5" repr="0>1|0|0" initialCompression="10" suspTravel="0.3" spring="20" damper="5"/>
                    </wheel>
                    <wheel filename="wheels/wheels.xml" configId="a3er" isLeft="false" hasParticles="true" hasTireTracks="true">
                        <physics rotSpeed="0" restLoad="0.5" repr="0>1|1|0" initialCompression="10" suspTravel="0.3" spring="20" damper="5"/>
                    </wheel>
				</wheels>
			</wheelConfiguration>
            <wheelConfiguration name="yokohama advan a3c" price="1000" brand="15_INCHES" >
				<wheels autoRotateBackSpeed="2.5">
                    <wheel filename="wheels/wheels.xml" configId="a3cf" isLeft="true" hasParticles="true" hasTireTracks="true">
                        <physics rotSpeed="1" restLoad="0.5" repr="0>0|0|0" forcePointRatio="0.8" initialCompression="10" suspTravel="0.3" spring="17" damper="8"/>
                    </wheel>
                    <wheel filename="wheels/wheels.xml" configId="a3cf" isLeft="false" hasParticles="true" hasTireTracks="true">
                        <physics rotSpeed="1" restLoad="0.5" repr="0>0|1|0" forcePointRatio="0.8" initialCompression="10" suspTravel="0.3" spring="17" damper="8"/>
                    </wheel>
                    <wheel filename="wheels/wheels.xml" configId="a3cr" isLeft="true" hasParticles="true" hasTireTracks="true">
                        <physics rotSpeed="0" restLoad="0.5" repr="0>1|0|0" initialCompression="10" suspTravel="0.3" spring="20" damper="5"/>
                    </wheel>
                    <wheel filename="wheels/wheels.xml" configId="a3cr" isLeft="false" hasParticles="true" hasTireTracks="true">
                        <physics rotSpeed="0" restLoad="0.5" repr="0>1|1|0" initialCompression="10" suspTravel="0.3" spring="20" damper="5"/>
                    </wheel>
				</wheels>
			</wheelConfiguration>
            <wheelConfiguration name="yokohama advan a3a" price="1000" brand="15_INCHES" >
				<wheels autoRotateBackSpeed="2.5">
                    <wheel filename="wheels/wheels.xml" configId="a3af" isLeft="true" hasParticles="true" hasTireTracks="true">
                        <physics rotSpeed="1" restLoad="0.5" repr="0>0|0|0" forcePointRatio="0.8" initialCompression="10" suspTravel="0.3" spring="17" damper="8"/>
                    </wheel>
                    <wheel filename="wheels/wheels.xml" configId="a3af" isLeft="false" hasParticles="true" hasTireTracks="true">
                        <physics rotSpeed="1" restLoad="0.5" repr="0>0|1|0" forcePointRatio="0.8" initialCompression="10" suspTravel="0.3" spring="17" damper="8"/>
                    </wheel>
                    <wheel filename="wheels/wheels.xml" configId="a3ar" isLeft="true" hasParticles="true" hasTireTracks="true">
                        <physics rotSpeed="0" restLoad="0.5" repr="0>1|0|0" initialCompression="10" suspTravel="0.3" spring="20" damper="5"/>
                    </wheel>
                    <wheel filename="wheels/wheels.xml" configId="a3ar" isLeft="false" hasParticles="true" hasTireTracks="true">
                        <physics rotSpeed="0" restLoad="0.5" repr="0>1|1|0" initialCompression="10" suspTravel="0.3" spring="20" damper="5"/>
                    </wheel>
				</wheels>
			</wheelConfiguration>
            <wheelConfiguration name="yokohama advan oni" price="1000" brand="15_INCHES" >
				<wheels autoRotateBackSpeed="2.5">
                    <wheel filename="wheels/wheels.xml" configId="onif" isLeft="true" hasParticles="true" hasTireTracks="true">
                        <physics rotSpeed="1" restLoad="0.5" repr="0>0|0|0" forcePointRatio="0.8" initialCompression="10" suspTravel="0.3" spring="17" damper="8"/>
                    </wheel>
                    <wheel filename="wheels/wheels.xml" configId="onif" isLeft="false" hasParticles="true" hasTireTracks="true">
                        <physics rotSpeed="1" restLoad="0.5" repr="0>0|1|0" forcePointRatio="0.8" initialCompression="10" suspTravel="0.3" spring="17" damper="8"/>
                    </wheel>
                    <wheel filename="wheels/wheels.xml" configId="onir" isLeft="true" hasParticles="true" hasTireTracks="true">
                        <physics rotSpeed="0" restLoad="0.5" repr="0>1|0|0" initialCompression="10" suspTravel="0.3" spring="20" damper="5"/>
                    </wheel>
                    <wheel filename="wheels/wheels.xml" configId="onir" isLeft="false" hasParticles="true" hasTireTracks="true">
                        <physics rotSpeed="0" restLoad="0.5" repr="0>1|1|0" initialCompression="10" suspTravel="0.3" spring="20" damper="5"/>
                    </wheel>
				</wheels>
			</wheelConfiguration>
            <wheelConfiguration name="enkei riverge" price="1000" brand="15_INCHES" >
				<wheels autoRotateBackSpeed="2.5">
                    <wheel filename="wheels/wheels.xml" configId="rivergef" isLeft="true" hasParticles="true" hasTireTracks="true">
                        <physics rotSpeed="1" restLoad="0.5" repr="0>0|0|0" forcePointRatio="0.8" initialCompression="10" suspTravel="0.3" spring="17" damper="8"/>
                    </wheel>
                    <wheel filename="wheels/wheels.xml" configId="rivergef" isLeft="false" hasParticles="true" hasTireTracks="true">
                        <physics rotSpeed="1" restLoad="0.5" repr="0>0|1|0" forcePointRatio="0.8" initialCompression="10" suspTravel="0.3" spring="17" damper="8"/>
                    </wheel>
                    <wheel filename="wheels/wheels.xml" configId="riverger" isLeft="true" hasParticles="true" hasTireTracks="true">
                        <physics rotSpeed="0" restLoad="0.5" repr="0>1|0|0" initialCompression="10" suspTravel="0.3" spring="20" damper="5"/>
                    </wheel>
                    <wheel filename="wheels/wheels.xml" configId="riverger" isLeft="false" hasParticles="true" hasTireTracks="true">
                        <physics rotSpeed="0" restLoad="0.5" repr="0>1|1|0" initialCompression="10" suspTravel="0.3" spring="20" damper="5"/>
                    </wheel>
				</wheels>
			</wheelConfiguration>
            <wheelConfiguration name="volk te37" price="1000" brand="16_INCHES" >
				<wheels autoRotateBackSpeed="2.5">
                    <wheel filename="wheels/wheels.xml" configId="te3716f" isLeft="true" hasParticles="true" hasTireTracks="true">
                        <physics rotSpeed="1" restLoad="0.5" repr="0>0|0|0" forcePointRatio="0.8" initialCompression="10" suspTravel="0.3" spring="17" damper="8"/>
                    </wheel>
                    <wheel filename="wheels/wheels.xml" configId="te3716f" isLeft="false" hasParticles="true" hasTireTracks="true">
                        <physics rotSpeed="1" restLoad="0.5" repr="0>0|1|0" forcePointRatio="0.8" initialCompression="10" suspTravel="0.3" spring="17" damper="8"/>
                    </wheel>
                    <wheel filename="wheels/wheels.xml" configId="te3716r" isLeft="true" hasParticles="true" hasTireTracks="true">
                        <physics rotSpeed="0" restLoad="0.5" repr="0>1|0|0" initialCompression="10" suspTravel="0.3" spring="20" damper="5"/>
                    </wheel>
                    <wheel filename="wheels/wheels.xml" configId="te3716r" isLeft="false" hasParticles="true" hasTireTracks="true">
                        <physics rotSpeed="0" restLoad="0.5" repr="0>1|1|0" initialCompression="10" suspTravel="0.3" spring="20" damper="5"/>
                    </wheel>
				</wheels>
			</wheelConfiguration>
            <wheelConfiguration name="volk te37 chrome lip" price="1000" brand="16_INCHES" >
				<wheels autoRotateBackSpeed="2.5">
                    <wheel filename="wheels/wheels.xml" configId="te3716fch" isLeft="true" hasParticles="true" hasTireTracks="true">
                        <physics rotSpeed="1" restLoad="0.5" repr="0>0|0|0" forcePointRatio="0.8" initialCompression="10" suspTravel="0.3" spring="17" damper="8"/>
                    </wheel>
                    <wheel filename="wheels/wheels.xml" configId="te3716fch" isLeft="false" hasParticles="true" hasTireTracks="true">
                        <physics rotSpeed="1" restLoad="0.5" repr="0>0|1|0" forcePointRatio="0.8" initialCompression="10" suspTravel="0.3" spring="17" damper="8"/>
                    </wheel>
                    <wheel filename="wheels/wheels.xml" configId="te3716rch" isLeft="true" hasParticles="true" hasTireTracks="true">
                        <physics rotSpeed="0" restLoad="0.5" repr="0>1|0|0" initialCompression="10" suspTravel="0.3" spring="20" damper="5"/>
                    </wheel>
                    <wheel filename="wheels/wheels.xml" configId="te3716rch" isLeft="false" hasParticles="true" hasTireTracks="true">
                        <physics rotSpeed="0" restLoad="0.5" repr="0>1|1|0" initialCompression="10" suspTravel="0.3" spring="20" damper="5"/>
                    </wheel>
				</wheels>
			</wheelConfiguration>
        </wheelConfigurations>
        
		<ackermannSteeringConfigurations>
            <ackermannSteering rotSpeed="32" rotMax="38" rotCenterWheel1="3" rotCenterWheel2="4"/>
        </ackermannSteeringConfigurations>
    </wheels>
    
	<lights>
        <states>
            <state lightTypes="0"/>
            <state lightTypes="0 1"/>
            <state lightTypes="0 1 2"/>
        </states>
        
		<realLights>
            <low>
                <light node="0>5|6"  lightTypes="0"/>
                <light node="0>5|7"  lightTypes="0"/>
                <light node="0>5|0"  lightTypes="1"/>
                <light node="0>5|1"    lightTypes="2"/>
                <brakeLight node="0>5|3"/>
                <turnLightLeft node="0>5|4"/>
                <turnLightRight node="0>5|5"/>
                <reverseLight node="0>5|2" />
            </low>
            
			<high>
                <light node="0>5|6"  lightTypes="0"/>
                <light node="0>5|7"  lightTypes="0"/>
                <light node="0>5|0"  lightTypes="1"/>
                <light node="0>5|1"    lightTypes="2"/>
                <brakeLight node="0>5|3"/>
                <turnLightLeft node="0>5|4"/>
                <turnLightRight node="0>5|5"/>
                <reverseLight node="0>5|2" />
            </high>
        </realLights>
        
		<defaultLights>
            <defaultLight shaderNode="0>2|30" lightTypes="0" intensity="40"/>
            <defaultLight shaderNode="0>2|32" lightTypes="0" intensity="40"/>
            <defaultLight shaderNode="0>2|34" lightTypes="0" intensity="40"/>
            <defaultLight shaderNode="0>2|69" lightTypes="0" intensity="40"/>
            <defaultLight shaderNode="0>2|35" lightTypes="0" intensity="40"/>
            <defaultLight shaderNode="0>2|26" lightTypes="1" intensity="40"/>
        </defaultLights>
        
		<brakeLights>
            <brakeLight  shaderNode="0>2|35" intensity="200"/>
        </brakeLights>
        
		<reverseLights>
			<reverseLight shaderNode="0>2|59" intensity="50" />
        </reverseLights>
		
		<turnLights>
            <turnLightLeft shaderNode="0>2|28" intensity="50" />
            <turnLightLeft shaderNode="0>2|65" intensity="50" />
            <turnLightRight  shaderNode="0>2|29" intensity="50"/>
            <turnLightRight  shaderNode="0>2|66" intensity="50"/>
        </turnLights>

		<sounds>
            <switchLight template="SWITCH_01"/>
            <turnLight template="SWITCH_TURNLIGHT"/>
        </sounds>
    </lights>
    
	<enterable isTabbable="true">
        <enterReferenceNode node="0>"/>
        <exitPoint node="0>11"/>
        <cameras count="2">
            <camera node="0>6|0|0" rotatable="true" rotateNode="0>6|0" limit="true" useWorldXZRotation="true" rotMinX="-1.4" rotMaxX="1" transMin="3.5" transMax="40" translation="0 0 5.75" rotation="-10 180 0">
                <raycastNode node="0>6|2"/>
                <raycastNode node="0>6|3"/>
				<raycastNode node="0>6|4"/>
            </camera>
            <camera node="0>6|1" rotatable="true" limit="true" rotMinX="-1.1" rotMaxX="0.4" transMin="0" transMax="0" useMirror="true" isInside="true" positionSmoothingParameter="0"  shadowFocusBox="0>6|5"/>
        </cameras>
        <characterNode node="0>8|0|0" cameraMinDistance="1.5" spineRotation="-90 0 90">
            <target ikChain="rightFoot" targetNode="0>8|0|1"/>
            <target ikChain="leftFoot" targetNode="0>8|0|2"/>
            <target ikChain="rightArm" targetNode="0>7|0|0|1"/>
            <target ikChain="leftArm" targetNode="0>7|0|0|0"/>
        </characterNode>
		<mirrors>
            <mirror node="0>9|0|0" prio="1" />
            <mirror node="0>9|1|0" prio="1" />
            <mirror node="0>9|2|0" prio="1" />
        </mirrors>

    </enterable>
    <motorized>
        <consumerConfigurations>
            <consumerConfiguration>
                <consumer fillUnitIndex="1" usage="15" fillType="diesel"/>
            </consumerConfiguration>
        </consumerConfigurations>
		
        <differentialConfigurations>
            <differentialConfiguration>
                <differentials>
                    <differential torqueRatio="0.5" maxSpeedRatio="1.8" wheelIndex1="3" wheelIndex2="4" /> <!-- back left-right -->
                </differentials>
            </differentialConfiguration>
        </differentialConfigurations>
		
        <motorConfigurations>
            <motorConfiguration name="L24" hp="150" price="0">
                <motor torqueScale="0.464" minRpm="850" maxRpm="3000" maxBackwardSpeed="35" brakeForce="1.2" lowBrakeForceScale="0.08" lowBrakeForceSpeedLimit="1">
                    <torque normRpm="0.02" torque="0.9"/>
                    <torque normRpm="0.45" torque="0.9"/>
                    <torque normRpm="0.5"  torque="0.97"/>
                    <torque normRpm="0.59" torque="1"/>
                    <torque normRpm="0.72" torque="1"/>
                    <torque normRpm="0.86" torque="0.88"/>
                    <torque normRpm="1"    torque="0.72"/>
                </motor>
                <transmission minForwardGearRatio="7.52" maxForwardGearRatio="11.0" minBackwardGearRatio="28.89" maxBackwardGearRatio="32"/>
            </motorConfiguration>
            <motorConfiguration name="RB26" hp="450" price="12000">
                <motor torqueScale="1.392" minRpm="850" maxRpm="3000" maxBackwardSpeed="35" brakeForce="1.2" lowBrakeForceScale="0.08" lowBrakeForceSpeedLimit="1">
                    <torque normRpm="0.02" torque="0.9"/>
                    <torque normRpm="0.45" torque="0.9"/>
                    <torque normRpm="0.5"  torque="0.97"/>
                    <torque normRpm="0.59" torque="1"/>
                    <torque normRpm="0.72" torque="1"/>
                    <torque normRpm="0.86" torque="0.88"/>
                    <torque normRpm="1"    torque="0.72"/>
                </motor>
                <transmission minForwardGearRatio="7.52" maxForwardGearRatio="11.0" minBackwardGearRatio="28.89" maxBackwardGearRatio="32"/>
            </motorConfiguration>
        </motorConfigurations>
        
		<exhaustEffects>
            <exhaustEffect node="0>10|0" filename="$data/particleSystems/shared/exhaust.i3d" minRpmColor="0.9 0.9 0.9 0.005" maxRpmColor="0.9 0.9 0.9 0.01" minRpmScale="0.01" maxRpmScale="0.05" xzRotationsOffset="0 0" xzRotationsForward="0 0" xzRotationsBackward="0 0" xzRotationsLeft="0 0" xzRotationsRight="0 0"/>
        </exhaustEffects>
        <motorStartDuration>2000</motorStartDuration>
        <sounds externalSoundFile="sounds/datsun.xml"/>
		<dashboards>
            <dashboard displayType="ANIMATION" valueType="rpm"   animName="rpmDisplay"   minValueAnim="0" maxValueAnim="3000" groups="MOTOR_ACTIVE"/>
            <dashboard displayType="ANIMATION" valueType="speed" animName="speedDisplay" minValueAnim="0" maxValueAnim="150"  groups="MOTOR_ACTIVE"/>
        </dashboards>

    </motorized>
    
	<drivable>
        <sounds>
            <waterSplash template="WATER_SPLASH_01"/>
        </sounds>
        <steeringWheel node="0>7|0|0" indoorRotation="160" outdoorRotation="60"/>
    </drivable>
    
	<suspensions>
        <suspension useCharacterTorso="true" weight="90" minRotation="0 -5 -5" maxRotation="0 5 5" suspensionParametersY="7 1" suspensionParametersZ="7 1"/>
    </suspensions>

    <fillUnit>
        <fillUnitConfigurations>
            <fillUnitConfiguration>
                <fillUnits>
                    <fillUnit unit="$l10n_unit_literShort" showOnHud="false" showInShop="false" fillTypes="diesel" capacity="60"/>
                </fillUnits>
            </fillUnitConfiguration>
        </fillUnitConfigurations>
    </fillUnit>
	
	<cylindered>
        <movingTools>
     		<movingTool node="0>0" playSound="false" wheelIndices="1 2">
                <controls axis="AXIS_FRONTLOADER_ARM" invertAxis="true" mouseSpeedFactor="0.4" iconName="CRANE_ARM2_ROTATE_TOOL"/>
                <rotation rotSpeed="10" rotAcceleration="120" rotMax="1" rotMin="-0.8"/>
            </movingTool>
			<movingTool node="0>1" playSound="false" wheelIndices="3 4">
                <controls axis="AXIS_FRONTLOADER_ARM2" invertAxis="true" mouseSpeedFactor="0.4" iconName="CRANE_ARM2_ROTATE_TOOL"/>
                <rotation rotSpeed="10" rotAcceleration="120" rotMax="0.8" rotMin="-1"/>
            </movingTool>
        </movingTools>
	</cylindered>
    
	<animations>
        <animation name="rpmDisplay">
            <part node="0>2|22|0|0" startTime="0" endTime="1" startRot="0 0 0" endRot="0 0 200" />
        </animation>
        <animation name="speedDisplay">
            <part node="0>2|21|0|0" startTime="0" endTime="1" startRot="0 0 0" endRot="0 0 155"/>
        </animation>
        <animation name="wiperFrontAnimation">
            <part node="0>3|0|0"  startTime="0" endTime="0.6" startRot="0 0 0" endRot="0 -80 0" />
            <part node="0>3|0|0"  startTime="0.6" endTime="1.2" startRot="0 -80 0" endRot="0 0 0" />
            <part node="0>3|1|0"  startTime="0" endTime="0.6" startRot="-18 0 0" endRot="0 -80 0" />
            <part node="0>3|1|0"  startTime="0.6" endTime="1.2" startRot="0 -80 0" endRot="-18 0 0" />
        </animation>
    </animations>

    <wipers>
        <wiper animName="wiperFrontAnimation" >
            <state animSpeed="0.5" animPause="2.0" />
            <state animSpeed="0.5" animPause="0.0" />
            <state animSpeed="0.9" animPause="0.0" />
        </wiper>
    </wipers>

	<dashboard>
        <groups>
            <group name="MOTOR_STARTING" isMotorStarting="true"/>
            <group name="MOTOR_ACTIVE"   isMotorStarting="true" isMotorRunning="true"/>
        </groups>
    </dashboard>

	<honk>
        <sound template="HONK_CASEIH_MAXXUM"/>
    </honk>
    
	<ai>
        <collisionTrigger node="0>12|0"/>
    </ai>
    
	<foliageBending>
        <bendingNode minX="-1.0" maxX="1.0" minZ="-1.9" maxZ="3.2" yOffset="0.2"/>
    </foliageBending>
    
	<designConfigurations>
       <designConfiguration name="bumper" price="0">
            <objectChange node="0>2|36" visibilityActive="true" />
            <objectChange node="0>2|37" visibilityActive="true" />
        </designConfiguration>
	   <designConfiguration name="no bumper" price="0">
            <objectChange node="0>2|36" visibilityActive="false" />
            <objectChange node="0>2|37" visibilityActive="false" />
        </designConfiguration>
	</designConfigurations>

	<FrontOffsetConfigurations>
        <FrontOffsetConfiguration name="stock" price="0"/>
        <FrontOffsetConfiguration name="+1" price="50">
            <objectChange node="0>0|0" translationActive="0.844 0.225 3.619" />
            <objectChange node="0>0|1" translationActive="-0.844 0.225 3.619" />
        </FrontOffsetConfiguration>
	    <FrontOffsetConfiguration name="+2" price="50">
            <objectChange node="0>0|0" translationActive="0.869 0.225 3.619" />
            <objectChange node="0>0|1" translationActive="-0.869 0.225 3.619" />
        </FrontOffsetConfiguration>
	    <FrontOffsetConfiguration name="+3" price="50">
            <objectChange node="0>0|0" translationActive="0.894 0.225 3.619" />
            <objectChange node="0>0|1" translationActive="-0.894 0.225 3.619" />
        </FrontOffsetConfiguration>
	</FrontOffsetConfigurations>

	<RearOffsetConfigurations>
        <RearOffsetConfiguration name="stock" price="0"/>
        <RearOffsetConfiguration name="+1" price="50">
            <objectChange node="0>1|0" translationActive="0.844 0.225 -3.639" />
            <objectChange node="0>1|1" translationActive="-0.844 0.225 -3.639" />
        </RearOffsetConfiguration>
	    <RearOffsetConfiguration name="+2" price="50">
            <objectChange node="0>1|0" translationActive="0.894 0.225 -3.639" />
            <objectChange node="0>1|1" translationActive="-0.894 0.225 -3.639" />
        </RearOffsetConfiguration>
	    <RearOffsetConfiguration name="+3" price="50">
            <objectChange node="0>1|0" translationActive="0.944 0.225 -3.639" />
            <objectChange node="0>1|1" translationActive="-0.944 0.225 -3.639" />
        </RearOffsetConfiguration>
	</RearOffsetConfigurations>

	<FenderFlareConfigurations>
        <FenderFlareConfiguration name="none" price="0"/>
        <FenderFlareConfiguration name="small painted" price="500">
            <objectChange node="0>4|0" visibilityActive="true" />
            <objectChange node="0>4|4" visibilityActive="true" />
        </FenderFlareConfiguration>
	    <FenderFlareConfiguration name="small carbon" price="800">
            <objectChange node="0>4|1" visibilityActive="true" />
            <objectChange node="0>4|5" visibilityActive="true" />
        </FenderFlareConfiguration>
	    <FenderFlareConfiguration name="big painted" price="500">
            <objectChange node="0>4|2" visibilityActive="true" />
            <objectChange node="0>4|6" visibilityActive="true" />
        </FenderFlareConfiguration>
	    <FenderFlareConfiguration name="big carbon" price="1000">
            <objectChange node="0>4|3" visibilityActive="true" />
            <objectChange node="0>4|7" visibilityActive="true" />
        </FenderFlareConfiguration>
	</FenderFlareConfigurations>

	<spoilerConfigurations>
        <spoilerConfiguration name="none" price="0"/>
        <spoilerConfiguration name="small painted wing" price="200">
            <objectChange node="0>4|9" visibilityActive="true" />
        </spoilerConfiguration>
	    <spoilerConfiguration name="small carbon wing" price="400">
            <objectChange node="0>4|10" visibilityActive="true" />
        </spoilerConfiguration>
	    <spoilerConfiguration name="big painted wing" price="300">
            <objectChange node="0>4|11" visibilityActive="true" />
        </spoilerConfiguration>
	    <spoilerConfiguration name="big carbon wing" price="500">
            <objectChange node="0>4|12" visibilityActive="true" />
        </spoilerConfiguration>
	    <spoilerConfiguration name="front valance" price="200">
            <objectChange node="0>4|8" visibilityActive="true" />
        </spoilerConfiguration>
	    <spoilerConfiguration name="valance + small painted wing" price="200">
            <objectChange node="0>4|8" visibilityActive="true" />
            <objectChange node="0>4|9" visibilityActive="true" />
        </spoilerConfiguration>
	    <spoilerConfiguration name="valance + small carbon wing" price="600">
            <objectChange node="0>4|8" visibilityActive="true" />
            <objectChange node="0>4|10" visibilityActive="true" />
        </spoilerConfiguration>
	    <spoilerConfiguration name="valance + big painted wing" price="500">
            <objectChange node="0>4|8" visibilityActive="true" />
            <objectChange node="0>4|11" visibilityActive="true" />
        </spoilerConfiguration>
	    <spoilerConfiguration name="valance + big carbon wing" price="700">
            <objectChange node="0>4|8" visibilityActive="true" />
            <objectChange node="0>4|12" visibilityActive="true" />
        </spoilerConfiguration>
	    <spoilerConfiguration name="valance + 3pcs wing + diffuser" price="1700">
            <objectChange node="0>4|8" visibilityActive="true" />
            <objectChange node="0>4|13" visibilityActive="true" />
            <objectChange node="0>4|14" visibilityActive="true" />
        </spoilerConfiguration>
	</spoilerConfigurations>

	<baseMaterial>
        <material name="body" baseNode="0>2|7">
            <shaderParameter name="colorMat0" value="0.7 0 0.1 32"/>
        </material>
        <material name="chrome" baseNode="0>2|5">
            <shaderParameter name="colorMat0" value="0.8 0.8 0.8 2"/>
        </material>
    </baseMaterial>
	
    <ChromeOrBlackConfigurations price="1000" useDefaultColors="false" defaultColorIndex="2">
        <ChromeOrBlackConfiguration name="chrome"  color="0.8 0.8 0.8" 		material="2"  price="0"/>
		<ChromeOrBlackConfiguration name="black"   color="0 0 0" 		    material="32" price="1000"/>
		<ChromeOrBlackConfiguration name="mate black"   color="0 0 0" 		    material="5" price="1000"/>
		    <material name="chrome" shaderParameter="colorMat0" />
    </ChromeOrBlackConfigurations>

	
	<baseMaterialConfigurations price="0" useDefaultColors="true" >
		<baseMaterialConfiguration 	color="0 0 0 1" 	material="32" price="250"/>
		<baseMaterialConfiguration 	color="0.33 0 0 1" 	material="32" price="250"/>
		<baseMaterialConfiguration 	color="0.66 0 0 1" 	material="32" price="250"/>
		<baseMaterialConfiguration 	color="1 0 0 1" 	material="32" price="250"/>
		
		<baseMaterialConfiguration 	color="0 0.33 0 1" 	material="32" price="250"/>
		<baseMaterialConfiguration 	color="0 0.66 0 1" 	material="32" price="250"/>
		<baseMaterialConfiguration 	color="0 1 0 1" 	    material="32" price="250"/>
		
		<baseMaterialConfiguration 	color="0 0 0.33 1" 	material="32" price="250"/>
		<baseMaterialConfiguration 	color="0 0 0.66 1" 	material="32" price="250"/>
		<baseMaterialConfiguration 	color="0 0 1 1" 	    material="32" price="250"/>
		
		<baseMaterialConfiguration 	color="0.33 0.33 0 1" 	material="32" price="250"/>
		<baseMaterialConfiguration 	color="0.66 0.33 0 1" 	material="32" price="250"/>
		<baseMaterialConfiguration 	color="1 0.33 0 1" 	    material="32" price="250"/>
		
		<baseMaterialConfiguration 	color="0.33 0 0.33 1" 	material="32" price="250"/>
		<baseMaterialConfiguration 	color="0.66 0 0.33 1" 	material="32" price="250"/>
		<baseMaterialConfiguration 	color="1 0 0.33 1" 	    material="32" price="250"/>
		
		<baseMaterialConfiguration 	color="0.33 0.33 0.33 1" 	material="32" price="250"/>
		<baseMaterialConfiguration 	color="0.66 0.33 0.33 1" 	material="32" price="250"/>
		<baseMaterialConfiguration 	color="1 0.33 0.33 1" 	    material="32" price="250"/>
		
		<baseMaterialConfiguration 	color="0.33 0.66 0.33 1" 	material="32" price="250"/>
		<baseMaterialConfiguration 	color="0.66 0.66 0.33 1" 	material="32" price="250"/>
		<baseMaterialConfiguration 	color="1 0.66 0.33 1" 	    material="32" price="250"/>
		
		<baseMaterialConfiguration 	color="0.33 1 0.33 1" 	material="32" price="250"/>
		<baseMaterialConfiguration 	color="0.66 1 0.33 1" 	material="32" price="250"/>
		<baseMaterialConfiguration 	color="1 1 0.33 1" 	    material="32" price="250"/>
		
		<baseMaterialConfiguration 	color="0.33 0 0.66 1" 	material="32" price="250"/>
		<baseMaterialConfiguration 	color="0.66 0 0.66 1" 	material="32" price="250"/>
		<baseMaterialConfiguration 	color="1 0 0.66 1" 	    material="32" price="250"/>
		
		<baseMaterialConfiguration 	color="0.33 0.33 0.66 1" 	material="32" price="250"/>
		<baseMaterialConfiguration 	color="0.66 0.33 0.66 1" 	material="32" price="250"/>
		<baseMaterialConfiguration 	color="1 0.33 0.66 1" 	    material="32" price="250"/>
		
		<baseMaterialConfiguration 	color="0.33 0.66 0.66 1" 	material="32" price="250"/>
		<baseMaterialConfiguration 	color="0.66 0.66 0.66 1" 	material="32" price="250"/>
		<baseMaterialConfiguration 	color="1 0.66 0.66 1" 	    material="32" price="250"/>
		
		<baseMaterialConfiguration 	color="0.33 1 0.66 1" 	material="32" price="250"/>
		<baseMaterialConfiguration 	color="0.66 1 0.66 1" 	material="32" price="250"/>
		<baseMaterialConfiguration 	color="1 1 0.66 1" 	    material="32" price="250"/>
		
		<baseMaterialConfiguration 	color="0.33 0 1 1" 	material="32" price="250"/>
		<baseMaterialConfiguration 	color="0.66 0 1 1" 	material="32" price="250"/>
		<baseMaterialConfiguration 	color="1 0 1 1" 	    material="32" price="250"/>
		
		<baseMaterialConfiguration 	color="0 0.33 1 1" 	material="32" price="250"/>
		<baseMaterialConfiguration 	color="0.33 0.33 1 1" 	material="32" price="250"/>
		<baseMaterialConfiguration 	color="0.66 0.33 1 1" 	material="32" price="250"/>
		<baseMaterialConfiguration 	color="1 0.33 1 1" 	    material="32" price="250"/>
		
		<baseMaterialConfiguration 	color="0 0.66 1 1" 	material="32" price="250"/>
		<baseMaterialConfiguration 	color="0.33 0.66 1 1" 	material="32" price="250"/>
		<baseMaterialConfiguration 	color="0.66 0.66 1 1" 	material="32" price="250"/>
		<baseMaterialConfiguration 	color="1 0.66 1 1" 	    material="32" price="250"/>
		
		<baseMaterialConfiguration 	color="0 1 1 1" 	material="32" price="250"/>
		<baseMaterialConfiguration 	color="0.33 1 1 1" 	material="32" price="250"/>
		<baseMaterialConfiguration 	color="0.66 1 1 1" 	material="32" price="250"/>
		<baseMaterialConfiguration 	color="1 1 1 1" 	    material="32" price="250"/>
		
		<baseMaterialConfiguration 	color="0.15 0 0 1" 	    material="32" price="250"/>
		<baseMaterialConfiguration 	color="0 0.15 0 1" 	    material="32" price="250"/>
		<baseMaterialConfiguration 	color="0 0 0.15 1" 	    material="32" price="250"/>
		<baseMaterialConfiguration 	color="0.15 0.15 0 1" 	    material="32" price="250"/>
		<baseMaterialConfiguration 	color="0 0.15 0.15 1" 	    material="32" price="250"/>
		<baseMaterialConfiguration 	color="0.15 0 0.15 1" 	    material="32" price="250"/>
		<baseMaterialConfiguration 	color="0.05 0 0 1" 	    material="32" price="250"/>
		<baseMaterialConfiguration 	color="0 0.05 0 1" 	    material="32" price="250"/>
		<baseMaterialConfiguration 	color="0 0 0.05 1" 	    material="32" price="250"/>
		<baseMaterialConfiguration 	color="0.05 0.05 0 1" 	    material="32" price="250"/>
		<baseMaterialConfiguration 	color="0 0.05 0.05 1" 	    material="32" price="250"/>
		<baseMaterialConfiguration 	color="0.05 0 0.05 1" 	    material="32" price="250"/>
		<baseMaterialConfiguration 	color="0.1 0.1 0.25 1" 	    material="32" price="250"/>
		<baseMaterialConfiguration 	color="0.1 0.25 0.1 1" 	    material="32" price="250"/>
		<baseMaterialConfiguration 	color="0.25 0.1 0.1 1" 	    material="32" price="250"/>
		
		<baseMaterialConfiguration 	color="0 0 0 1" 	            material="5" price="250"/>
		<baseMaterialConfiguration 	color="0.13 0.13 0.13 1" 	    material="5" price="250"/>
		
			<material name="body" shaderParameter="colorMat0"/>
    </baseMaterialConfigurations>
	
	<rimColorConfigurations useDefaultColors="true" price="0" defaultColorIndex="9">
		<rimColorConfiguration name="SILVER" 		color="SHARED_GREY2" 			material="27" price="200"/>
		<rimColorConfiguration name="BLACK CHERRY" 	color="0.010 0 0 1" 			material="27" price="200"/>
		<rimColorConfiguration name="ICONIK BLUE" 	color="FENDT_VIOLET1" 			material="27" price="200"/>
		<rimColorConfiguration name="EXLEYS CHOICE" color="0.041 0.245 0.223 1.0" 	material="27" price="200"/>
		<rimColorConfiguration name="MIDNIGHT BLUE" color="0.001 0 0.015 1" 		material="27" price="200"/>
		<rimColorConfiguration name="BURNT ORANGE" 	color="0.5 0.08 0.0046 1" 		material="27" price="200"/>
		
		<rimColorConfiguration name="SILVER GLOSS" 		color="SHARED_GREY2" 			material="32" price="200"/>
		<rimColorConfiguration name="BLACK CHERRY GLOSS" 	color="0.010 0 0 1" 			material="32" price="200"/>
		<rimColorConfiguration name="ICONIK BLUE GLOSS" 	color="FENDT_VIOLET1" 			material="32" price="200"/>
		<rimColorConfiguration name="EXLEYS CHOICE GLOSS" color="0.041 0.245 0.223 1.0" 	material="32" price="200"/>
		<rimColorConfiguration name="MIDNIGHT BLUE GLOSS" color="0.001 0 0.015 1" 		material="32" price="200"/>
		<rimColorConfiguration name="BURNT ORANGE GLOSS" 	color="0.5 0.08 0.0046 1" 		material="32" price="200"/>
		
		<rimColorConfiguration name="CHROME" 		color="SHARED_WHITE2"		material="2" price="200"/>
		<rimColorConfiguration name="GOLD" 			color="KRONE_YELLOW1" 		material="2" price="200"/>
		<rimColorConfiguration name="BLACK CHROME" 	color="SHARED_BLACK2" 		material="2" price="200"/>
		
		<rimColorConfiguration name="SILVER METALFLAKE"  color="SHARED_WHITE2" 		material="9" price="200"/>
		<rimColorConfiguration name="GOLD METALFLAKE" 	color="KRONE_YELLOW1"		material="9" price="200"/>
		<rimColorConfiguration name="BLACK METALFLAKE" 	color="SHARED_BLACK2" 		material="9" price="200"/>
		<rimColorConfiguration name="RED METALFLAKE" 	color="CASEIH_RED1" 		material="9" price="200"/>
		<rimColorConfiguration name="BLUE METALFLAKE" 	color="NEWHOLLAND_BLUE1" 	material="9" price="200"/>
		<rimColorConfiguration name="GREEN METALFLAKE" 	color="KRONE_GREEN1" 		material="9" price="200"/>
		<rimColorConfiguration name="YELLOW METALFLAKE" color="JOHNDEERE_YELLOW1"	material="9" price="200"/>
		<rimColorConfiguration name="ORANGE METALFLAKE" color="0.5 0.08 0.0046 1" 	material="9" price="200"/>
		
		<rimColorConfiguration name="WHITE METALIC"  	color="SHARED_WHITE2" 		material="27" price="200"/>
		<rimColorConfiguration name="TAN METALIC " 		color="KRONE_YELLOW1"		material="27" price="200"/>
		<rimColorConfiguration name="BLACK METALIC" 	color="SHARED_BLACK2" 		material="27" price="200"/>
		<rimColorConfiguration name="RED METALIC" 		color="CASEIH_RED1" 		material="27" price="200"/>
		<rimColorConfiguration name="BLUE METALIC" 		color="NEWHOLLAND_BLUE1" 	material="27" price="200"/>
		<rimColorConfiguration name="GREEN METALIC" 	color="KRONE_GREEN1" 		material="27" price="200"/>
		<rimColorConfiguration name="YELLOW METALIC" 	color="JOHNDEERE_YELLOW1"	material="27" price="200"/>
		<rimColorConfiguration name="ORANGE METALIC" 	color="STARA_ORANGE" 		material="27" price="200"/>
		
		<rimColorConfiguration name="WHITE GLOSS"  	color="SHARED_WHITE2" 		material="32" price="200"/>
		<rimColorConfiguration name="TAN GLOSS " 		color="KRONE_YELLOW1"		material="32" price="200"/>
		<rimColorConfiguration name="BLACK GLOSS" 	color="SHARED_BLACK2" 		material="32" price="200"/>
		<rimColorConfiguration name="RED GLOSS" 		color="CASEIH_RED1" 		material="32" price="200"/>
		<rimColorConfiguration name="BLUE GLOSS" 		color="NEWHOLLAND_BLUE1" 	material="32" price="200"/>
		<rimColorConfiguration name="GREEN GLOSS" 	color="KRONE_GREEN1" 		material="32" price="200"/>
		<rimColorConfiguration name="YELLOW GLOSS" 	color="JOHNDEERE_YELLOW1"	material="32" price="200"/>
		<rimColorConfiguration name="ORANGE GLOSS" 	color="STARA_ORANGE" 		material="32" price="200"/>
		
		<rimColorConfiguration name="WHITE MATTE"  	color="SHARED_WHITE2" 		material="5" price="200"/>
		<rimColorConfiguration name="TAN MATTE" 	color="KRONE_YELLOW1"		material="5" price="200"/>
		<rimColorConfiguration name="BLACK MATTE" 	color="SHARED_BLACK2" 		material="5" price="200"/>
		<rimColorConfiguration name="RED MATTE" 	color="CASEIH_RED1" 		material="5" price="200"/>
		<rimColorConfiguration name="BLUE MATTE" 	color="NEWHOLLAND_BLUE1" 	material="5" price="200"/>
		<rimColorConfiguration name="GREEN MATTE" 	color="KRONE_GREEN1" 		material="5" price="200"/>
		<rimColorConfiguration name="YELLOW MATTE" 	color="JOHNDEERE_YELLOW1"	material="5" price="200"/>
		<rimColorConfiguration name="ORANGE MATTE" 	color="STARA_ORANGE" 		material="5" price="200"/>
		
	</rimColorConfigurations>
	
	<silencerConfigurations>
	    <silencerConfiguration name="stock" price="0">
            <objectChange node="0>10|1" visibilityActive="true" />>
	    </silencerConfiguration>
	    <silencerConfiguration name="classic twin tip" price="500">
            <objectChange node="0>10|2" visibilityActive="true" />>
	    </silencerConfiguration>
	    <silencerConfiguration name="4.5 inch muffler" price="500">
            <objectChange node="0>10|3" visibilityActive="true" />>
	    </silencerConfiguration>
	</silencerConfigurations>
	
	<tensionBeltObject>
        <meshNodes>
            <meshNode node="0>13|0"/>
        </meshNodes>
    </tensionBeltObject>

    <wearable wearDuration="6000" workMultiplier="5" fieldMultiplier="2"/>
    <washable dirtDuration="90" washDuration="1" workMultiplier="3" fieldMultiplier="2"/>

</vehicle>
