﻿<?xml version="1.0" encoding="utf-8" standalone="no" ?>
<modDesc descVersion="46">
    <author>SebCroteau/ d-troxx from beam ng for the old advan wheels</author>
    <version>1.0.0.0</version>
    <iconFilename>240z.dds</iconFilename>
    <storeItems>
        <storeItem xmlFilename="240z.xml"/>
    </storeItems>

    <multiplayer supported="true"/>

    <vehicleTypes>
        <type name="240Z" parent="carFillable" className="Vehicle" filename="$dataS/scripts/vehicles/Vehicle.lua">
            <specialization name="tensionBeltObject"/>
        	<specialization name="addConfig"/>
			<!-- specialization name="engineSounds"/ -->
			<!-- specialization name="cover"/ -->
		</type>
    </vehicleTypes>
	
    <title>
        <en>240z</en>
        <fr>240z</fr>
        <de>240z</de>
    </title>
    <description>
        <en>datsun 240z</en>
    </description>
	<brands>
        <brand name="DATSUN" title="DATSUN" image="brand_DATSUN.dds" />
        <brand name="14_INCHES" title="14_INCHES" image="brand_14_INCHES.dds" />
        <brand name="15_INCHES" title="15_INCHES" image="brand_15_INCHES.dds" />
        <brand name="16_INCHES" title="16_INCHES" image="brand_16_INCHES.dds" />
    </brands>
	<specializations>
		<specialization name="addConfig" className="AddConfig" filename="AddConfig.lua"/>
		<!-- specialization name="engineSounds" className="engineSounds" filename="engineSounds.lua"/ -->
	</specializations>
	<newConfigurations>
		<newConfiguration configName="ChromeOrBlack" isColorConfig="true" />
		<newConfiguration configName="FrontOffset"   isColorConfig="false" />
		<newConfiguration configName="RearOffset"    isColorConfig="false" />
		<newConfiguration configName="FenderFlare"   isColorConfig="false" />
		<newConfiguration configName="spoiler"          isColorConfig="false" />
		<newConfiguration configName="Silencer"          isColorConfig="false" />
	</newConfigurations>
	<l10n>
		<text name="configuration_ChromeOrBlack">
			<en>Chrome Or Black Trim</en>
		</text>
		<text name="configuration_FrontOffset">
			<en>front wheels offset</en>
		</text>
		<text name="configuration_RearOffset">
			<en>rear wheels offset</en>
		</text>
		<text name="configuration_FenderFlare">
			<en>Fender Flare</en>
		</text>
		<text name="configuration_spoiler">
			<en>spoiler</en>
		</text>
		<text name="configuration_silencer">
			<en>silencer</en>
		</text>
	</l10n>
	
</modDesc>
