﻿<?xml version="1.0" encoding="utf-8" standalone="no" ?>
<modDesc descVersion="51">
    <author>SiiD Modding</author>
	<contributors>KarlFarms, Thundr's, Custom Modding, Młody98, Steenkamp modding</contributors>
    <version>1.0.0.2</version>
    <title>
		<en>John Deere 7R,8R,8RT,8RX 2020 US-Version</en>
    </title>
    <description>
        <en>
<![CDATA[John Deere 7R,8R,8RT,8RX 2020 US-Version

-7 Series
Available Models:
7R 210, 7R 230, 7R 250, 7R 270, 7R 290, 7R 310, 7R 330

-8 Series
Available Models:
8R 230, 8R 250, 8R 280, 8R 310, 8RT 310, 8RX 310, 8R 340, 8RT 340, 8RX 340, 8R 370, 8RT 370, 8RX 370, 8R 410, 8RT 410, 8RX 410

-ILS system
-Frontweight configurations
-Engine configurations of 210 hp - 410 hp
-North American Tire configurations
-Rear Hitch with 3-point Fastcoupling
-Price 319.000$
-Additional screen

With more power, versatility and durability than any generation of 7 and 8 Series tractor before it 
and the built-in precision ag technology to deliver the most integrated experience an operator can have, 
these are the high-horsepower row-crop tractors to lead us into the next 100 years. 
The next leap forward in brains, brawn and beauty in a 230 to 410 hp tractor. 

Changelog 1.0.0.1
- Improvement of the 3D model
- Improved driving physics in the 8RX
- Added animation for opening doors in 7R, 8R, 8RT
- Addition of cab lights
- Joystick animations added in 7R, 8R, 8RT and 8RX
- Addition of gearboxes (changes can be seen when selecting the engine configuration)
- Addition of a 3 point hitch at the front
- Adding lighter panes as options + adding their glazing selection configuration in 7R, 8R, 8RT
- Adding new wheels
- Addition of new 3D model tracks by SiiD modding in 8RX US version
- Adding new tracks setup in 8RX
- Added ladder folding animation in 8RT
- Addition of a movable seat rotating 30 degrees to the right
- Improvement of the lights on the hood on the 8R, 8RT, 8RX
- Improved the hood model in the 7R
- Added version 350 to the 7R
- Improved connection hoses in 8RX
- Adding rightpipe and front and back connector on 7R, 8R, 8RT, 8RX
- Engine start animations (switching on screens)
- Addition of new joysticks, and a reverse joystick
- Addition of an additional joystick when selecting the 3-point front hitch
]]>
        </en>
        <de>
<![CDATA[John Deere 7R,8R,8RT,8RX 2020 US-Version

-7 Serie
Verfugbare Modelle:
7R 210, 7R 230, 7R 250, 7R 270, 7R 290, 7R 310, 7R 330

-8 Serie
Verfugbare Modelle:
8R 230, 8R 250, 8R 280, 8R 310, 8RT 310, 8RX 310, 8R 340, 8RT 340, 8RX 340, 8R 370, 8RT 370, 8RX 370, 8R 410, 8RT 410, 8RX 410

- ILS-System
- Frontgewicht Konfigurationen
- Motorkonfigurationen von 210 PS - 410 PS
- Nordamerikanische Reifenkonfigurationen
- Heckkupplung mit 3-Punkt-Schnellkupplung
- Preis 319.000 €
-Zusätzlicher Bildschirm

Mit mehr Leistung, Vielseitigkeit und Langlebigkeit als jede andere Generation von Traktoren der 7 und 8er-Serie zuvor
und die eingebaute Precision AG-Technologie, um die bestmögliche Erfahrung zu bieten, die ein Bediener haben kann,
Dies sind die Hochleistungs-Reihenfruchttraktoren, die uns in die nächsten 100 Jahre führen.
Der nächste Sprung nach vorne in Sachen Gehirn, Muskeln und Schönheit in einem 230 bis 410 PS starken Traktor.

Änderungsprotokoll 1.0.0.1
- Verbesserung des 3D-Modells
- Verbesserte Fahrphysik im 8RX
- Animation zum Öffnen von Türen in 7R, 8R, 8RT hinzugefügt
- Hinzufügen von Kabinenlichtern
- Joystick-Animationen in 7R, 8R, 8RT und 8RX hinzugefügt
- Hinzufügen von Getrieben (Änderungen können bei der Auswahl der Motorkonfiguration gesehen werden)
- Hinzufügen einer 3-Punkt-Anhängerkupplung vorne
- Hinzufügen hellerer Scheiben als Optionen + Hinzufügen der Verglasungsauswahlkonfiguration in 7R, 8R, 8RT
- Hinzufügen neuer Räder
- Hinzufügen neuer 3D-Modellspuren durch SiiD-Modding in der 8RX US-Version
- Hinzufügen neuer Tracks in 8RX
- In 8RT wurde eine Animation zum Falten der Leiter hinzugefügt
- Hinzufügen eines beweglichen Sitzes, der sich um 30 Grad nach rechts dreht
- Verbesserung der Lichter an der Motorhaube des 8R, 8RT, 8RX
- Das Haubenmodell im 7R wurde verbessert
- Version 7 zum 7R hinzugefügt
- Verbesserte Verbindungsschläuche in 8RX
- Hinzufügen des rechten Rohrs sowie des vorderen und hinteren Anschlusses an 7R, 8R, 8RT, 8RX
- Motorstartanimationen (Einschalten von Bildschirmen)
- Hinzufügen neuer Joysticks und eines umgekehrten Joysticks
- Hinzufügen eines zusätzlichen Joysticks bei Auswahl der 3-Punkt-Frontkupplung
]]>
        </de>
    </description>
    <iconFilename>icon_8R_series_2020.dds</iconFilename>
    <multiplayer supported="true" />

    <storeItems>
		 <storeItem rootNode="vehicle" xmlFilename="7Rseries.xml"/>
         <storeItem rootNode="vehicle" xmlFilename="8Rseries.xml"/>
		 <storeItem rootNode="vehicle" xmlFilename="8RTseries.xml"/>
		 <storeItem rootNode="vehicle" xmlFilename="8RXseries.xml"/>
    </storeItems>
	
	<vehicleTypes>
        <type name="tractor8rUS" parent="baseDrivable" className="Vehicle" filename="$dataS/scripts/vehicles/Vehicle.lua" >
			<specialization name="foldable" />
			<specialization name="cover" />
			<specialization name="tensionBelts" />
			<specialization name="trailer" />
			<specialization name="fillVolume" />
			<specialization name="dischargeable" />
        </type>

    </vehicleTypes>
	
		<brands>
        <brand name="80INCH" title="2m (80'')" image="$data/store/brands/brand_johnDeere.dds"/>
        <brand name="92INCH" title="2.3m (92'')" image="$data/store/brands/brand_johnDeere.dds"/>
		<brand name="104INCH" title="2.6m (104'')" image="$data/store/brands/brand_johnDeere.dds"/>
        <brand name="120INCH" title="3m (120'')" image="$data/store/brands/brand_johnDeere.dds"/>
		<brand name="MICHELIN" title="Michelin" image="$data/store/brands/brand_lizard.dds"/>
    </brands>
	
	<l10n>
		<text name="configuration_FR"><en>30" 480/80R50</en><de>30" 480/80R50</de><fr>30" 480/80R50</fr><pl>30" 480/80R50</pl></text>
		<text name="configuration_FR_WHEIGHT"><en>30" 480/80R50 Weights</en><de>30" 480/80R50 Gewichte</de><fr>30" 480/80R50 Poids</fr><pl>30" 480/80R50 Obciaznik</pl></text>
		<text name="configuration_FR_DUAL"><en>30" 480/80R50 Dual</en><de>30" 480/80R50 Doppel</de><fr>30" 480/80R50 Double</fr><pl>30" 480/80R50 blizniaki</pl></text>
		<text name="configuration_FR_BACKDUAL"><en>30" 480/80R50 Back Dual</en><de>30" 480/80R50 Hinten Doppel</de><fr>30" 480/80R50 Double Poids</fr><pl>30" 480/80R50 blizniaki tylnie</pl></text>
		<text name="configuration_FR_DUALW"><en>30" 480/80R50 Dual</en><de>30" 480/80R50 Doppel</de><fr>30" 480/80R50 Double</fr><pl>30" 480/80R50 blizniaki</pl></text>
		<text name="configuration_FR_BACKDUALW"><en>30" 480/80R50 Back Dual</en><de>30" 480/80R50 Hinten Doppel</de><fr>30" 480/80R50 Double Poids</fr><pl>30" 480/80R50 blizniaki tylnie</pl></text>
		<text name="configuration_L_F"><en>1100/45R46</en><de>1100/45R46</de><fr>1100/45R46</fr><pl>1100/45R46</pl></text>
		<text name="configuration_L_W_F"><en>1100/45R46 Weights</en><de>1100/45R46 Gewichte</de><fr>1100/45R46 Poids</fr><pl>1100/45R46 Obciaznik</pl></text>
		<text name="configuration_fenders"><en>Fenders</en><de>Kotflügel</de><fr>Ailes</fr><pl>Blotniki</pl></text>
		<text name="configuration_fendersB"><en>Basic</en><de>Standard</de><fr>De base</fr><pl>Podstawowe</pl></text>
		<text name="configuration_fendersFF"><en>Front Fenders</en><de>Kotflügel vorne</de><fr>Ailes avant</fr><pl>Przednie Blotniki</pl></text>
		<text name="configuration_fendersAF"><en>All Fenders</en><de>Kotflügel</de><fr>Tous les ailes</fr><pl>Wszystkie blotniki</pl></text>
		<text name="configuration_fendersBF"><en>Back Fenders</en><de>Kotflügel hinten</de><fr>Tous les ailes</fr><pl>Tylne błotniki</pl></text>
		<text name="configuration_front"><en>Front Configurations</en><de>Vordere Konfigurationen</de><fr>Configurations Avant</fr><pl>Konfiguracje z przodu</pl></text>
		<text name="configuration_holder"><en>Weight Holder</en><de>Gewichtshalter</de><fr>Porte-poids</fr><pl>Uchwyt na ciezar</pl></text>
		<text name="configuration_weights"><en>Frontweight</en><de>VorderseiteGewicht</de><fr>Poidsavant</fr><pl>PrzedniCiezar</pl></text>
		<text name="configuration_frontweight"><en>Front Weight</en><de>Vorderseite Gewicht</de><fr>Poids avant</fr><pl>Przedni Ciezar</pl></text>
		<text name="configuration_frontBracket"><en>Front Bracket</en><de>Vorderseite Halterung</de><fr>Support avant</fr><pl>Przedni wspornik</pl></text>
		<text name="configuration_frontWeight300"><en>Front Weight 300kg</en><de>Vorderseite Gewicht 300kg</de><fr>Poids avant 300 kg</fr><pl>Przedni ciezar 300 kg</pl></text>
		<text name="configuration_frontWeight500"><en>Front Weight 500kg</en><de>Vorderseite Gewicht 500kg</de><fr>Poids avant 500 kg</fr><pl>Przedni ciezar 500 kg</pl></text>
		<text name="configuration_frontWeight700"><en>Front Weight 700kg</en><de>Vorderseite Gewicht 700kg</de><fr>Poids avant 700 kg</fr><pl>Przedni ciezar 700 kg</pl></text>
		<text name="configuration_frontWeight1100"><en>Front Weight 1100kg</en><de>Vorderseite Gewicht 1100kg</de><fr>Poids avant 1100 kg</fr><pl>Przedni ciezar 1100 kg</pl></text>
		<text name="configuration_screen"><en>Screen selections</en><de>Bildschirmauswahl</de><fr>Sélections d ecran</fr><pl>Wybor ekranow</pl></text>
		<text name="configuration_screen_no"><en>No screen</en><de>Kein Bildschirm</de><fr>Pas d ecran</fr><pl>Brak ekranu</pl></text>
		<text name="configuration_screen_yes"><en>Additional screen</en><de>Zusätzlicher Bildschirm</de><fr>Ecran supplementaire</fr><pl>Dodatkowy ekran</pl></text>
		<text name="configuration_grid"><en>Protection Grid</en><de>Schutzgitter</de><fr>Grille de Protection</fr><pl>Ochrona Przednia</pl></text>
		<text name="configuration_M"><en>30" 480/80R50</en><de>30" 480/80R50</de><fr>30" 480/80R50</fr><pl>30" 480/80R50</pl></text>
		<text name="configuration_M_WHEIGHT"><en>30" 480/80R50 Weights</en><de>30" 480/80R50 Gewichte</de><fr>30" 480/80R50 Poids</fr><pl>30" 480/80R50 Obciaznik</pl></text>
		<text name="configuration_M_BACKDUAL"><en>30" 480/80R50 Dual</en><de>30" 480/80R50 Doppel</de><fr>30" 480/80R50 Double</fr><pl>30" 480/80R50 blizniaki</pl></text>
		<text name="configuration_M_BACKDUALW"><en>30" 480/80R50 Dual Weights</en><de>30" 480/80R50 Doppel Gewichte</de><fr>30" 480/80R50 Double Poids</fr><pl>30" 480/80R50 blizniaki tylnie</pl></text>
		<text name="configuration_M_DUAL"><en>30" 480/80R50 Dual </en><de>30" 480/80R50 Doppel </de><fr>30" 480/80R50 Double </fr><pl>30" 480/80R50 blizniaki</pl></text>
		<text name="configuration_M_DUALW"><en>30" 480/80R50 Dual Weights</en><de>30" 480/80R50 Doppel Gewichte</de><fr>30" 480/80R50 Double Poids</fr><pl>30" 480/80R50 blizniaki tylnie</pl></text>
		<text name="configuration_podstawowe"><en>Basic Wheels</en><de>Grundrader</de><fr>Pneus de base</fr><pl>Podstawowe Kola</pl></text>
		<text name="configuration_szerokie"><en>Wide tires</en><de>Breite Reifen</de><fr>Pneus larges</fr><pl>Szerokie opony</pl></text>
		<text name="configuration_blizniaki"><en>Double tires</en><de>Doppelreifen</de><fr>Pneus doubles</fr><pl>Podwojne opony</pl></text>
		<text name="configuration_frontAttach"><en>Front Attachment</en><de>Frontaufsatz</de><fr>Fixation avant</fr><pl>Przedni załącznik</pl></text>
		<text name="configuration_QuickHitch"><en>Quick Hitch</en><de>Schnelle Anhängerkupplung</de><fr>Attelage rapide</fr><pl>Szybki zaczep</pl></text>
		<text name="configuration_MoreWeights"><en>More Weights</en><de>Mehr Gewichte</de><fr>Plus de poids</fr><pl>Wiecej obciazenia</pl></text>
		<text name="configuration_triangle_warning"><en>Triangle warning sign</en><pl>trojkat ostrzegawczy</pl><de>Dreieck Warnzeichen</de></text>
		<text name="configuration_position_one"><en>Position one</en><pl>Pozycja pierwsza</pl><de>Position eins</de></text>
		<text name="configuration_position_two"><en>Position two</en><pl>Pozycja druga</pl><de>Position zwei</de></text>
		<text name="configuration_position_one_OVERSIZE"><en>Position one OVERSIZE</en><pl>Pozycja pierwsza OVERSIZE</pl><de>Position eins OVERSIZE</de></text>
		<text name="configuration_position_two_OVERSIZE"><en>Position two OVERSIZE</en><pl>Pozycja druga OVERSIZE</pl><de>Position zwei OVERSIZE</de></text>
	</l10n>	
</modDesc>
