﻿<?xml version="1.0" encoding="utf-8" standalone="no" ?>
<vehicle type="HeavyDuty_Plow">
    <annotation>Copyright (C) GIANTS Software GmbH, All Rights Reserved.</annotation>

    <storeData>
        <name>EXP19 HeavyDuty Snow Plow</name>
        <specs>
            <workingWidth>3.8</workingWidth>
        </specs>
        <functions>
            <function>$l10n_function_leveler</function>
        </functions>
        <image>store_HeavyDuty_Plow.dds</image>
        <price>2450</price>
        <lifetime>600</lifetime>
        <rotation>0</rotation>
        <brand>DUEVELSDORF</brand>
        <category>misc</category>
        <vertexBufferMemoryUsage>299540</vertexBufferMemoryUsage>
        <indexBufferMemoryUsage>75588</indexBufferMemoryUsage>
        <textureMemoryUsage>1922544</textureMemoryUsage>
        <instanceVertexBufferMemoryUsage>0</instanceVertexBufferMemoryUsage>
        <instanceIndexBufferMemoryUsage>0</instanceIndexBufferMemoryUsage>
    </storeData>

    <base>
        <typeDesc>$l10n_typeDesc_leveler</typeDesc>
        <filename>HeavyDuty_SnowPlow.i3d</filename>
        <size width="4.5" length="1.5" />
        <components>
            <component centerOfMass="0 0.3 0" solverIterationCount="20" mass="630" />
        </components>
        <schemaOverlay attacherJointPosition="0 0">
            <default name="DEFAULT_IMPLEMENT"/>
            <selected name="DEFAULT_IMPLEMENT_SELECTED"/>
        </schemaOverlay>
    </base>
	
<!-- 	 <lights>
        <realLights>
            <low>
                <light node="highBeamHigh" lightTypes="1"/>
            </low>
            <high>
                <light node="highBeamHigh" lightTypes="1"/>
            </high>
        </realLights>
        <defaultLights>
            <defaultLight shaderNode="0>0|2|1" lightTypes="1" intensity="34"/>
			<defaultLight shaderNode="0>0|2|0|0" lightTypes="2" intensity="34"/>
        </defaultLights>
    </lights> -->

    <attachable>
        <inputAttacherJoints>
            <inputAttacherJoint node="attacherJoint" jointType="skidSteer"/>
        </inputAttacherJoints>		
		<support animationName="moveSupport"/>
    </attachable>

    <animations>
        <animation name="moveSupport">
            <part node="col_Frame" startTime="0" endTime="0.2" startTrans="0 -0.193 0.453" endTrans="0 -0.614 0.453" />
			
			<part node="Side_Supports_Extension" startTime="0" endTime="0.2" startTrans="0 0.256 0" endTrans="0 0 0" />
			<part node="Side_Supports" startTime="0.1" endTime="0.4" startRot="180 0 0" endRot="37.469 0 0" />
        </animation>
    </animations>

    <fillUnit>
        <fillUnitConfigurations>
            <fillUnitConfiguration>
                <fillUnits>
                    <fillUnit unit="$l10n_unit_literShort" fillTypeCategories="bulk windrow" capacity="8000" showInShop="false"/>
                </fillUnits>
            </fillUnitConfiguration>
        </fillUnitConfigurations>
    </fillUnit>
	
	<snowPlow fillUnitIndex="1" pickUpDirection="1">
        <nodes>
            <node node="snowPickupNode" rotDependentNode="Blade_Mount" rotThreshold="10" width="4.3" minDropWidth="3" maxDropWidth="6" tipOffset="0.45"/>
        </nodes>

        <effects>
            <effectNode effectNode="effectMesh" materialType="unloading" materialTypeId="1" maxBending="0.8"/>
            <effectNode effectClass="ParticleEffect" effectNode="emitShape" particleType="SNOW" emitCountScale="2" worldSpace="false"/>
            <effectNode effectClass="ParticleEffect" effectNode="emitShapeChunks" particleType="SNOW_CHUNKS" emitCountScale="2" worldSpace="false"/>
            <effectNode effectClass="ParticleEffect" effectNode="emitShapeChunksBig" particleType="SNOW_BIG_CHUNKS" emitCountScale="1" worldSpace="false"/>
            <effectNode effectClass="ParticleEffect" effectNode="emitShapeSmoke" particleType="SNOW_SMOKE" emitCountScale="10"/>
            <effectNode effectClass="ParticleEffect" effectNode="emitShapeSmoke1" particleType="SNOW_SMOKE" emitCountScale="5"/>
        </effects>

        <sounds>
            <work file="sounds/snowplow.wav" innerRadius="5.0" outerRadius="50.0" fadeOut="0.1">
                <volume indoor="0.5" outdoor="1.5" >
                    <modifier type="SPEED" value="0.50" modifiedValue="0.0" />
                    <modifier type="SPEED" value="5.00" modifiedValue="1.0" />
                </volume>
                <pitch indoor="1.0" outdoor="1.0" >
                    <modifier type="SPEED" value="0.00" modifiedValue="0.8" />
                    <modifier type="SPEED" value="10.0" modifiedValue="1.05" />
                </pitch>
                <lowpassGain indoor="0.7" outdoor="1.0" />
            </work>
        </sounds>
    </snowPlow>
	
	<cylindered>
        <movingTools>
            <movingTool node="Lower_Arm">
                <controls axis="AXIS_FRONTLOADER_ARM" invertAxis="true"/>
                <rotation rotSpeed="25" rotAcceleration="35" rotMax="14" rotMin="-38" rotationAxis="1"/> 
				<dependentPart node="Central_Piston" />
				<dependentPart node="Piston_Lower_L" />
				<dependentPart node="Piston_Lower_R" />
				<dependentPart node="Upper_Arm" />
				<dependentPart node="arms_front_Mount_ref" />
            </movingTool>
            <movingTool node="Blade_Mount">
				<controls axis="AXIS_FRONTLOADER_TOOL" invertAxis="false" invertMouseAxis="false" speedFactor="0.8"/>
                <rotation rotSpeed="25" rotAcceleration="35" rotMax="25" rotMin="-25" rotationAxis="2"/>
				<dependentPart node="Piston_Lower_L" />
				<dependentPart node="Piston_Lower_R" />
			</movingTool>            
        </movingTools>
		<movingParts>
			<movingPart node="Central_Piston" referencePoint="ref_Central_Piston" referenceFrame="ref_Central_Piston">
                <translatingPart node="Central_Piston_Shaft" />
            </movingPart>
			<movingPart node="Piston_Lower_L" referencePoint="ref_Piston_Lower_L" referenceFrame="ref_Piston_Lower_L">
                <translatingPart node="Piston_Shaft_Lower_L" />
            </movingPart>
			<movingPart node="Piston_Lower_R" referencePoint="ref_Piston_Lower_R" referenceFrame="ref_Piston_Lower_R">
                <translatingPart node="Piston_Shaft_Lower_R" />
            </movingPart>
			<movingPart node="Upper_Arm" referencePoint="ref_Upper_Arm" referenceFrame="ref_Upper_Arm">
                <!-- <translatingPart node="Piston_Shaft_Lower_R" /> -->
            </movingPart>
			<movingPart node="arms_front_Mount_ref" referencePoint="ref_Upper_Arm1" referenceFrame="ref_Upper_Arm1"/>
			<movingPart node="Arms_Front_Mount" referencePoint="ref_Upper_Arm" referenceFrame="ref_Upper_Arm">
                <!-- <translatingPart node="Piston_Shaft_Lower_R" /> -->
            </movingPart>
        </movingParts>
        <sounds>
            <hydraulic template="DEFAULT_HYDRAULIC_SOUND" linkNode="mss3000_main_component1"/>
        </sounds>
    </cylindered>
    <foliageBending>
        <bendingNode minX="-1.9" maxX="1.9" minZ="-0.4" maxZ="0.4" yOffset="0.1" />
    </foliageBending>

    <wearable wearDuration="480" workMultiplier="5" fieldMultiplier="2"/>
    <washable dirtDuration="90" washDuration="1" workMultiplier="6" fieldMultiplier="2"/>
	
	<baseMaterial>
		<material name="UDIM_Mount" baseNode="Snow_Plow_Frame">
            <shaderParameter name="colorMat0" value="SHARED_BLACK2"/>
        </material> 
        <material name="UDIM_Blade" baseNode="Blade">
            <shaderParameter name="colorMat0" value="SHARED_BLACK2"/>
        </material>
	</baseMaterial>
	 
	<baseMaterialConfigurations price="1000" useDefaultColors="true" defaultColorIndex="0">
		<baseMaterialConfiguration name="Black Paint" material="0" color="0.015 0.015 0.015 8" />
		<baseMaterialConfiguration name="Black Aged Paint" material="6" color="0.015 0.015 0.015 6" />
		<baseMaterialConfiguration name="Black New Age Paint" material="27" color="0.015 0.015 0.015 27" />
	
		<baseMaterialConfiguration name="Stainless Steel" material="8" color="1 1 1 8" />
		<baseMaterialConfiguration name="Black Stainless Steel" material="8" color="0.027 0.027 0.027 8" />
		<baseMaterialConfiguration name="Black Steel" material="4" color="0.027 0.027 0.027 4" />
		<baseMaterialConfiguration name="Polished" material="3" color="0.75 0.75 0.75 3" price="500" />
        <baseMaterialConfiguration name="Zinc" material="4" color="1 1 1 4" price="500" />
		<baseMaterialConfiguration name="Chrome" material="2" color="1 1 1 2" price="500" />
		
		<baseMaterialConfiguration name="New Silver" color="SHARED_GREY2" material="27" />
		<baseMaterialConfiguration name="Scarlet Red" color="CASEIH_RED1" material="27" />
		<baseMaterialConfiguration name="Pearl White" color="STOLL_WHITE2" material="27" />
        <baseMaterialConfiguration name="Gun Metal" color="SHARED_GREY5" material="27" />
		<baseMaterialConfiguration name="Blaze Orange" color="FLIEGL_ORANGE1" material="27" />
		<baseMaterialConfiguration name="Nitro Blue" color="NEWHOLLAND_BLUE1" material="27" />
		<baseMaterialConfiguration name="Deep Blue" color="HATZENBICHLER_DARKBLUE1" material="27" />
		<baseMaterialConfiguration name="Deer Green" color="JOHNDEERE_GREEN1" material="27" />
		<baseMaterialConfiguration name="Deer Yellow" color="JOHNDEERE_YELLOW1" material="27" />
		
		<material name="UDIM_Mount" shaderParameter="colorMat0" />
    </baseMaterialConfigurations>
	
	<designMaterialConfigurations price="1000" useDefaultColors="true"  defaultColorIndex="0">
		<designMaterialConfiguration name="Blaze Orange" color="FLIEGL_ORANGE1" material="27" />
		
		<designMaterialConfiguration name="Black Paint" material="0" color="0.015 0.015 0.015 8" />
		<designMaterialConfiguration name="Black Aged Paint" material="6" color="0.015 0.015 0.015 6" />
		<designMaterialConfiguration name="Black New Age Paint" material="27" color="0.015 0.015 0.015 27" />
		
		<designMaterialConfiguration name="Stainless Steel" material="8" color="1 1 1 8" />
		<designMaterialConfiguration name="Black Stainless Steel" material="8" color="0.027 0.027 0.027 8" />
		<designMaterialConfiguration name="Black Steel" material="4" color="0.027 0.027 0.027 4" />
		<designMaterialConfiguration name="Polished" material="3" color="0.75 0.75 0.75 3" price="500" />
        <designMaterialConfiguration name="Zinc" material="4" color="1 1 1 4" price="500" />
		<designMaterialConfiguration name="Chrome" material="2" color="1 1 1 2" price="500" />
		
		<designMaterialConfiguration name="New Silver" color="SHARED_GREY2" material="27" />
		<designMaterialConfiguration name="Scarlet Red" color="CASEIH_RED1" material="27" />
		<designMaterialConfiguration name="Pearl White" color="STOLL_WHITE2" material="27" />
        <designMaterialConfiguration name="Gun Metal" color="SHARED_GREY5" material="27" />
		<designMaterialConfiguration name="Nitro Blue" color="NEWHOLLAND_BLUE1" material="27" />
		<designMaterialConfiguration name="Deep Blue" color="HATZENBICHLER_DARKBLUE1" material="27" />
		<designMaterialConfiguration name="Deer Green" color="JOHNDEERE_GREEN1" material="27" />
		<designMaterialConfiguration name="Deer Yellow" color="JOHNDEERE_YELLOW1" material="27" />
	
        <material name="UDIM_Blade" shaderParameter="colorMat0" />
    </designMaterialConfigurations>
		
	<i3dMappings>
		<i3dMapping id="mss3000_main_component1" node="0>" />
		<i3dMapping id="Snow_Plow_Frame" node="0>0" />
		<i3dMapping id="Central_Piston" node="0>0|0" />
		<i3dMapping id="Central_Piston_Decals" node="0>0|0|0" />
		<i3dMapping id="Central_Piston_Shaft" node="0>0|0|1" />
		<i3dMapping id="Frame_Decals" node="0>0|1" />
		<i3dMapping id="Lower_Arm" node="0>0|2" />
		<i3dMapping id="arms_front_Mount_ref" node="0>0|2|0" />
		<i3dMapping id="Arms_Front_Mount" node="0>0|2|0|0" />
		<i3dMapping id="Arms_Front_Mount_Decals" node="0>0|2|0|0|0" />
		<i3dMapping id="Blade_Mount" node="0>0|2|0|0|1" />
		<i3dMapping id="Blade" node="0>0|2|0|0|1|0" />
		<i3dMapping id="Blade_Decals" node="0>0|2|0|0|1|0|0" />
		<i3dMapping id="Side_Markers" node="0>0|2|0|0|1|0|1" />
		<i3dMapping id="Side_Supports" node="0>0|2|0|0|1|0|2" />
		<i3dMapping id="Side_Supports_Decals" node="0>0|2|0|0|1|0|2|0" />
		<i3dMapping id="Side_Supports_Extension" node="0>0|2|0|0|1|0|2|1" />
		<i3dMapping id="col_sup_L" node="0>0|2|0|0|1|0|2|1|0" />
		<i3dMapping id="col_sup_R" node="0>0|2|0|0|1|0|2|1|1" />
		<i3dMapping id="Side_Supports_Extension_Decals" node="0>0|2|0|0|1|0|2|1|2" />
		<i3dMapping id="Springs" node="0>0|2|0|0|1|0|3" />
		<i3dMapping id="ref_Piston_Lower_L" node="0>0|2|0|0|1|0|4" />
		<i3dMapping id="ref_Piston_Lower_R" node="0>0|2|0|0|1|0|5" />
		<i3dMapping id="effects" node="0>0|2|0|0|1|0|6" />
		<i3dMapping id="emitShape" node="0>0|2|0|0|1|0|6|0" />
		<i3dMapping id="emitShapeChunks" node="0>0|2|0|0|1|0|6|1" />
		<i3dMapping id="emitShapeChunksBig" node="0>0|2|0|0|1|0|6|2" />
		<i3dMapping id="emitShapeSmoke" node="0>0|2|0|0|1|0|6|3" />
		<i3dMapping id="emitShapeSmoke1" node="0>0|2|0|0|1|0|6|4" />
		<i3dMapping id="effectMesh" node="0>0|2|0|0|1|0|6|5" />
		<i3dMapping id="snowPickupNode" node="0>0|2|0|0|1|1" />
		<i3dMapping id="ref_Upper_Arm" node="0>0|2|0|0|2" />
		<i3dMapping id="Lower_Arm_Decals" node="0>0|2|1" />
		<i3dMapping id="Piston_Lower_L" node="0>0|2|2" />
		<i3dMapping id="Piston_Lower_Decals_L" node="0>0|2|2|0" />
		<i3dMapping id="Piston_Shaft_Lower_L" node="0>0|2|2|1" />
		<i3dMapping id="Piston_Lower_R" node="0>0|2|3" />
		<i3dMapping id="Piston_Decals_Lower_L" node="0>0|2|3|0" />
		<i3dMapping id="Piston_Shaft_Lower_R" node="0>0|2|3|1" />
		<i3dMapping id="ref_Central_Piston" node="0>0|2|4" />
		<i3dMapping id="ref_Lower_Arm" node="0>0|2|5" />
		<i3dMapping id="Upper_Arm" node="0>0|3|0" />
		<i3dMapping id="Upper_Arm_Decals" node="0>0|3|0|0" />
		<i3dMapping id="Upper_Arm_Extensions" node="0>0|3|0|1" />
		<i3dMapping id="ref_Central_Piston1" node="0>0|4" />
		<i3dMapping id="ref_Upper_Arm1" node="0>0|3|0|2" />
		<i3dMapping id="attachable" node="0>0|6" />
		<i3dMapping id="attacherJoint" node="0>0|6|0" />
		<i3dMapping id="collisions" node="0>2" />
		<i3dMapping id="col_Frame" node="0>2|0" />
	</i3dMappings>
	
</vehicle>
