﻿<?xml version="1.0" encoding="utf-8" standalone="no" ?>
<modDesc descVersion="53">
    <author>WhiteBull Modding</author>
    <version>1.0.0.0</version>
	
	<title>
        <en>JCB Workmax 800D</en>
    </title>
    <description>
        <en>
<![CDATA[This is a JCB Workmax 800D. It is a terrain vehicle. It is very useful for your farm. With this vehicle you can do a lot of things. For example you can transport wood, cereals, manure...Vehicle also has tension belts. With them you can attach your cargo.
Price: 15795€
Capacity: 1000l]]>
        </en>
        <de>
<![CDATA[Dies ist ein JCB Workmax 800D. Es ist ein Geländewagen. Es ist sehr nützlich für Ihre Farm. Mit diesem Fahrzeug können Sie viele Dinge tun. Zum Beispiel können Sie Holz, Getreide, Mist ... transportieren. Das Fahrzeug hat auch Spanngurte. Mit ihnen können Sie Ihre Ladung befestigen.
Preis: 15795 €
Kapazität: 1000l]]>
        </de>
    </description>
    <iconFilename>icon.dds</iconFilename>
    <multiplayer supported="true" />
	
	<storeItems>
        <storeItem xmlFilename="workmax.xml"/>
    </storeItems>
	
    <multiplayer supported="true" />
	
	<l10n>
        <text name="configuration_01">
            <en>Design 01</en>
		</text>
        <text name="configuration_02">
            <en>Design 02</en>
		</text>
    </l10n>
</modDesc>
