﻿<?xml version="1.0" encoding="utf-8" standalone="no" ?>
<vehicle type="carFillable">
    <annotation>Copyright (C) GIANTS Software GmbH, All Rights Reserved.</annotation>
    <storeData>
        <name>Workmax 800 D</name>
        <specs>
            <power>16</power>
            <maxSpeed>50</maxSpeed>
        </specs>
        <functions>
            <function>$l10n_function_car</function>
        </functions>
        <image>store.dds</image>
        <price>15795</price>
        <lifetime>600</lifetime>
        <rotation>0</rotation>
        <brand>JCB</brand>
        <category>cars</category>
		<shopTranslationOffset>0 0.9 0</shopTranslationOffset>
        <vertexBufferMemoryUsage>964048</vertexBufferMemoryUsage>
        <indexBufferMemoryUsage>193614</indexBufferMemoryUsage>
        <textureMemoryUsage>6291840</textureMemoryUsage>
        <instanceVertexBufferMemoryUsage>0</instanceVertexBufferMemoryUsage>
        <instanceIndexBufferMemoryUsage>0</instanceIndexBufferMemoryUsage>
    </storeData>

    <base>
        <typeDesc>$l10n_typeDesc_car</typeDesc>
        <filename>workmax.i3d</filename>
        <size width="2.5" length="6"/>
        <components count="1">
            <component centerOfMass="0 0 0" solverIterationCount="10" mass="1800" />
        </components>
        <schemaOverlay attacherJointPosition="0 0">
            <default name="DEFAULT_VEHICLE"/>
            <selected name="DEFAULT_VEHICLE_SELECTED"/>
        </schemaOverlay>
    </base>
    <wheels>
        <wheelConfigurations>
			<wheelConfiguration name="$l10n_configuration_valueDefault" price="0">
                <wheels autoRotateBackSpeed="2.5">
                    <wheel filename="whells/_27x9_14_1.xml" isLeft="true" hasTireTracks="true" hasParticles="true" >
                        <physics tipOcclusionAreaGroupId="1" restLoad="0.7" repr="wheelBackLeft"  forcePointRatio="0.5" initialCompression="15" suspTravel="0.06" spring="68" damper="30"/>
                    </wheel>
                    <wheel filename="whells/_27x9_14_1.xml" isLeft="false" hasTireTracks="true" hasParticles="true" >
                        <physics tipOcclusionAreaGroupId="1" restLoad="0.7" repr="wheelBackRight" forcePointRatio="0.5" initialCompression="15" suspTravel="0.06" spring="68" damper="30"/>
                    </wheel>
					<wheel filename="whells/_27x9_14_1.xml" isLeft="true" hasTireTracks="true" hasParticles="true" >
                        <physics tipOcclusionAreaGroupId="1" rotSpeed="1" restLoad="1.1" repr="axisFrontLeft"  driveNode="wheelFrontLeft"  forcePointRatio="0.5" initialCompression="20" suspTravel="0.06" spring="33" damper="30"/>
                    </wheel>
                    <wheel filename="whells/_27x9_14_1.xml" isLeft="false" hasTireTracks="true" hasParticles="true" >
                        <physics tipOcclusionAreaGroupId="1" rotSpeed="1" restLoad="1.1" repr="axisFrontRight" driveNode="wheelFrontRight" forcePointRatio="0.5" initialCompression="20" suspTravel="0.06" spring="33" damper="30"/>
                    </wheel>
                </wheels>
            </wheelConfiguration>
        </wheelConfigurations>

        <ackermannSteeringConfigurations>
            <ackermannSteering rotSpeed="45" rotMax="30" rotCenterWheel1="1" rotCenterWheel2="2" />
        </ackermannSteeringConfigurations>

        <rimColor>MANITOU_LIGHTGRAY</rimColor>

        <hubs>
            <color0>MANITOU_DARKGREY</color0>
            <color1>MANITOU_DARKGREY</color1>
            <hub linkNode="wheelFrontLeft"  filename="$data/shared/wheels/hubs/hub_n6_1.xml" isLeft="true"  scale="0.15 0.15 0.15" />
            <hub linkNode="wheelFrontRight" filename="$data/shared/wheels/hubs/hub_n6_1.xml" isLeft="false" scale="0.15 0.15 0.15" />
            <hub linkNode="wheelBackLeft"   filename="$data/shared/wheels/hubs/hub_n6_1.xml" isLeft="true"  scale="0.15 0.15 0.15" />
            <hub linkNode="wheelBackRight"  filename="$data/shared/wheels/hubs/hub_n6_1.xml" isLeft="false" scale="0.15 0.15 0.15" />
        </hubs>
    </wheels>
	
	<lights>
		<sharedLight linkNode="rearLightCircleOrangeLeft" node="0" filename="$data/shared/assets/lights/lizard/rearLightCircleOrange_02_left.xml"/>
		<sharedLight linkNode="rearLightCircleOrangeRight" node="0" filename="$data/shared/assets/lights/lizard/rearLightCircleOrange_02_right.xml"/>
		<sharedLight linkNode="rearLightCircleWhite_01" node="0" lightTypes="0" filename="rearLightCircleWhite_02.xml"/>
		<sharedLight linkNode="rearLightCircleWhite_02" node="0" lightTypes="0" filename="rearLightCircleWhite_02.xml"/>
		<sharedLight linkNode="rearLightCircleWhite_03" node="0" lightTypes="1" filename="rearLightCircleWhite_02.xml"/>
		<sharedLight linkNode="rearLightCircleWhite_04" node="0" lightTypes="1" filename="rearLightCircleWhite_02.xml"/>
		<sharedLight linkNode="rear5ChamberLight_01_right" node="0" lightTypes="0" filename="$data/shared/assets/lights/lizard/rear5ChamberLight_01_right.xml"/>
		<sharedLight linkNode="rear5ChamberLight_01_left" node="0" lightTypes="0" filename="$data/shared/assets/lights/lizard/rear5ChamberLight_01_left.xml"/>
       
	   <states>
            <state lightTypes="0" />
            <state lightTypes="0 1" />
        </states>

        <realLights>
            <low>
                <light node="frontLightLow"       lightTypes="0" excludedLightTypes="2 3" />
                <light node="highBeamLow"         lightTypes="3" />
            </low>
            <high>
                <light node="frontLightHigh"        lightTypes="0" excludedLightTypes="2 3" />	
                <light node="backLightsHigh"       lightTypes="0"/>
                <brakeLight node="backLightsHigh" />
				<turnLightLeft node="turnLightLeftFront" />
                <turnLightRight node="turnLightRightFront" />
				<light node="highBeamHigh"          lightTypes="3"/>
            </high>
        </realLights>
     
        <sounds>
            <switchLight template="SWITCH_01" linkNode="JcbWorkmax800D_main_component" />
            <turnLight template="SWITCH_TURNLIGHT" linkNode="JcbWorkmax800D_main_component" />
        </sounds>
    </lights>
	
	<fillUnit>
        <fillUnitConfigurations>
            <fillUnitConfiguration name="$l10n_configuration_capacityX" price="0" params="4000">
                <fillUnits>
                    <fillUnit unit="$l10n_unit_literShort" fillTypeCategories="bulk" capacity="1000" >
                        <exactFillRootNode node="exactFillRootNode" />
                    </fillUnit>
					<fillUnit unit="$l10n_unit_literShort" showOnHud="false" showInShop="false" fillTypes="diesel" capacity="35" />
                </fillUnits>
            </fillUnitConfiguration>
        </fillUnitConfigurations>
    </fillUnit>
	
	<fillVolume>
        <fillVolumeConfigurations>
            <fillVolumeConfiguration>
                <volumes>
                    <volume node="fillVolume" allSidePlanes="true" maxAllowedHeapAngle="60" fillUnitIndex="1" />
                </volumes>
            </fillVolumeConfiguration>
        </fillVolumeConfigurations>

        <loadInfos>
            <loadInfo>
                <node node="fillVolumeLoadNode" width="0.3" length="0.1" />
            </loadInfo>
        </loadInfos>

        <unloadInfos>
            <unloadInfo>
                <node node="fillVolumeUnloadNode" width="0.3" length="0.1" />
            </unloadInfo>
        </unloadInfos>
    </fillVolume>

	<dischargeable>
        <dischargeNode node="dischargeNode" emptySpeed="200" fillUnitIndex="1" unloadInfoIndex="1" >
            <info width="0.3" length="1" zOffset="0.5"/>
            <effects>
                <effectNode effectClass="TipEffect">
                    <effectNode effectNode="emitterShape" effectClass="ParticleEffect" />
                    <effectNode effectNode="grainEffect" materialType="unloading" materialTypeId="3" fadeTime="0.5" alignXAxisToWorldY="true" />
                </effectNode>
                <effectNode effectNode="smokeEffect" materialType="smoke" materialTypeId="1" fadeTime="0.5" />
            </effects>
        </dischargeNode>
    </dischargeable>
	
	<animations>
        <animation name="tipAnimationBack_top">
			<part node="zapirac01"              startTime="0" endTime="0.1" startTrans="0.572 0.214 -0.022" endTrans="0.545 0.214 -0.022" />
			<part node="zapirac02"              startTime="0" endTime="0.1" startTrans="-0.572 0.214 -0.022" endTrans="-0.545 0.214 -0.022" />
			<part node="frontFlap"              startTime="0.1" endTime="0.6" startRot="0 0 0" endRot="-90 0 0" />
            <part node="movingPart"              startTime="0.6" endTime="3" startRot="0 0 0" endRot="-70 0 0" />
        </animation>
    </animations>
	
	<trailer>
        <trailerConfigurations>
            <trailerConfiguration>
                <trailer>
                    <tipSide name="$l10n_info_tipSideBack" dischargeNodeIndex="1">
                        <animation name="tipAnimationBack_top" speedScale="1.0" startTipTime="0.02"/>
                    </tipSide>
                </trailer>
            </trailerConfiguration>
        </trailerConfigurations>
    </trailer>
	
    <enterable isTabbable="true" >
        <enterReferenceNode node="VisJcb"/>
        <exitPoint node="exitPoint"/>

        <cameras count="2">
            <camera node="outdoorCamera1" rotatable="true" rotateNode="outdoorCameraTarget" limit="true" useWorldXZRotation="true" rotMinX="-1.4" rotMaxX="1" transMin="3.5" transMax="40" translation="0 0 5.75" rotation="-10 180 0">
                <raycastNode node="cameraRaycastNode1"/>
                <raycastNode node="cameraRaycastNode2"/>
            </camera>
            <camera node="indoorCamera1" rotatable="true" limit="true" rotMinX="-1.1" rotMaxX="0.4" transMin="0" transMax="0" useMirror="true" isInside="true" positionSmoothingParameter="0"  shadowFocusBox="shadowFocusBox"/>
        </cameras>

        <characterNode node="player_skin" cameraMinDistance="1.5" spineRotation="-90 0 90" >
            <target ikChain="rightFoot" targetNode="player_rightFoot" />
            <target ikChain="leftFoot"  targetNode="player_leftFoot" />
            <target ikChain="rightArm"  targetNode="rightArm" poseId="wideFingers"/>
            <target ikChain="leftArm"   targetNode="leftArm" poseId="wideFingers"/>
        </characterNode>	
		
		<mirrors>
            <mirror node="mirror1Decal" prio="1" />
            <mirror node="mirror2Decal" prio="1" />
        </mirrors>
		
		<characterTargetNodeModifier node="player_rightFoot" transitionTime="0.1" >
            <state node="playerRightFootTargetGas"   referenceNode="gasPedal" />
            <state node="playerRightFootTargetBrake" referenceNode="brakePedal" />
        </characterTargetNodeModifier>
	</enterable>

	<cylindered>
        <movingTools>
            <movingTool node="frontFlap" playSound="true" >
                <controls axis="AXIS_FRONTLOADER_TOOL2" invertAxis="false" mouseSpeedFactor="0.5" iconName="TOOL_OPEN_CLOSE" />
                <rotation rotationAxis="1" rotSpeed="70" rotAcceleration="250" rotMax="0" rotMin="-90" />
            </movingTool>
        </movingTools>

        <sounds>
            <hydraulic template="DEFAULT_HYDRAULIC_SOUND" linkNode="0>"/>
        </sounds>
    </cylindered>
	
    <drivable>
        <sounds>
            <waterSplash template="WATER_SPLASH_01" />
        </sounds>
        <steeringWheel node="steeringWheel" indoorRotation="540" outdoorRotation="60" />
		
		<dashboards>
            <dashboard displayType="ROT" valueType="accelerationAxis" node="gasPedal"   minRot="0 0 0" maxRot="-20 0 0" doInterpolation="true" groups="MOTOR_ACTIVE"/>
            <dashboard displayType="ROT" valueType="decelerationAxis" node="brakePedal" minRot="0 0 0" maxRot="-20 0 0" doInterpolation="true" groups="MOTOR_ACTIVE"/>
        </dashboards>
    </drivable>
	
	<speedRotatingParts>
        <speedRotatingPart node="rot01" radius="0.1" />
    </speedRotatingParts>

     <motorized>
        <consumerConfigurations>
            <consumerConfiguration>
                <consumer fillUnitIndex="2" usage="20" fillType="diesel" /> <!-- usage is per hour at max load and max rpm -->
            </consumerConfiguration>
        </consumerConfigurations>

        <differentialConfigurations>
            <differentialConfiguration>
                <differentials>
                    <differential torqueRatio="0.5" maxSpeedRatio="1.8" wheelIndex1="1" wheelIndex2="2" /> <!-- front left-right -->
                    <differential torqueRatio="0.5" maxSpeedRatio="1.8" wheelIndex1="3" wheelIndex2="4" /> <!-- back left-right -->
                    <differential torqueRatio="0.5" maxSpeedRatio="1.8" differentialIndex1="1" differentialIndex2="2" /> <!-- front-back -->
                </differentials>
            </differentialConfiguration>
        </differentialConfigurations>

         <motorConfigurations>
            <motorConfiguration name="Workmax 800D" hp="23" price="0">
                <motor torqueScale="0.13" minRpm="850" maxRpm="2200" maxForwardSpeed="53" maxBackwardSpeed="22" brakeForce="2" lowBrakeForceScale="0.15" rotInertia="0.000014" >
                    <torque normRpm="0.45" torque="0.9"/>
                    <torque normRpm="0.5" torque="0.97"/>
                    <torque normRpm="0.59" torque="1"/>
                    <torque normRpm="0.72" torque="1"/>
                    <torque normRpm="0.86" torque="0.88"/>
                    <torque normRpm="1" torque="0.72"/>
                </motor>
                <transmission minForwardGearRatio="15.8" maxForwardGearRatio="250" minBackwardGearRatio="37.2" maxBackwardGearRatio="250" />
            </motorConfiguration>
        </motorConfigurations>

        <exhaustEffects>
            <exhaustEffect node="exhaustParticleLeft" filename="$data/particleSystems/shared/exhaust.i3d" minRpmColor="0.9 0.9 0.9 0.1" maxRpmColor="0.9 0.9 0.9 0.4" minRpmScale="0.02" maxRpmScale="0.25" />
        </exhaustEffects>
       
		<dashboards>
            <dashboard displayType="NUMBER" valueType="rpm"   numbers="numbersRpm"   precision="0" groups="MOTOR_ACTIVE"/>
            <dashboard displayType="NUMBER" valueType="speed" numbers="numbersSpeed" precision="1" groups="MOTOR_ACTIVE"/>
        </dashboards>

       <sounds externalSoundFile="sounds/john_deere_gator.xml" />
    </motorized>

    <suspensions>
        <suspension useCharacterTorso="true" weight="90" minRotation="0 -5 -5" maxRotation="0 5 5" suspensionParametersY="7 1" suspensionParametersZ="7 1" />
    </suspensions>

    <dashboard>
        <groups>
            <group name="MOTOR_STARTING" isMotorStarting="true"/>
            <group name="MOTOR_ACTIVE"   isMotorStarting="true" isMotorRunning="true"/>
        </groups>
    </dashboard>
	
	 <attacherJoints>
        <attacherJoint node="trailerAttacherJointBack" jointType="trailer" lowerRotLimit="10 50 50" upperRotRotationOffset="0" allowsJointLimitMovement="false" comboTime="1" canTurnOnImplement="false">
            <schema position="1 0" rotation="0" invertX="false"/>
        </attacherJoint>
        <attacherJoint node="trailerAttacherJointBack" jointType="trailerLow" lowerRotLimit="10 50 50" upperRotRotationOffset="0" allowsJointLimitMovement="false" comboTime="1" canTurnOnImplement="false">
            <schema position="1 0" rotation="0" invertX="false"/>
        </attacherJoint>
		<attacherJoint node="trailerAttacherJointFront" jointType="trailer" lowerRotLimit="10 50 50" upperRotRotationOffset="0" allowsJointLimitMovement="false" comboTime="1" canTurnOnImplement="false">
            <schema position="1 0" rotation="0" invertX="false"/>
        </attacherJoint>
        <attacherJoint node="trailerAttacherJointFront" jointType="trailerLow" lowerRotLimit="10 50 50" upperRotRotationOffset="0" allowsJointLimitMovement="false" comboTime="1" canTurnOnImplement="false">
            <schema position="1 0" rotation="0" invertX="false"/>
        </attacherJoint>		
        <sounds>
            <attach template="ATTACH_01"/>
            <hydraulic template="DEFAULT_HYDRAULIC_SOUND"/>
        </sounds>
    </attacherJoints>
	
	<tensionBelts>
        <tensionBeltsConfigurations>
            <tensionBeltsConfiguration>
                <tensionBelts linkNode="belts" jointNode="0>" width="0.075" maxEdgeLength="0.1" geometryBias="0.01" ratchetPosition="0.2" defaultOffset="0.1" defaultOffsetSide="0.1" defaultHeight="4" activationTrigger="beltActivationTrigger">
                    <tensionBelt startNode="beltStart1" endNode="beltEnd1" offsetLeft="1.3"/>
                    <tensionBelt startNode="beltStart2" endNode="beltEnd2" offsetRight="1.2"/>
                </tensionBelts>
            </tensionBeltsConfiguration>
        </tensionBeltsConfigurations>
    </tensionBelts>

	<designConfigurations>
        <designConfiguration name="$l10n_configuration_01" price="0">
            <objectChange node="conf01" visibilityActive="false"/>			
        </designConfiguration>
        <designConfiguration name="$l10n_configuration_02" price="50">
            <objectChange node="conf01" visibilityActive="true" />				
	    </designConfiguration>
    </designConfigurations>	
	
	<connectionHoses>
		<target attacherJointIndices="1" type="electric" node="referencePointe">
        </target>
    </connectionHoses>

    <ai>
        <collisionTrigger node="aiCollisionTrigger" />
    </ai>

    <honk>
        <sound template="HONK_TRAIN" linkNode="0>" />
    </honk>

    <foliageBending>
        <bendingNode minX="-1.15" maxX="1.15" minZ="-2.8" maxZ="2.8" yOffset="0" />
    </foliageBending>

	<baseMaterial>
        <material name="workmaxVis" baseNode="VisJcb">
			<shaderParameter name="colorMat0" value="JCB_YELLOW1"/>
            <shaderParameter name="colorMat1" value="1 0.01 0.01 0"/>
            <shaderParameter name="colorMat2" value="0.4 0.4 0.4 0"/>
			<shaderParameter name="colorMat3" value="0.1 0.1 0.1 1"/>
			<shaderParameter name="colorMat4" value="0.4 0.38 0.035 1"/>
			<shaderParameter name="colorMat5" value="0.2 0.2 0.2 16"/>
			<shaderParameter name="colorMat6" value="0.81 0.42 0 16"/>
        </material>
    </baseMaterial>

    <wearable wearDuration="480" workMultiplier="5" fieldMultiplier="2"/>
    <washable dirtDuration="90" washDuration="1" workMultiplier="3" fieldMultiplier="2"/>

    <i3dMappings>
		<i3dMapping id="JcbWorkmax800D_main_component" node="0>"/>
		<i3dMapping id="VisJcb" node="0>0"/>
        <i3dMapping id="outdoorCameraTarget" node="0>0|11|0" />
        <i3dMapping id="outdoorCamera1" node="0>0|11|0|0" />
        <i3dMapping id="indoorCamera1" node="0>0|11|4" />
        <i3dMapping id="cameraRaycastNode1" node="0>0|11|1" />
        <i3dMapping id="cameraRaycastNode2" node="0>0|11|2" />
        <i3dMapping id="cameraRaycastNode3" node="0>0|11|3" />
        <i3dMapping id="shadowFocusBox" node="0>0|11|5" />
        <i3dMapping id="steeringWheel" node="0>0|3|0" />
        <i3dMapping id="leftArm" node="0>0|3|0|0" />
        <i3dMapping id="rightArm" node="0>0|3|0|1" />
        <i3dMapping id="player_skin" node="0>0|8|0" />
        <i3dMapping id="player_rightFoot" node="0>0|8|1" />
        <i3dMapping id="player_leftFoot" node="0>0|8|2" />
        <i3dMapping id="exitPoint" node="0>0|9" />
        <i3dMapping id="aiCollisionTrigger" node="0>0|15|0" />
		<i3dMapping id="axisFrontLeft" node="0>0|0|0"/>
		<i3dMapping id="wheelFrontLeft" node="0>0|0|0|0"/>
		<i3dMapping id="axisFrontRight" node="0>0|0|1"/>
		<i3dMapping id="wheelFrontRight" node="0>0|0|1|0"/>
		<i3dMapping id="wheelBackLeft" node="0>0|0|2" />
        <i3dMapping id="wheelBackRight" node="0>0|0|3" />
		<i3dMapping id="rearLightCircleOrangeLeft" node="0>0|10|0|0" />
		<i3dMapping id="rearLightCircleOrangeRight" node="0>0|10|0|1" />
		<i3dMapping id="rearLightCircleWhite_01" node="0>0|10|0|2" />
		<i3dMapping id="rearLightCircleWhite_02" node="0>0|10|0|3" />
		<i3dMapping id="rearLightCircleWhite_03" node="0>0|10|0|4" />
		<i3dMapping id="rearLightCircleWhite_04" node="0>0|10|0|5" />
		<i3dMapping id="rear5ChamberLight_01_left" node="0>0|2|4" />
		<i3dMapping id="rear5ChamberLight_01_right" node="0>0|2|5" />
		<i3dMapping id="fillAutoAimTargetNode" node="0>17|2|1" />
		<i3dMapping id="fillVolume" node="0>0|2|7|0" />
		<i3dMapping id="body" node="0>18" />
		<i3dMapping id="grainNorm" node="0>17|1|1|1" />
        <i3dMapping id="smokeNorm" node="0>17|1|0|2" />
		<i3dMapping id="effectNodesBack" node="0>17|1|1|1" />
		<i3dMapping id="belts" node="0>0|2|10" />
        <i3dMapping id="beltStart1" node="0>0|2|10|0" />
        <i3dMapping id="beltEnd1" node="0>0|2|10|0|0" />
        <i3dMapping id="beltStart2" node="0>0|2|10|1" />
        <i3dMapping id="beltEnd2" node="0>0|2|10|1|0" />
        <i3dMapping id="beltActivationTrigger" node="0>0|2|10|2" />
		<i3dMapping id="movingPart" node="0>0|2" />
		<i3dMapping id="frontFlap" node="0>0|2|0" />
		<i3dMapping id="grainEffect" node="0>0|17" />
		<i3dMapping id="emitterShape" node="0>0|2|6|2" />
		<i3dMapping id="smokeEffect" node="0>0|2|6|1" />
		<i3dMapping id="fillVolumeLoadNode" node="0>0|2|13" />
		<i3dMapping id="fillVolumeUnloadNode" node="0>0|2|12" />
		<i3dMapping id="electric" node="0>0|2|0"/>
		<i3dMapping id="referencePointe" node="0>0|2|0|0"/>
		<i3dMapping id="trailerAttacherJointBack" node="0>0|1|0"/>
		<i3dMapping id="trailerAttacherJointFront" node="0>0|1|1"/>
		<i3dMapping id="brakePedal" node="0>0|5|0"/>
		<i3dMapping id="playerRightFootTargetBrake" node="0>0|5|0|1"/>
		<i3dMapping id="playerRightFootTargetGas" node="0>0|5|1|1"/>
		<i3dMapping id="gasPedal" node="0>0|5|1"/>
		<i3dMapping id="conf01" node="0>0|4"/>
		<i3dMapping id="numbersRpm" node="0>0|7|3" />
		<i3dMapping id="numbersSpeed" node="0>0|7|4" />
		<i3dMapping id="backDoorAnim" node="0>0|2|0" />
		<i3dMapping id="effectGrainBack" node="0>0|2|1|0|0|0" />
		<i3dMapping id="exactFillRootNode" node="0>0|2|9" />
		<i3dMapping id="exhaustParticleLeft" node="0>0|6"/>
		<i3dMapping id="unloadInfo01" node="0>0|2|2|0"/>
		<i3dMapping id="unloadInfo02" node="0>0|2|2|1"/>
		<i3dMapping id="unloadInfo03" node="0>0|2|2|2"/>
		<i3dMapping id="rot" node="0>0|2"/>
		<i3dMapping id="dischargeNode" node="0>0|2|8"/>
		<i3dMapping id="effectParticleBack" node="0>0|2|1|0|1|0"/>
		<i3dMapping id="effectParticleBack" node="0>0|2|1|0|1|0"/>
		<i3dMapping id="zapirac01" node="0>0|2|0|0"/>
		<i3dMapping id="zapirac02" node="0>0|2|0|1"/>
		<i3dMapping id="rot01" node="0>0|7|0"/>
		<i3dMapping id="frontLightLow" node="0>0|10|1|0|0" />
		<i3dMapping id="highBeamLow" node="0>0|10|1|0|1" />
		<i3dMapping id="frontLightHigh" node="0>0|10|1|0|2" />
		<i3dMapping id="highBeamHigh" node="0>0|10|1|0|3" />
		<i3dMapping id="backLightsHigh" node="0>0|10|1|2|0" />
		<i3dMapping id="turnLightRightFront" node="0>0|10|1|1|0" />
        <i3dMapping id="turnLightRightBack" node="0>0|10|1|1|0|0" />
		<i3dMapping id="turnLightLeftFront" node="0>0|10|1|1|1" />
        <i3dMapping id="turnLightLeftBack" node="0>0|10|1|1|1|0" />
		<i3dMapping id="mirror1Decal" node="0>0|16|0" />
		<i3dMapping id="mirror2Decal" node="0>0|16|1" />
    </i3dMappings>
</vehicle>
