﻿<?xml version="1.0" encoding="utf-8" standalone="no" ?>
<modDesc descVersion="53">
    <author>Lance</author>
    <version>1.0.0.0</version>
    <title>
		<en>Triple Axle Toy Hauler</en>
		<de>Tridem Toy-Hauler</de>
	
	</title>
	
  <description>
        <en><![CDATA[Triple Axle Toy Hauler
- A Triple axle camper where you can haul around all your favorite toys.
- Slide opens
- Awning folds out
- Door and steps animate
- Rear Door opens so you can easily drive your toys inside
- Two wheel options
- Price: 12000 €

]]></en>
        <de><![CDATA[Dreiachsiger Toy Hauler
Ein dreiachsiger Camper mit Heckgarage
- Slide-Out ausfahrbar
- Markise ausklappbar
- Tür und Stufen animiert
- Die hintere Rampe ist klappbar so können Sie problemlos mit etwas hinein fahren
- Zwei Rad Konfigurationen
- Preis: 12000 €
]]></de>
	
    </description>
	
    <iconFilename>modIcon.dds</iconFilename>
    <multiplayer supported="true" />
	
    <storeItems>
        <storeItem xmlFilename="ToyHauler.xml"/>
    </storeItems>
	
	<l10n filenamePrefix="shared/l10n"/>

 
	
</modDesc>
