<?xml version="1.0" encoding="utf-8" standalone="no"?>
<vehicle type="trailer">
<annotation>Copyright (C) GIANTS Software GmbH, All Rights Reserved.</annotation>
 <storeData>
         <name>
		<en>Tri Axle ToyHauler</en>
		<de>Tridem Toy-Hauler</de>
		
	</name>
        <specs>
            <combination>Truck</combination>
        </specs>
        <functions>
           
            <function>$l10n_function_lowloader</function>
        </functions>
        <image>modStore.dds</image>
        <price>12000</price>
        <lifetime>600</lifetime>
        <rotation>0</rotation>
        <brand>LIZARD</brand>
        <category>lowloaders</category>
        <shopTranslationOffset>0 1 0</shopTranslationOffset>
        <shopRotationOffset>0 0 0</shopRotationOffset>
       
        <vertexBufferMemoryUsage>794848</vertexBufferMemoryUsage>
        <indexBufferMemoryUsage>123798</indexBufferMemoryUsage>
        <textureMemoryUsage>16078848</textureMemoryUsage>
        <instanceVertexBufferMemoryUsage>0</instanceVertexBufferMemoryUsage>
        <instanceIndexBufferMemoryUsage>0</instanceIndexBufferMemoryUsage>
    </storeData>

  <base>
        <typeDesc>$l10n_typeDesc_trailer</typeDesc>
        <filename>ToyHauler.i3d</filename>
        <size width="3.5" length="12"/>
        <components>
           <component centerOfMass="-0.054 0 -0.215" solverIterationCount="30" mass="2000"/>
        </components>
        <schemaOverlay attacherJointPosition="0 0">
            <default name="DEFAULT_IMPLEMENT"/>
            <selected name="DEFAULT_IMPLEMENT_SELECTED"/>
        </schemaOverlay>
    </base>
	<wheels>
        <wheelConfigurations>
            <wheelConfiguration name="$l10n_configuration_stock" price="0">
                <wheels autoRotateBackSpeed="2.2">
                    <wheel filename="$data/shared/wheels/nokian/TRI2/250_75R16.xml"  isLeft="true" hasTireTracks="true" hasParticles="true">
                         <physics restLoad="0.9" repr="rim_LF" forcePointRatio="0.5" initialCompression="25" suspTravel="0.15" spring="10" damper="50" frictionScale="2.5"/>
                    </wheel>
                    <wheel filename="$data/shared/wheels/nokian/TRI2/250_75R16.xml" isLeft="true" hasTireTracks="true" hasParticles="true">
                      <physics restLoad="0.9"  repr="rim_LM" forcePointRatio="0.5" initialCompression="25" suspTravel="0.15" spring="10" damper="50" frictionScale="2.5"/>
                    </wheel>
                    <wheel filename="$data/shared/wheels/nokian/TRI2/250_75R16.xml"  isLeft="true" hasTireTracks="true" hasParticles="true">
                       <physics restLoad="0.9"  repr="rim_LR" forcePointRatio="0.5" initialCompression="25" suspTravel="0.15" spring="10" damper="50" frictionScale="2.5"/>
                    </wheel>
                    <wheel filename="$data/shared/wheels/nokian/TRI2/250_75R16.xml" isLeft="false" hasTireTracks="true" hasParticles="true">
                      <physics restLoad="0.9"  repr="rim_RF" forcePointRatio="0.5" initialCompression="25" suspTravel="0.15" spring="10" damper="50" frictionScale="2.5"/>
                    </wheel>
                    <wheel filename="$data/shared/wheels/nokian/TRI2/250_75R16.xml" isLeft="false" hasTireTracks="true" hasParticles="true">
                        <physics restLoad="0.9"  repr="rim_RM" forcePointRatio="0.5" initialCompression="25" suspTravel="0.15" spring="10" damper="50" frictionScale="2.5"/>
                    </wheel>
                    <wheel filename="$data/shared/wheels/nokian/TRI2/250_75R16.xml"  isLeft="false" hasTireTracks="true" hasParticles="true">
                      <physics restLoad="0.9"  repr="rim_RR" forcePointRatio="0.5" initialCompression="25" suspTravel="0.15" spring="10" damper="50" frictionScale="2.5"/>
                    </wheel>
					
                </wheels>
			
            
            </wheelConfiguration>
			<wheelConfiguration name="$l10n_configuration_upgraded" price="0">
                <wheels autoRotateBackSpeed="2.2">
                    <wheel filename="$data/shared/wheels/lizard/implement/280_55R16.xml" configId="bockmann"  isLeft="false" hasTireTracks="true" hasParticles="true">
                        <physics restLoad="0.3" repr="rim_LF"  radius="0.39"  width="0.195" forcePointRatio="0.5" initialCompression="25" suspTravel="0.15" spring="10" damper="50" frictionScale="2.5"/>
                    </wheel>
                    <wheel filename="$data/shared/wheels/lizard/implement/280_55R16.xml" configId="bockmann" isLeft="false" hasTireTracks="true" hasParticles="true">
                        <physics restLoad="0.3"  repr="rim_LM" radius="0.39"  width="0.195" forcePointRatio="0.5" initialCompression="25" suspTravel="0.15" spring="10" damper="50" frictionScale="2.5"/>
                    </wheel>
                    <wheel filename="$data/shared/wheels/lizard/implement/280_55R16.xml" configId="bockmann"  isLeft="false" hasTireTracks="true" hasParticles="true">
                        <physics restLoad="0.3"  repr="rim_LR"  radius="0.39"  width="0.195" forcePointRatio="0.5" initialCompression="25" suspTravel="0.15" spring="10" damper="50" frictionScale="2.5"/>
                    </wheel>
                    <wheel filename="$data/shared/wheels/lizard/implement/280_55R16.xml" configId="bockmann" isLeft="true" hasTireTracks="true" hasParticles="true">
                        <physics restLoad="0.3"  repr="rim_RF"  radius="0.39"  width="0.195" forcePointRatio="0.5" initialCompression="25" suspTravel="0.15" spring="10" damper="50" frictionScale="2.5"/>
                    </wheel>
                    <wheel filename="$data/shared/wheels/lizard/implement/280_55R16.xml" configId="bockmann" isLeft="true" hasTireTracks="true" hasParticles="true">
                        <physics restLoad="0.3"  repr="rim_RM"  radius="0.39"  width="0.195" forcePointRatio="0.5" initialCompression="25" suspTravel="0.15" spring="10" damper="50" frictionScale="2.5"/>
                    </wheel>
                    <wheel filename="$data/shared/wheels/lizard/implement/280_55R16.xml" configId="bockmann"  isLeft="true" hasTireTracks="true" hasParticles="true">
                        <physics restLoad="0.3" repr="rim_RR" radius="0.39"  width="0.195" forcePointRatio="0.5" initialCompression="25" suspTravel="0.15" spring="10" damper="50" frictionScale="2.5"/>
                    </wheel>
					
                </wheels>
				
               <objectChange node="rim_LF" 	scaleActive="1 1.1 1.1" scaleInactive="1 1 1"/>
			   <objectChange node="rim_RF" 	scaleActive="1 1.1 1.1" scaleInactive="1 1 1"/>
			   <objectChange node="rim_RM" 	scaleActive="1 1.1 1.1" scaleInactive="1 1 1"/>
			   <objectChange node="rim_LM" 	scaleActive="1 1.1 1.1" scaleInactive="1 1 1"/>
			   <objectChange node="rim_LR" 	scaleActive="1 1.1 1.1" scaleInactive="1 1 1"/>
			   <objectChange node="rim_RR" 	scaleActive="1 1.1 1.1" scaleInactive="1 1 1"/>
            </wheelConfiguration>
			
        </wheelConfigurations>
    </wheels>
	<rimColorConfigurations useDefaultColors="true" price="250" defaultColorIndex="3">
		
    </rimColorConfigurations>
	
			
		
 <attachable>
        <inputAttacherJoints>
            <inputAttacherJoint node="attacherJoint" jointType="trailerLow"/>
        </inputAttacherJoints>
        <support animationName="moveSupport"/>
        <brakeForce>0.5</brakeForce>
    </attachable>
	
	<lights>
	<sharedLight linkNode="sideMarker_08OrangeRight1" filename="shared/sideMarker_08Orange.xml"/>
	<sharedLight linkNode="sideMarker_08OrangeRight2" filename="shared/sideMarker_08Orange.xml"/>
	<sharedLight linkNode="sideMarker_08OrangeRight3" filename="shared/sideMarker_08Orange.xml"/>
	<sharedLight linkNode="sideMarker_08OrangeRight4" filename="shared/sideMarker_08Orange.xml"/>
	<sharedLight linkNode="sideMarker_08OrangeRight5" filename="shared/sideMarker_08Orange.xml"/>
	<sharedLight linkNode="sideMarker_08OrangeRight6" filename="shared/sideMarker_08Orange.xml"/>
	<sharedLight linkNode="sideMarker_08OrangeRight7" filename="shared/sideMarker_08Orange.xml"/>
	<sharedLight linkNode="sideMarker_08OrangeRight8" filename="shared/sideMarker_08Orange.xml"/>
	<sharedLight linkNode="sideMarker_08OrangeRight9" filename="shared/sideMarker_08Orange.xml"/>
	<sharedLight linkNode="sideMarker_08OrangeRight10" filename="shared/sideMarker_08Orange.xml"/>
	<sharedLight linkNode="sideMarker_08OrangeRight11" filename="shared/sideMarker_08Orange.xml"/>
	<sharedLight linkNode="sideMarker_08OrangeRight12" filename="shared/sideMarker_08Orange.xml"/>
	<sharedLight linkNode="sideMarker_08OrangeRight13" filename="shared/sideMarker_08Orange.xml"/>
	<sharedLight linkNode="sideMarker_08OrangeRight14" filename="shared/sideMarker_08Orange.xml"/>
	<sharedLight linkNode="sideMarker_08OrangeRight15" filename="shared/sideMarker_08Orange.xml"/>
	<sharedLight linkNode="rear3ChamberLightLeft" filename="$data/shared/assets/lights/lizard/rear3ChamberLight_01_left.xml"/>
	<sharedLight linkNode="rear3ChamberLightRight" filename="$data/shared/assets/lights/lizard/rear3ChamberLight_01_right.xml"/>
	
        <states>
            <state lightTypes="0"/>
        </states>
       
      
    </lights>
	
	 <animations>
        <animation name="moveSupport">
            <part node="bottomSupport" startTime="0" endTime="1" startTrans="0.243 -0.87 3.976" endTrans="0.243 -1.103 3.976"/>
           <part node="handleRot"  startTime=".5" endTime="1.3" startRot="0 1080 0" endRot="0 0 0" />
		   <part node="handle2"  startTime=".1" endTime=".5" startRot="40 0 0" endRot="-40 0 0" />
		   <part node="handle2"  startTime="1.3" endTime="1.5" startRot="-40 0 0" endRot="40 0 0" />
        </animation>
		 <animation name="steps">
		 
			<part node="stepHolder" startTime=".05"    endTime=".1" visibility="true" />
            <part node="stepHolder" startTime="0" endTime=".05"  visibility="false" />
			
			<part node="step1" startTime=".5" endTime="1" startTrans="0.075 -0.175 -0.336" endTrans="-0.15 -0.192 -0.335"/>
			
			<part node="step2" startTime="1" endTime="1.5" startTrans="0.075 -0.175 -0.336" endTrans="-0.468 -0.173 -0.336"/>
			<part node="step2" startTime="2" endTime="2.5" startTrans="-0.468 -0.173 -0.336" endTrans="-0.468 -0.363 -0.336"/>
			
			<part node="step3" startTime="2.5" endTime="3" startTrans="0.075 -0.175 -0.336" endTrans="-0.468 -0.156 -0.336"/>
			<part node="step3" startTime="3" endTime="3.5" startTrans="-0.468 -0.363 -0.336" endTrans="-0.701 -0.54 -0.338"/>
			
			<part node="step3" startTime=".05" endTime=".1" startTrans="0.075 -0.545 -0.336" endTrans="0.075 -0.175 -0.336"/>
			<part node="step2" startTime=".05" endTime=".1" startTrans="0.075 -0.359 -0.336" endTrans="0.075 -0.175 -0.336"/>

			<part node="sideDoor"  startTime="3.5" endTime="4" startRot="0 0 0" endRot="0 90 0" />
			
        </animation>
		 <animation name="slide">
			<part node="awningFabric" startTime=".05"    endTime=".1" visibility="true" />
            <part node="awningFabric" startTime="0" endTime=".05"  visibility="false" />
		
			<part node="canopyRot"  startTime="0" endTime="1" startRot="0 0 -34" endRot="0 0 0" />
			<part node="slide" startTime="0" endTime="1" startTrans="0.251 -1.192 -1.085" endTrans="1.524 -1.192 -1.085"/>
			
			<part node="slideColBottom" startTime="2.8" endTime="2.9" startTrans="0.213 -0.997 -1.308" endTrans="0.213 -0.794 -1.308"/>
			<part node="slideColRight"  startTime="2.8" endTime="2.9" startRot="90 0 0" endRot="0 0 0" />
			
			
			<part node="slideColLeft"  startTime="2.5" endTime="2.8" startRot="90 0 0" endRot="0 0 0"/>
			
        </animation>
		
    </animations>
	<cylindered>
        <movingTools>
            <movingTool node="door_rear">
                <controls axis="AXIS_FRONTLOADER_TOOL" invertAxis="true"/>
                <rotation rotSpeed="50" rotAcceleration="400" rotMax="0" rotMin="-120" rotationAxis="1" startRot="0"/>
            </movingTool>
        </movingTools>
    </cylindered>
	  <foldable>
        <foldingParts>
            <foldingPart animationName="steps" speedScale="1" />
        </foldingParts>
    </foldable>
	<cover>
        <coverConfigurations>
            <coverConfiguration>
                <cover openAnimation="slide" fillUnitIndices="1"/>
            </coverConfiguration>
        </coverConfigurations>
    </cover>
	
	 <fillUnit>
        <fillUnitConfigurations>

			<fillUnitConfiguration name="$l10n_configuration_valueDefault">
				<fillUnits>
					<fillUnit unit="$l10n_unit_literShort" showOnHud="false" showInShop="false" fillTypes="air" capacity="100"/>
				</fillUnits>
			</fillUnitConfiguration>
	
			
			
        </fillUnitConfigurations>
    </fillUnit>
	
	  <connectionHoses>
        <hose inputAttacherJointIndices="1" type="electric"  node="electricBack"  length="0.3" diameter="0.01" straighteningFactor="0.5">
            <objectChange node="electricBackAdapter" visibilityActive="false" visibilityInactive="true"/>
        </hose>
    </connectionHoses>
	
	<dynamicallyLoadedParts>
        <dynamicallyLoadedPart node="1|1" linkNode="electricBackAdapter"  filename="$data/shared/connectionHoses/connectors.i3d" />
    </dynamicallyLoadedParts>
	
	 <baseMaterial>
      
		
		<material name="slide_mat" baseNode="slideBase">
            <shaderParameter name="colorMat0" value="SHARED_GREY2"/>
			<shaderParameter name="colorMat1" value="SHARED_GREY2"/>
        </material>
        <material name="main_body_mat" baseNode="mainBody">
            <shaderParameter name="colorMat0" value="SHARED_GREY2"/>
			<shaderParameter name="colorMat1" value="SHARED_GREY2"/>
        </material>
		 
		
		 
		 
    </baseMaterial>
    <baseMaterialConfigurations price="1000" useDefaultColors="true" ColorIndex="1">
	
		
		<material name="main_body_mat" shaderParameter="colorMat0"/>
		<material name="slide_mat" shaderParameter="colorMat0"/>
		
	
    </baseMaterialConfigurations>
    <designMaterialConfigurations price="500" useDefaultColors="true" ColorIndex="1">
	
		<designMaterialConfiguration  name="Diamond Plate" color="0.45 0.45 0.45" material="39"/>
		
		<material name="main_body_mat" shaderParameter="colorMat1"/>
		<material name="slide_mat" shaderParameter="colorMat1"/>
    </designMaterialConfigurations>
	
	 
	<wearable wearDuration="480" workMultiplier="5" fieldMultiplier="2"/>
    <washable dirtDuration="90" washDuration="1" workMultiplier="3" fieldMultiplier="2"/>
	
	<foliageBending>
        <bendingNode minX="-1.3" maxX="1.3" minZ="-5.8" maxZ="6.3" yOffset="0.6"/>
    </foliageBending>
	
<i3dMappings>
  <i3dMapping id="base" node="0>" />
  <i3dMapping id="colisions" node="0>0" />
  <i3dMapping id="roof_col_0" node="0>0|0" />
  <i3dMapping id="side1_col" node="0>0|1" />
  <i3dMapping id="side2_col" node="0>0|2" />
  <i3dMapping id="side3_col_0" node="0>0|3" />
  <i3dMapping id="front1_col" node="0>0|4" />
  <i3dMapping id="front2_col" node="0>0|5" />
  <i3dMapping id="side5_col" node="0>0|6" />
  <i3dMapping id="side3_col_1" node="0>0|7" />
  <i3dMapping id="side3_col_2" node="0>0|8" />
  <i3dMapping id="side3_col_3" node="0>0|9" />
  <i3dMapping id="side3_col_4" node="0>0|10" />
  <i3dMapping id="roof_col_1" node="0>0|11" />
  <i3dMapping id="wheels" node="0>1" />
  <i3dMapping id="rim_LF" node="0>1|0" />
  <i3dMapping id="rim_LM" node="0>1|1" />
  <i3dMapping id="rim_LR" node="0>1|2" />
  <i3dMapping id="rim_RR" node="0>1|3" />
  <i3dMapping id="rim_RM" node="0>1|4" />
  <i3dMapping id="rim_RF" node="0>1|5" />
  <i3dMapping id="attacherJoint" node="0>2" />
  <i3dMapping id="connectionHose" node="0>3" />
  <i3dMapping id="hosePart" node="0>3|0" />
  <i3dMapping id="electricBack" node="0>3|1" />
  <i3dMapping id="electricBackAdapter" node="0>3|2" />
  <i3dMapping id="mainBodyGrp" node="0>4" />
  <i3dMapping id="axle1" node="0>4|0" />
  <i3dMapping id="coupler_upper_sq" node="0>4|1" />
  <i3dMapping id="door_rear" node="0>4|2" />
  <i3dMapping id="cube_0" node="0>4|2|0" />
  <i3dMapping id="bottomSupport" node="0>4|3" />
  <i3dMapping id="cube_1" node="0>4|3|0" />
  <i3dMapping id="leg_top_sq" node="0>4|4" />
  <i3dMapping id="shellWindows_0" node="0>4|5" />
  <i3dMapping id="bottomFrame" node="0>4|6" />
  <i3dMapping id="axle2" node="0>4|7" />
  <i3dMapping id="axle3" node="0>4|8" />
  <i3dMapping id="sideDoor" node="0>4|9" />
  <i3dMapping id="cube_2" node="0>4|9|0" />
  <i3dMapping id="doorWindow" node="0>4|9|1" />
  <i3dMapping id="door1.003" node="0>4|9|2" />
  <i3dMapping id="mainBody" node="0>4|10" />
  <i3dMapping id="miscTrim" node="0>4|11" />
  <i3dMapping id="handleRot" node="0>4|12" />
  <i3dMapping id="handle2" node="0>4|12|0" />
  <i3dMapping id="ladder" node="0>4|13" />
  <i3dMapping id="inside" node="0>4|14" />
  <i3dMapping id="trim.002" node="0>4|15" />
  <i3dMapping id="slide" node="0>4|16" />
  <i3dMapping id="extension.001" node="0>4|16|0" />
  <i3dMapping id="extension.002" node="0>4|16|1" />
  <i3dMapping id="sideMarker_08OrangeRight3" node="0>4|16|2" />
  <i3dMapping id="sideMarker_08OrangeRight4" node="0>4|16|3" />
  <i3dMapping id="frontSideSlideCol" node="0>4|16|4" />
  <i3dMapping id="extension.003" node="0>4|16|5" />
  <i3dMapping id="slideBase" node="0>4|16|6" />
  <i3dMapping id="colGroup" node="0>4|16|7" />
  <i3dMapping id="slideColBottom" node="0>4|16|7|0" />
  <i3dMapping id="slideColFront" node="0>4|16|7|1" />
  <i3dMapping id="slideColTop" node="0>4|16|7|2" />
  <i3dMapping id="slideColLeft" node="0>4|16|7|3" />
  <i3dMapping id="slideColRight" node="0>4|16|7|4" />
  <i3dMapping id="shellWindows_1" node="0>4|17" />
  <i3dMapping id="shell.005" node="0>4|18" />
  <i3dMapping id="decalBlankFront" node="0>4|19" />
  <i3dMapping id="extraMatGrp" node="0>4|20" />
  <i3dMapping id="batt_box" node="0>4|20|0" />
  <i3dMapping id="steps" node="0>4|20|1" />
  <i3dMapping id="step1" node="0>4|20|2" />
  <i3dMapping id="cube_3" node="0>4|20|2|0" />
  <i3dMapping id="canopyRot" node="0>4|20|3" />
  <i3dMapping id="awningFabric" node="0>4|20|3|0" />
  <i3dMapping id="tank_box.001" node="0>4|20|4" />
  <i3dMapping id="step2" node="0>4|20|5" />
  <i3dMapping id="cube_4" node="0>4|20|5|0" />
  <i3dMapping id="step3" node="0>4|20|6" />
  <i3dMapping id="cube_5" node="0>4|20|6|0" />
  <i3dMapping id="stepHolder" node="0>4|20|7" />
  <i3dMapping id="sharedLights" node="0>5" />
  <i3dMapping id="sideMarker_08OrangeRight1" node="0>5|0" />
  <i3dMapping id="sideMarker_08OrangeRight2" node="0>5|1" />
  <i3dMapping id="sideMarker_08OrangeRight5" node="0>5|2" />
  <i3dMapping id="sideMarker_08OrangeRight6" node="0>5|3" />
  <i3dMapping id="sideMarker_08OrangeRight15" node="0>5|4" />
  <i3dMapping id="sideMarker_08OrangeRight7" node="0>5|5" />
  <i3dMapping id="sideMarker_08OrangeRight8" node="0>5|6" />
  <i3dMapping id="sideMarker_08OrangeRight9" node="0>5|7" />
  <i3dMapping id="sideMarker_08OrangeRight10" node="0>5|8" />
  <i3dMapping id="sideMarker_08OrangeRight11" node="0>5|9" />
  <i3dMapping id="sideMarker_08OrangeRight12" node="0>5|10" />
  <i3dMapping id="sideMarker_08OrangeRight13" node="0>5|11" />
  <i3dMapping id="sideMarker_08OrangeRight14" node="0>5|12" />
  <i3dMapping id="rear3ChamberLightLeft" node="0>5|13" />
  <i3dMapping id="rear3ChamberLightRight" node="0>5|14" />
</i3dMappings>
</vehicle>