﻿<?xml version="1.0" encoding="utf-8" standalone="no" ?>
<modDesc descVersion="43">
    <author>Greta, Itzpick</author>
    <version>1.0.0.0</version>
    <iconFilename>Store.dds</iconFilename>
    <title>
        <en>FORD F-150 SVT Raptor Edit</en>
    </title>
    <description>
        <en>FORD F-150 SVT Raptor</en>
    </description>
    <storeItems>
        <storeItem xmlFilename="Stock3.6.xml"/>
        <storeItem xmlFilename="BorlaAtak3.6V6.xml"/>
        <storeItem xmlFilename="Offroad3.6.xml"/>
        <storeItem xmlFilename="Supercharged5.0V8Swap.xml"/>
        <storeItem xmlFilename="Roush5.0V8Swap.xml"/>
    </storeItems>
    <newcategory name="jamescustoms" title="Mods" type="VEHICLE" img="jamescustoms.dds"/>
    <changeModTitle modTitle="James&apos;s Customs"/>
    <multiplayer supported="true"/>
    <extraSourceFiles>
        <sourceFile filename="scripts/categorizer.lua"/>
        <sourceFile filename="scripts/ChangeModTitle.lua"/>
    </extraSourceFiles>
    <brands>
        <brand name="FORD" title="Ford Raptor" image="Brand.dds"/>
    </brands>
</modDesc>
