﻿<?xml version="1.0" encoding="utf-8" standalone="no" ?>
<vehicle type="carFillable">
    <annotation>Copyright (C) Edward`s Modding, All Rights Reserved.</annotation>
    <storeData>
        <name>
            <en>Ford Raptor Stock 3.6 V6</en></name>
        <specs>
            <power>456</power>
            <maxSpeed>120</maxSpeed>
        </specs>
        <functions>
            <function>$l10n_function_car</function>
        </functions>
        <image>Store.dds</image>
        <price>45140</price>
        <lifetime>600</lifetime>
        <rotation>0</rotation>
        <brand>FORD</brand>
        <category>cutters</category>
        <vertexBufferMemoryUsage>1487412</vertexBufferMemoryUsage>
        <indexBufferMemoryUsage>360324</indexBufferMemoryUsage>
        <textureMemoryUsage>14330864</textureMemoryUsage>
        <instanceVertexBufferMemoryUsage>0</instanceVertexBufferMemoryUsage>
        <instanceIndexBufferMemoryUsage>0</instanceIndexBufferMemoryUsage>
    </storeData>
    <base>
        <typeDesc>$l10n_typeDesc_car</typeDesc>
        <filename>Raptor.i3d</filename>
        <size width="2.5" length="5"/>
        <components count="1">
            <component centerOfMass="0 0.4 0.20" solverIterationCount="4" mass="3200"/>
        </components>
        <schemaOverlay attacherJointPosition="0 0">
            <default name="DEFAULT_VEHICLE"/>
            <selected name="DEFAULT_VEHICLE_SELECTED"/>
        </schemaOverlay>
    </base>
    <wheels>
        <wheelConfigurations>
            <wheelConfiguration name="$l10n_configuration_valueDefault" price="0">
                <wheels autoRotateBackSpeed="2.5">
                    <wheel hasParticles="true" hasTireTracks="true">
                        <physics tipOcclusionAreaGroupId="1" rotSpeed="1" restLoad="0.6" repr="wheelFrontLeft" radius="0.51" width="0.27" forcePointRatio="0.5" initialCompression="40" suspTravel="0.15" spring="18" damper="5" frictionScale="8"/>
                        <tire tireTrackAtlasIndex="1"/>
                    </wheel>
                    <wheel hasParticles="true" hasTireTracks="true">
                        <physics tipOcclusionAreaGroupId="1" rotSpeed="1" restLoad="0.6" repr="wheelFrontRight" radius="0.51" width="0.27" forcePointRatio="0.5" initialCompression="40" suspTravel="0.15" spring="18" damper="5" frictionScale="8"/>
                        <tire tireTrackAtlasIndex="1"/>
                    </wheel>
                    <wheel hasParticles="true" hasTireTracks="true">
                        <physics tipOcclusionAreaGroupId="1" rotSpeed="0" restLoad="0.6" repr="wheelBackLeft" radius="0.51" width="0.27" forcePointRatio="0.5" initialCompression="40" suspTravel="0.16" spring="18" damper="5" frictionScale="8"/>
                        <tire tireTrackAtlasIndex="1"/>
                    </wheel>
                    <wheel hasParticles="true" hasTireTracks="true">
                        <physics tipOcclusionAreaGroupId="1" rotSpeed="0" restLoad="0.6" repr="wheelBackRight" radius="0.51" width="0.27" forcePointRatio="0.5" initialCompression="40" suspTravel="0.16" spring="18" damper="5" frictionScale="8"/>
                        <tire tireTrackAtlasIndex="1"/>
                    </wheel>
                </wheels>
            </wheelConfiguration>
        </wheelConfigurations>
        <ackermannSteeringConfigurations>
            <ackermannSteering rotSpeed="50" rotMax="41" rotCenterWheel1="3" rotCenterWheel2="4"/>
        </ackermannSteeringConfigurations>
    </wheels>
    <lights>
        <states>
            <state lightTypes="0"/>
            <state lightTypes="0 1 2"/>
        </states>
        <realLights>
            <low>
                <light node="frontLightLow" lightTypes="0"/>
                <light node="highBeamLow" lightTypes="1"/>
            </low>
            <high>
                <light node="frontLightHigh" lightTypes="0"/>
                <light node="highBeamHigh" lightTypes="1"/>
                <light node="highBeamUp" lightTypes="2"/>
                <light node="backLightsHigh1" lightTypes="0 3"/>
                <brakeLight node="backLightsHigh1"/>
                <turnLightLeft node="turnLightLeftFront"/>
                <turnLightLeft node="turnLightLeftBack"/>
                <turnLightRight node="turnLightRightFront"/>
                <turnLightRight node="turnLightRightBack"/>
                <reverseLight node="reverseLight"/>
            </high>
        </realLights>
        <defaultLights>
            <defaultLight shaderNode="backlightsStatic" intensity="22.2" lightTypes="0 3"/>
            <defaultLight shaderNode="frontLightStatic" intensity="7.2" lightTypes="1"/>
            <defaultLight shaderNode="LightsBarStatic" intensity="7.2" lightTypes="2"/>
            <defaultLight shaderNode="BullbarStaticLights" intensity="7.2" lightTypes="2"/>
            <defaultLight shaderNode="DayLight" intensity="7.2" lightTypes="0"/>
            <defaultLight shaderNode="LedsUP" intensity="7.2" lightTypes="2"/>
        </defaultLights>
        <brakeLights>
            <brakeLight shaderNode="backlightsStatic"/>
        </brakeLights>
        <reverseLights>
            <reverseLight shaderNode="reverseLightsStatic" intensity="4.2"/>
        </reverseLights>
        <turnLights>
            <turnLightLeft shaderNode="turnlightLeftStatic"/>
            <turnLightRight shaderNode="turnlightRightStatic"/>
        </turnLights>
        <sounds>
            <switchLight template="SWITCH_01"/>
            <turnLight template="SWITCH_TURNLIGHT"/>
        </sounds>
        <dashboards>
            <dashboard displayType="EMITTER" valueType="lightState" node="rpm_indicator" intensity="0.2" lightTypes="0" groups="MOTOR_ACTIVE"/>
            <dashboard displayType="EMITTER" valueType="lightState" node="speed_indicator" intensity="0.2" lightTypes="0" groups="MOTOR_ACTIVE"/>
            <dashboard displayType="EMITTER" valueType="lightState" node="gauges" intensity="0.5" lightTypes="0" groups="MOTOR_ACTIVE"/>
            <dashboard displayType="EMITTER" valueType="lightState" node="IconsDash" intensity="0.5" lightTypes="0" groups="MOTOR_ACTIVE"/>
            <dashboard displayType="EMITTER" valueType="lightState" node="steerIcons" intensity="0.5" lightTypes="0" groups="MOTOR_ACTIVE"/>
        </dashboards>
    </lights>
    <enterable isTabbable="true">
        <enterReferenceNode node="FordRaptor_main_component1"/>
        <exitPoint node="exitPoint"/>
        <cameras count="2">
            <camera node="outdoorCamera1" rotatable="true" rotateNode="outdoorCameraTarget" limit="true" useWorldXZRotation="true" rotMinX="-1.4" rotMaxX="1" transMin="3.5" transMax="40" translation="0 0 5.75" rotation="-10 180 0">
                <raycastNode node="cameraRaycastNode1"/>
                <raycastNode node="cameraRaycastNode2"/>
            </camera>
            <camera node="indoorCamera1" rotatable="true" limit="true" rotMinX="-1.1" rotMaxX="0.4" transMin="0" transMax="0" useMirror="true" isInside="true" positionSmoothingParameter="0" shadowFocusBox="shadowFocusBox"/>
        </cameras>
        <mirrors>
            <mirror node="mirror01" prio="1"/>
            <mirror node="mirror02" prio="1"/>
            <mirror node="mirror03" prio="1"/>
        </mirrors>
        <characterNode node="player_skin" cameraMinDistance="1.5" spineRotation="-90 0 90">
            <target ikChain="rightFoot" targetNode="player_rightFoot"/>
            <target ikChain="leftFoot" targetNode="player_leftFoot"/>
            <target ikChain="rightArm" targetNode="rightArm" poseId="wideFingers"/>
            <target ikChain="leftArm" targetNode="leftArm" poseId="wideFingers"/>
        </characterNode>
        <characterTargetNodeModifier node="player_rightFoot" transitionTime="0.1">
            <state node="player_rightFootGas" referenceNode="gasPedal"/>
            <state node="player_rightFootBrake" referenceNode="brakePedal"/>
        </characterTargetNodeModifier>
    </enterable>
    <attacherJoints>
        <attacherJoint node="trailerAttacherJointBack" jointType="trailer" lowerRotLimit="10 70 50" upperRotationOffset="0" allowsJointLimitMovement="false" canTurnOnImplement="false" comboTime="1">
            <schema position="1 0" rotation="0" invertX="false"/>
            <attachSound template="ATTACH_01" linkNode="0>"/>
        </attacherJoint>
        <attacherJoint node="trailerAttacherJointBack" jointType="trailerLow" lowerRotLimit="10 70 50" upperRotationOffset="0" allowsJointLimitMovement="false" canTurnOnImplement="false" comboTime="1">
            <schema position="1 0" rotation="0" invertX="false"/>
            <attachSound template="ATTACH_01" linkNode="0>"/>
        </attacherJoint>
    </attacherJoints>
    <connectionHoses>
        <target attacherJointIndices="1 2" type="electric" node="electricBack" socket="electric"/>
    </connectionHoses>
    <drivable>
        <sounds>
            <waterSplash template="WATER_SPLASH_01"/>
        </sounds>
        <steeringWheel node="steeringWheel" indoorRotation="540" outdoorRotation="60"/>
        <dashboards>
            <dashboard displayType="ROT" valueType="accelerationAxis" node="gasPedal" minRot="0 0 0" maxRot="-15 0 0" doInterpolation="true" groups="MOTOR_ACTIVE"/>
            <dashboard displayType="ROT" valueType="decelerationAxis" node="brakePedal" minRot="0 0 0" maxRot="-15 0 0" doInterpolation="true" groups="MOTOR_ACTIVE"/>
        </dashboards>
    </drivable>
    <fillUnit>
        <fillUnitConfigurations>
            <fillUnitConfiguration>
                <fillUnits>
                    <fillUnit unit="$l10n_unit_literShort" showOnHud="false" showInShop="false" fillTypes="diesel" capacity="80">
                        <dashboard displayType="ANIMATION" valueType="fillLevel" animName="loadingBarFuel" minValueAnim="0" maxValueAnim="35" groups="MOTOR_ACTIVE"/>
                    </fillUnit>
                </fillUnits>
            </fillUnitConfiguration>
        </fillUnitConfigurations>
    </fillUnit>
    <motorized>
        <consumerConfigurations>
            <consumerConfiguration>
                <consumer fillUnitIndex="1" usage="20" fillType="diesel"/>
                <!-- usage is per hour at max load and max rpm -->
            </consumerConfiguration>
        </consumerConfigurations>
        <differentialConfigurations>
            <differentialConfiguration>
                <differentials>
                    <differential torqueRatio="0.5" maxSpeedRatio="2" wheelIndex1="1" wheelIndex2="2"/>
                    <!-- front left-right -->
                    <differential torqueRatio="0.5" maxSpeedRatio="2" wheelIndex1="3" wheelIndex2="4"/>
                    <!-- back left-right -->
                    <differential torqueRatio="0.5" maxSpeedRatio="2" differentialIndex1="1" differentialIndex2="2"/>
                    <!-- front-back -->
                </differentials>
            </differentialConfiguration>
        </differentialConfigurations>
        <motorConfigurations>
            <motorConfiguration name="Raptor 3.5L V-6 " hp="456" price="0" dailyUpkeep="35">
                <motor torqueScale="2.4" minRpm="1000" maxRpm="8000" maxForwardSpeed="220" maxBackwardSpeed="45" brakeForce="5" lowBrakeForceScale="0.22" rotInertia="0.0015">
                    <torque rpm="1000" torque="0.9"/>
                    <torque rpm="2400" torque="1"/>
                    <torque rpm="3480" torque="1"/>
                    <torque rpm="4560" torque="0.75"/>
                    <torque rpm="5280" torque="0.63"/>
                    <torque rpm="6000" torque="0.2"/>
                </motor>
                <transmission minForwardGearRatio="10" maxForwardGearRatio="31" minBackwardGearRatio="40" maxBackwardGearRatio="200"/>
            </motorConfiguration>
        </motorConfigurations>
        <exhaustEffects>
            <exhaustEffect node="exhaustParticle1" filename="$data/particleSystems/shared/exhaust.i3d" minRpmColor="0 0 0 1" maxRpmColor="0.01 0.01 0.01 5" minRpmScale="0.20" maxRpmScale="0.60"/>
            <exhaustEffect node="exhaustParticle2" filename="$data/particleSystems/shared/exhaust.i3d" minRpmColor="0 0 0 1" maxRpmColor="0.01 0.01 0.01 5" minRpmScale="0.20" maxRpmScale="0.60"/>
            <exhaustEffect node="exhaustParticle3" filename="$data/particleSystems/shared/exhaust.i3d" minRpmColor="0 0 0 1" maxRpmColor="0.01 0.01 0.01 5" minRpmScale="0.20" maxRpmScale="0.60"/>
            <exhaustEffect node="exhaustParticle4" filename="$data/particleSystems/shared/exhaust.i3d" minRpmColor="0 0 0 1" maxRpmColor="0.01 0.01 0.01 5" minRpmScale="0.20" maxRpmScale="0.60"/>
        </exhaustEffects>
        <dashboards>
            <dashboard displayType="ANIMATION" valueType="rpm" animName="rpmDisplay" minValueAnim="0" maxValueAnim="7000" groups="MOTOR_ACTIVE"/>
            <dashboard displayType="ANIMATION" valueType="speed" animName="speedDisplay" minValueAnim="0" maxValueAnim="140" groups="MOTOR_ACTIVE"/>
        </dashboards>
        <sounds externalSoundFile="sounds/Stock3.6.xml"/>
    </motorized>
    <animations>
        <animation name="backDoor">
            <part node="backDoor" startTime="0.2" endTime="1" startRot="0 0 0" endRot="-100 0 0"/>
        </animation>
        <animation name="rpmDisplay">
            <part node="rpm_indicator" startTime="0" endTime="1" startRot="0 0 0" endRot="0 0 -215"/>
        </animation>
        <animation name="speedDisplay">
            <part node="speed_indicator" startTime="0" endTime="1" startRot="0 0 0" endRot="0 0 -215"/>
        </animation>
        <animation name="loadingBarFuel">
            <part node="fuel_indicator" startTime="0" endTime="1" startRot="0 0 0" endRot="0 0 -73"/>
        </animation>
    </animations>
    <suspensions>
        <suspension useCharacterTorso="true" weight="90" minRotation="0 -5 -5" maxRotation="0 5 5" suspensionParametersY="7 1" suspensionParametersZ="7 1"/>
    </suspensions>
    <foldable>
        <foldingParts>
            <foldingPart animationName="backDoor" speedScale="1"/>
        </foldingParts>
    </foldable>
    <cylindered>
        <movingTools>
            <movingTool node="backDoor" playSound="true"/>
        </movingTools>
        <sounds>
            <hydraulic template="PICKUP_TRUNK" linkNode="FordRaptor_main_component1"/>
        </sounds>
    </cylindered>
    <dashboard>
        <groups>
            <group name="MOTOR_STARTING" isMotorStarting="true"/>
            <group name="MOTOR_ACTIVE" isMotorStarting="true" isMotorRunning="true"/>
        </groups>
    </dashboard>
    <ai>
        <collisionTrigger node="aiCollisionTrigger"/>
    </ai>
    <honk>
        <sound template="HONK_PICKUP"/>
    </honk>
    <tensionBelts>
        <tensionBeltsConfigurations>
            <tensionBeltsConfiguration>
                <tensionBelts linkNode="tensionBelts" jointNode="0>" width="0.075" maxEdgeLength="0.1" geometryBias="0.01" ratchetPosition="0.2" defaultOffset="0.1" defaultOffsetSide="0.1" defaultHeight="4" activationTrigger="beltActivationTrigger">
                    <tensionBelt startNode="tensionBeltStart1" endNode="tensionBeltEnd1" offsetLeft="0.2"/>
                    <tensionBelt startNode="tensionBeltStart2" endNode="tensionBeltEnd2"/>
                    <tensionBelt startNode="tensionBeltStart3" endNode="tensionBeltEnd3"/>
                </tensionBelts>
            </tensionBeltsConfiguration>
        </tensionBeltsConfigurations>
    </tensionBelts>
    <foliageBending>
        <bendingNode minX="-1.15" maxX="1.15" minZ="-2.8" maxZ="2.8" yOffset="0"/>
    </foliageBending>
    <baseMaterial>
        <material name="F150_Mat" baseNode="bonnet">
            <shaderParameter name="colorMat0" value="SHARED_GREY2"/>
        </material>
        <material name="F150_Matt" baseNode="F150_Main">
            <shaderParameter name="colorMat0" value="SHARED_GREY2"/>
        </material>
        <material name="cap_color" baseNode="Body">
            <shaderParameter name="colorMat0" value="SHARED_GREY2"/>
        </material>
        <material name="DualStackColor" baseNode="MOVE">
            <shaderParameter name="colorMat0" value="SHARED_GREY2"/>
        </material>
    </baseMaterial>
    <baseMaterialConfigurations price="1000" useDefaultColors="true" defaultColorIndex="3">
        <baseMaterialConfiguration name="New Silver" color="SHARED_GREY2" material="32"/>
        <baseMaterialConfiguration name="Scarlet Red" color="CASEIH_RED1" material="32"/>
        <baseMaterialConfiguration name="Pearl White" color="STOLL_WHITE2" material="27"/>
        <baseMaterialConfiguration name="Gun Metal" color="SHARED_GREY5" material="32"/>
        <baseMaterialConfiguration name="Blaze Orange" color="FLIEGL_ORANGE1" material="32"/>
        <baseMaterialConfiguration name="Nitro Blue" color="NEWHOLLAND_BLUE1" material="32"/>
        <baseMaterialConfiguration name="brown silver" color="0.403 0.309 0.239" material="32"/>
        <baseMaterialConfiguration name="GREEN3" color="ZUNHAMMER_GREEN3" material="32"/>
        <baseMaterialConfiguration name="OLIVE1" color="URSUS_OLIVE1" material="27"/>
        <baseMaterialConfiguration name="Black Chrome" color="SHARED_BLACK2" material="2"/>
        <baseMaterialConfiguration name="Chrome" color="SHARED_WHITE2" material="2"/>
        <baseMaterialConfiguration name="Silver Metallic" color="ITRUNNER_WHITE1" material="27"/>
        <baseMaterialConfiguration name="Blue Metallic" color="FLIEGL_BLUE1" material="32"/>
        <baseMaterialConfiguration name="Purple Metallic" color="LIZARD_PURPLE1" material="32"/>
        <baseMaterialConfiguration name="Orange Metallic" color="FIAT_ORANGEPAINT" material="27"/>
        <baseMaterialConfiguration name="Black Metallic" color="FIAT_BLACKPAINT" material="32"/>
        <baseMaterialConfiguration name="Green Metallic" color="FIAT_GREENPAINT" material="32"/>
        <baseMaterialConfiguration name="Claas Monster Metallic" color="0.4 0.6 0.02 " material="32"/>
        <baseMaterialConfiguration name="Red Metallic" color="FLIEGL_RED1" material="32"/>
        <baseMaterialConfiguration name="Yellow Metallic" color="BEDNAR_YELLOW1" material="32"/>
        <baseMaterialConfiguration name="Brown Metallic" color="FLIEGL_BROWN1" material="32"/>
        <baseMaterialConfiguration name="Midnight Purple Metallic" color="0.001 0 0.015 " material="27"/>
        <baseMaterialConfiguration name="Black Cherry Metallic" color="0.010 0 0 " material="27"/>
        <baseMaterialConfiguration name="Pearl White" color="FIAT_WHITEPAINT" material="32"/>
        <baseMaterialConfiguration name="Stainless Steel" color="SHARED_WHITE2" material="32"/>
        <baseMaterialConfiguration name="Exley Fav" color="0.041 0.245 0.223 1.0" material="32"/>
        <baseMaterialConfiguration name="Ice" color="0.455 0.855 1 1.0" material="32"/>
        <baseMaterialConfiguration name="Midnight Purple" color="0.001 0 0.015 1" material="32"/>
        <baseMaterialConfiguration name="Black Cherry" color="0.010 0 0 1" material="32"/>
        <baseMaterialConfiguration name="Claas" color="0.4 0.6 0.02 1.0" material="32"/>
        <baseMaterialConfiguration name="Claas Cat" color="0.800 0.443 0.008 1.0" material="32"/>
        <baseMaterialConfiguration name="Claas Monster" color="0.4 0.6 0.02 1.0" material="32"/>
        <baseMaterialConfiguration name="KRONE YELLOW" color="KRONE_YELLOW1" material="32"/>
        <baseMaterialConfiguration name="KRONE GREEN" color="KRONE_GREEN1" material="32"/>
        <baseMaterialConfiguration name="STARA ORANGE" color="STARA_ORANGE" material="32"/>
        <baseMaterialConfiguration name="STARA GREEN" color="STARA_GREEN" material="32"/>
        <baseMaterialConfiguration name="BERGMANN GREEN" color="BERGMANN_GREEN1" material="32"/>
        <baseMaterialConfiguration name="BERGMANN WHITE" color="ITRUNNER_WHITE1" material="32"/>
        <baseMaterialConfiguration name="JOSKIN GREEN" color="JOSKIN_GREEN1" material="32"/>
        <baseMaterialConfiguration name="JOSKIN YELLOW" color="JOSKIN_YELLOW1" material="32"/>
        <baseMaterialConfiguration name="STRAUTMANN GREEN" color="STRAUTMANN_GREEN1" material="32"/>
        <baseMaterialConfiguration name="STRAUTMANN RED" color="STRAUTMANN_RED1" material="32"/>
        <baseMaterialConfiguration name="HAWE GREEN" color="0.0697 0.1541 0.0545 32"/>
        <baseMaterialConfiguration name="HAWE GREY" color="0.0962 0.0962 0.0962 27"/>
        <baseMaterialConfiguration name="TEBBE GREEN" color="0.0008 0.3685 0.1449 32"/>
        <baseMaterialConfiguration name="TEBBE GREY" color="0.6940 0.6940 0.6940 32"/>
        <baseMaterialConfiguration name="MENGELE RED" color="0.7372 0.0151 0.0265 27"/>
        <baseMaterialConfiguration name="MENGELE BLUE" color="0.0759 0.3392 0.4205 32"/>
        <baseMaterialConfiguration name="ANNABURGER RED" color="ANNABURGER_RED1" material="32"/>
        <baseMaterialConfiguration name="ANNABURGER WHITE" color="ANNABURGER_WHITE1" material="32"/>
        <baseMaterialConfiguration name="KAWECO GREEN" color="0.4 0.6 0.05 27"/>
        <baseMaterialConfiguration name="KAWECO ORANGE" color="0.98 0.31 0.02 32"/>
        <baseMaterialConfiguration name="KAWECO GREY" color="0.8671 0.7893 0.6253 32"/>
        <baseMaterialConfiguration name="BRIRI GREEN" color="0.0461 0.0600 0.0414 32"/>
        <baseMaterialConfiguration name="BRIRI GREY" color="0.4423 0.4423 0.4534 32"/>
        <baseMaterialConfiguration name="VICON RED" color="VICON_RED1"/>
        <baseMaterialConfiguration name="VICON DARKBLUE" color="VICON_DARKBLUE" material="32"/>
        <baseMaterialConfiguration name="MAN BEIGE" color="MAN_BEIGECLASSIC" material="32"/>
        <baseMaterialConfiguration name="MAN OLDGREEN" color="MAN_OLDGREEN" material="32"/>
        <baseMaterialConfiguration name="MAN BLUE" color="MAN_BLUE6" material="32"/>
        <material name="F150_Matt" shaderParameter="colorMat0"/>
        <material name="F150_Mat" shaderParameter="colorMat0"/>
        <material name="cap_color" shaderParameter="colorMat0"/>
        <material name="DualStackColor" shaderParameter="colorMat0"/>
    </baseMaterialConfigurations>
    <vehicleTypeConfigurations title="Front Bullbar">
        <vehicleTypeConfiguration name="Vehicle Type Configurations" price="0" vehicleType="carFillable">
            <objectChange node="FrontBullBar" visibilityActive="false" visibilityInactive="false"/>
        </vehicleTypeConfiguration>
        <vehicleTypeConfiguration name="FrontBullBar&amp;Lights_Roof" price="1200" vehicleType="carFillable">
            <objectChange node="Lights_Roof" visibilityActive="true" visibilityInactive="false"/>
            <objectChange node="FrontBullBar" visibilityActive="true" visibilityInactive="false"/>
        </vehicleTypeConfiguration>
        <vehicleTypeConfiguration name="FrontBullBar&amp;BackBullBar" price="600" vehicleType="carFillable">
            <objectChange node="BackBullBar" visibilityActive="true" visibilityInactive="false"/>
            <objectChange node="FrontBullBar" visibilityActive="true" visibilityInactive="false"/>
        </vehicleTypeConfiguration>
        <vehicleTypeConfiguration name="RoofBars&amp;Lights_Roof" price="100" vehicleType="carFillable">
            <objectChange node="Lights_Roof" visibilityActive="true" visibilityInactive="false"/>
            <objectChange node="RoofBars" visibilityActive="true" visibilityInactive="false"/>
        </vehicleTypeConfiguration>
        <vehicleTypeConfiguration name="LedBarRoof" price="100" vehicleType="carFillable">
            <objectChange node="LedBarRoof" visibilityActive="true" visibilityInactive="false"/>
            <objectChange node="BackBullBar" visibilityActive="true" visibilityInactive="false"/>
        </vehicleTypeConfiguration>
        <vehicleTypeConfiguration name="All Parts" price="1900" vehicleType="carFillable">
            <objectChange node="FrontBullBar" visibilityActive="true" visibilityInactive="false"/>
            <objectChange node="BackBullBar" visibilityActive="true" visibilityInactive="false"/>
            <objectChange node="Lights_Roof" visibilityActive="true" visibilityInactive="false"/>
            <objectChange node="RoofBars" visibilityActive="true" visibilityInactive="false"/>
        </vehicleTypeConfiguration>
    </vehicleTypeConfigurations>
    <wearable wearDuration="480" workMultiplier="5" fieldMultiplier="2"/>
    <washable dirtDuration="90" washDuration="1" workMultiplier="3" fieldMultiplier="2"/>
    <i3dMappings>
        <i3dMapping id="FordRaptor_main_component1" node="0>"/>
        <i3dMapping id="FordRaptor_vis" node="0>0"/>
        <i3dMapping id="wheelFrontLeft" node="0>0|0|0"/>
        <i3dMapping id="wheelBackLeft" node="0>0|0|1"/>
        <i3dMapping id="wheelFrontRight" node="0>0|0|2"/>
        <i3dMapping id="wheelBackRight" node="0>0|0|3"/>
        <i3dMapping id="frontLightLow" node="0>0|1|0"/>
        <i3dMapping id="highBeamLow" node="0>0|1|1"/>
        <i3dMapping id="frontLightHigh" node="0>0|1|2"/>
        <i3dMapping id="highBeamHigh" node="0>0|1|3"/>
        <i3dMapping id="backLightsHigh1" node="0>0|1|4"/>
        <i3dMapping id="turnLightLeftFront" node="0>0|1|5"/>
        <i3dMapping id="turnLightLeftBack" node="0>0|1|6"/>
        <i3dMapping id="turnLightRightFront" node="0>0|1|7"/>
        <i3dMapping id="turnLightRightBack" node="0>0|1|8"/>
        <i3dMapping id="reverseLight" node="0>0|1|9"/>
        <i3dMapping id="frontLightStatic" node="0>0|1|10|0"/>
        <i3dMapping id="backlightsStatic" node="0>0|1|10|1"/>
        <i3dMapping id="reverseLightsStatic" node="0>0|1|10|2"/>
        <i3dMapping id="turnlightLeftStatic" node="0>0|1|10|3"/>
        <i3dMapping id="turnlightRightStatic" node="0>0|1|10|4"/>
        <i3dMapping id="DayLight" node="0>0|1|10|5"/>
        <i3dMapping id="outdoorCameraTarget" node="0>0|2|0"/>
        <i3dMapping id="outdoorCamera1" node="0>0|2|0|0"/>
        <i3dMapping id="indoorCamera1" node="0>0|2|1"/>
        <i3dMapping id="cameraRaycastNode1" node="0>0|2|2"/>
        <i3dMapping id="cameraRaycastNode2" node="0>0|2|3"/>
        <i3dMapping id="cameraRaycastNode3" node="0>0|2|4"/>
        <i3dMapping id="shadowFocusBox" node="0>0|2|5"/>
        <i3dMapping id="steeringWheel" node="0>0|3|0"/>
        <i3dMapping id="leftArm" node="0>0|3|0|0"/>
        <i3dMapping id="rightArm" node="0>0|3|0|1"/>
        <i3dMapping id="player_skin" node="0>0|4|0"/>
        <i3dMapping id="player_rightFoot" node="0>0|4|1"/>
        <i3dMapping id="player_leftFoot" node="0>0|4|2"/>
        <i3dMapping id="exitPoint" node="0>0|5"/>
        <i3dMapping id="mirror01" node="0>0|6|0"/>
        <i3dMapping id="mirror02" node="0>0|6|1"/>
        <i3dMapping id="mirror03" node="0>0|6|2"/>
        <i3dMapping id="tensionBelts" node="0>0|7"/>
        <i3dMapping id="tensionBeltStart1" node="0>0|7|0"/>
        <i3dMapping id="tensionBeltEnd1" node="0>0|7|0|0"/>
        <i3dMapping id="tensionBeltStart2" node="0>0|7|1"/>
        <i3dMapping id="tensionBeltEnd2" node="0>0|7|1|0"/>
        <i3dMapping id="tensionBeltStart3" node="0>0|7|2"/>
        <i3dMapping id="tensionBeltEnd3" node="0>0|7|2|0"/>
        <i3dMapping id="beltActivationTrigger" node="0>0|7|4"/>
        <i3dMapping id="exhaustParticle1" node="0>0|8|0"/>
        <i3dMapping id="exhaustParticle2" node="0>0|8|1"/>
        <i3dMapping id="exhaustParticle3" node="0>0|8|2"/>
        <i3dMapping id="exhaustParticle4" node="0>0|8|3"/>
        <i3dMapping id="trailerAttacherJointBack" node="0>0|9"/>
        <i3dMapping id="electricBack" node="0>0|10"/>
        <i3dMapping id="rpm_indicator" node="0>0|11|3|0"/>
        <i3dMapping id="fuel_indicator" node="0>0|11|0|0"/>
        <i3dMapping id="speed_indicator" node="0>0|11|4|0"/>
        <i3dMapping id="gasPedal" node="0>0|11|1"/>
        <i3dMapping id="player_rightFootGas" node="0>0|11|1|0"/>
        <i3dMapping id="brakePedal" node="0>0|11|2"/>
        <i3dMapping id="player_rightFootBrake" node="0>0|11|2|0"/>
        <i3dMapping id="gauges" node="0>0|11|5"/>
        <i3dMapping id="IconsDash" node="0>0|11|6"/>
        <i3dMapping id="steerIcons" node="0>0|3|0|3"/>
        <i3dMapping id="backDoor" node="0>0|12|0"/>
        <i3dMapping id="aiCollisionTrigger" node="0>0|13|0"/>
        <i3dMapping id="Lights_Roof" node="0>0|15|0"/>
        <i3dMapping id="FrontBullBar" node="0>0|15|1"/>
        <i3dMapping id="RoofBars" node="0>0|15|2"/>
        <i3dMapping id="highBeamUp" node="0>0|15|0|5"/>
        <i3dMapping id="LightsBarStatic" node="0>0|15|0|4"/>
        <i3dMapping id="BullbarStaticLights" node="0>0|15|1|2"/>
        <i3dMapping id="F150_Main" node="0>0|14|38"/>
        <i3dMapping id="bonnet" node="0>0|14|2"/>
        <i3dMapping id="BackBullBar" node="0>0|14|37"/>
        <i3dMapping id="LedBarRoof" node="0>0|15|4"/>
        <i3dMapping id="LedsUP" node="0>0|15|4|0"/>
        <i3dMapping id="Body" node="0>0|15|4|1|2"/>
        <i3dMapping id="MOVE" node="0>0|15|4|2|2"/>
    </i3dMappings>
</vehicle>
