<?xml version="1.0" encoding="utf-8" standalone="no" ?>
<crawler>
    <file name="tracks/tracks.i3d" leftNode="0|2" rightNode="0|3"/>
    <scrollerNodes>
        <scrollerNode node="0" scrollSpeed="-0.55" scrollLength="9.548" shaderParameterName="offsetUV" shaderParameterComponent="2"/>
    </scrollerNodes>
    <rotatingParts>
        <rotatingPart node="1" radius="0.762" />
        <rotatingPart node="2" radius="0.210" />
        <rotatingPart node="3" radius="0.210" />
        <rotatingPart node="4" radius="0.210" />
        <rotatingPart node="5" radius="0.47" />
    </rotatingParts>
    <objectChange node="8" visibilityActive="false"/>
    <objectChange node="9" visibilityActive="false"/>
	<objectChange node="10" visibilityActive="false"/>
	<objectChange node="11" visibilityActive="true"/>
    <objectChange node="1|1" visibilityActive="true"/>
    <objectChange node="1|2" visibilityActive="false"/>
</crawler>