<?xml version="1.0" encoding="utf-8" standalone="no" ?>
<sounds>
    <motorStart template="LARGE_TRACTOR_MOTOR_START" file="$data/sounds/vehicles/engine/john_deere_8400r/john_deere_8400r_start.wav" linkNode="0>"/>
    <motorStop template="LARGE_TRACTOR_MOTOR_STOP" file="$data/sounds/vehicles/engine/john_deere_8400r/john_deere_8400r_stop.wav" linkNode="0>"/>

    <motor template="LARGE_TRACTOR_MOTOR_IDLE" file="$data/sounds/vehicles/engine/john_deere_8400r/john_deere_8400r_idle_loop.wav" linkNode="0>"/>
    <motor template="LARGE_TRACTOR_MOTOR_OFFLOAD_RUN" file="$data/sounds/vehicles/engine/john_deere_8400r/john_deere_8400r_run_loop.wav" linkNode="0>"/>
    <motor template="LARGE_TRACTOR_MOTOR_ONLOAD_RUN" file="textures/loadHP360.wav" linkNode="0>"/>

    <gearbox template="DEFAULT_GEARBOX_JD" file="$data/sounds/vehicles/transmission/transmission_jd_loop.wav" linkNode="0>"/>
    <retarder template="DEFAULT_RETARDER" file="$data/sounds/vehicles/retarder/retarder_loop_01.wav" linkNode="0>"/>

    <airCompressorStart template="BRAKE_COMPRESSOR_START" linkNode="0>"/>
    <airCompressorStop template="BRAKE_COMPRESSOR_STOP" linkNode="0>"/>
    <airCompressorRun template="BRAKE_COMPRESSOR_RUN" linkNode="0>"/>
    <compressedAir template="BRAKE_SMALL" linkNode="0>"/>
    <airRelease template="BRAKE_REGULATOR_VALVE" linkNode="0>"/>
</sounds>
