﻿<?xml version="1.0" encoding="utf-8" standalone="no" ?>
<modDesc descVersion="40">
    <author>Lance</author>
    <version>1.0.0.0</version>
    <title>
        <en>CyberQuad</en>
    </title>
    <description>
        <en>
            <![CDATA[John Deere XUV865M]]>
        </en>
        <de>
            <![CDATA[John Deere XUV865M]]>
        </de>
    </description>
    <iconFilename>store.dds</iconFilename>
    <multiplayer supported="true" />
<vehicleTypes>
		<type name="Quad" parent="carFillable" className="Vehicle" filename="$dataS/scripts/vehicles/Vehicle.lua">  
		
			<specialization name="tensionBeltObject"/>	
			<specialization name="attachable"/>	
			<specialization name="addConfig"/>
			<specialization name="cover"/>
        </type>
	</vehicleTypes>	
    <storeItems>
        <storeItem rootNode="vehicle" xmlFilename="Yamaha_Grizzly.xml"/>
    </storeItems>
	<brands>
		<brand name="Tesla" title="Tesla" image="Brand.dds" />
	</brands>
</modDesc>
