﻿<?xml version="1.0" encoding="utf-8" standalone="no" ?>
<vehicle type="Quad">
    <annotation>Copyright (C) GIANTS Software GmbH, All Rights Reserved.</annotation>

    <storeData>
        <name>Tesla CyberQuad</name>
        <specs>
            <power>100</power>
            <maxSpeed>120</maxSpeed>
        </specs>
        <functions>
            <function>$l10n_function_car</function>
        </functions>
        <image>store.dds</image>
        <price>5000</price>
        <lifetime>600</lifetime>
        <rotation>0</rotation>
        <brand>Tesla</brand>
        <category>cars</category>
        <vertexBufferMemoryUsage>1484212</vertexBufferMemoryUsage>
        <indexBufferMemoryUsage>360324</indexBufferMemoryUsage>
        <textureMemoryUsage>14330864</textureMemoryUsage>
        <instanceVertexBufferMemoryUsage>0</instanceVertexBufferMemoryUsage>
        <instanceIndexBufferMemoryUsage>0</instanceIndexBufferMemoryUsage>
    </storeData>
	
    <base>
        <typeDesc>$l10n_typeDesc_car</typeDesc>
        <filename>Yamaha_Grizzly.i3d</filename>
        <size width="2.5" length="5"/>
        <components count="1">
            <component centerOfMass="0 0.2 0.35" solverIterationCount="10" mass="750" />
        </components>
        <schemaOverlay attacherJointPosition="0 0">
            <default name="DEFAULT_VEHICLE"/>
            <selected name="DEFAULT_VEHICLE_SELECTED"/>
        </schemaOverlay>
    </base>
	
    <wheels>
        <wheelConfigurations>
             <wheelConfiguration name="$l10n_configuration_valueDefault" price="0">
                <wheels autoRotateBackSpeed="2.5">
                    <wheel hasParticles="true" hasTireTracks="true">
                        <physics tipOcclusionAreaGroupId="1" rotSpeed="1" restLoad="0.6" repr="WheelFrontRight"  radius="0.31" width="0.27" forcePointRatio="0.5" initialCompression="25" suspTravel="0.25" spring="25" damper="3" frictionScale="2.5" />
                        <tire tireTrackAtlasIndex="1" />
                    </wheel>
                    <wheel hasParticles="true" hasTireTracks="true">
                        <physics tipOcclusionAreaGroupId="1" rotSpeed="1" restLoad="0.6" repr="WheelFrontLeft" radius="0.31" width="0.27" forcePointRatio="0.5" initialCompression="25" suspTravel="0.25" spring="25" damper="3" frictionScale="2.5" />
                        <tire tireTrackAtlasIndex="1" />
                    </wheel>
                    <wheel hasParticles="true" hasTireTracks="true">
                        <physics tipOcclusionAreaGroupId="1" rotSpeed="0" restLoad="0.6" repr="WheelRearLeft"   radius="0.28" width="0.27" forcePointRatio="0.5" initialCompression="25" suspTravel="0.25" spring="25" damper="3" frictionScale="3" />
                        <tire tireTrackAtlasIndex="1" />
                    </wheel>
                    <wheel hasParticles="true" hasTireTracks="true" >
                        <physics tipOcclusionAreaGroupId="1" rotSpeed="0" restLoad="0.6" repr="WheelRearRight"  radius="0.28" width="0.27" forcePointRatio="0.5" initialCompression="25" suspTravel="0.25" spring="25" damper="3" frictionScale="3" />
                        <tire tireTrackAtlasIndex="1" />
                    </wheel>
                </wheels>
            </wheelConfiguration>
        </wheelConfigurations>
		
		<ackermannSteeringConfigurations>
            <ackermannSteering rotSpeed="60" rotMax="42" rotCenterWheel1="2" rotCenterWheel2="3" />
        </ackermannSteeringConfigurations>

    </wheels>
    <enterable isTabbable="true" >
        <enterReferenceNode node="Yamaha_Grizzly"/>
        <exitPoint node="exitPoint"/>

        <cameras count="2">
            <camera node="outdoorCamera" rotatable="true" rotateNode="outdoorCameraTarget" limit="true" useWorldXZRotation="true" rotMinX="-1.4" rotMaxX="1" transMin="3.5" transMax="40" translation="0 0 5.75" rotation="-10 180 0">
            </camera>
            <camera node="indoorCamera1" rotatable="true" limit="true" rotMinX="-1.1" rotMaxX="0.4" transMin="0" transMax="0" useMirror="true" isInside="true" positionSmoothingParameter="0"  shadowFocusBox="shadowFocusBox"/>
        </cameras>

        <characterNode node="player_skin" cameraMinDistance="1.5" spineRotation="-90 0 90" >
            <target ikChain="rightFoot" targetNode="player_rightFoot" />
            <target ikChain="leftFoot"  targetNode="player_leftFoot" />
            <target ikChain="rightArm"  targetNode="rightArm" poseId="wideFingers"/>
            <target ikChain="leftArm"   targetNode="leftArm" poseId="wideFingers"/>
        </characterNode>

    </enterable>
      
	<lights>
        <states>
			<state lightTypes="0" />
            <state lightTypes="0 1" />
        </states>

        <realLights>
            <low>
                <light node="LowBeamLow"   lightTypes="0"/>

            </low>
            <high>
                <light node="LowBeamLow"   lightTypes="0"/>

                <brakeLight node="brakeLight" />
            </high>
        </realLights>

        <defaultLights>
            <defaultLight shaderNode="frontStatic" lightTypes="0" />
            <defaultLight shaderNode="rearStatic" lightTypes="0"/>
        </defaultLights>

      

        <brakeLights>
            <brakeLight shaderNode="rearStatic" intensity="40"/>
        </brakeLights>

        <sounds>
            <switchLight template="SWITCH_01" linkNode="0>" />
        </sounds>
    </lights>

    
<tensionBeltObject>
        <meshNodes>
		<meshNode node="strap"/>
	
        </meshNodes>
    </tensionBeltObject>
    

    <drivable>
        <sounds>
            <waterSplash template="WATER_SPLASH_01" />
        </sounds>
        <steeringWheel node="handleBar" indoorRotation="30" outdoorRotation="30" />

    </drivable>

    <fillUnit>
        <fillUnitConfigurations>
            <fillUnitConfiguration>
                <fillUnits>
                    <fillUnit unit="$l10n_unit_literShort" showOnHud="false" showInShop="false" fillTypes="diesel" capacity="80" >
                    </fillUnit>
                </fillUnits>
            </fillUnitConfiguration>
        </fillUnitConfigurations>
    </fillUnit>

    <motorized>
        <consumerConfigurations>
            <consumerConfiguration>
                <consumer fillUnitIndex="1" usage="20" fillType="diesel" /> <!-- usage is per hour at max load and max rpm -->
            </consumerConfiguration>
        </consumerConfigurations>

        <differentialConfigurations>
            <differentialConfiguration>
                <differentials>
                    <differential torqueRatio="0.5" maxSpeedRatio="1.8" wheelIndex1="1" wheelIndex2="2" /> <!-- front left-right -->
                    <differential torqueRatio="0.5" maxSpeedRatio="1.8" wheelIndex1="3" wheelIndex2="4" /> <!-- back left-right -->
                    <differential torqueRatio="0.5" maxSpeedRatio="1.8" differentialIndex1="1" differentialIndex2="2" /> <!-- front-back -->
                </differentials>
            </differentialConfiguration>
        </differentialConfigurations>

        <motorConfigurations>
            <motorConfiguration name="Stock" hp="50" price="0"  dailyUpkeep="35" >
            <motor torqueScale="2.6" minRpm="1000" maxRpm="6000" maxForwardSpeed="120" maxBackwardSpeed="45" brakeForce="3" lowBrakeForceScale="0.2" rotInertia="0.0015">
                  <torque normRpm="0.2" torque="0.2"/>
                  <torque normRpm="0.25" torque="0.4"/>
                  <torque normRpm="0.3" torque="0.5"/>
                  <torque normRpm="0.35" torque="0.6"/>
                  <torque normRpm="0.4" torque="0.5"/>
                   <torque normRpm="0.5" torque="0.4"/>
            </motor>	
                <transmission minForwardGearRatio="10" maxForwardGearRatio="85" minBackwardGearRatio="40" maxBackwardGearRatio="200" />
            </motorConfiguration>
			
        </motorConfigurations>

       


		
    </motorized>

    <suspensions>
        <suspension useCharacterTorso="true" weight="20" minRotation="0 5 5" maxRotation="0 5 5" suspensionParametersY="7 1" suspensionParametersZ="7 1" />
    </suspensions>

    <dashboard>
        <groups>
            <group name="MOTOR_STARTING" isMotorStarting="true"/>
            <group name="MOTOR_ACTIVE"   isMotorStarting="true" isMotorRunning="true"/>
			
        </groups>
    </dashboard>
	

<ai>
        <collisionTrigger node="trafficCollisionTrigger" />
    </ai>
	<honk>
        <sound template="HONK_PICKUP" />
    </honk>
	
    <foliageBending>
        <bendingNode minX="-1.15" maxX="1.15" minZ="-2.8" maxZ="2.8" yOffset="0" />
    </foliageBending>

    <wearable wearDuration="480" workMultiplier="5" fieldMultiplier="2"/>
    <washable dirtDuration="180" washDuration="1" workMultiplier="3" fieldMultiplier="2"/>
	
	
<i3dMappings>
  <i3dMapping id="Yamaha_Grizzly" node="0>" />
  <i3dMapping id="Yamaha" node="0>0" />
  <i3dMapping id="cameras" node="0>0|0" />
  <i3dMapping id="outdoorCameraTarget" node="0>0|0|0" />
  <i3dMapping id="outdoorCamera" node="0>0|0|0|0" />
  <i3dMapping id="indoorCamera1" node="0>0|0|1" />
  <i3dMapping id="cameraRaycastNode1" node="0>0|0|2" />
  <i3dMapping id="cameraRaycastNode2" node="0>0|0|3" />
  <i3dMapping id="shadowFocusBox" node="0>0|0|4" />
  <i3dMapping id="exitPoint" node="0>0|1" />
  <i3dMapping id="playerRoot" node="0>0|2" />
  <i3dMapping id="player_skin" node="0>0|2|0" />
  <i3dMapping id="player_leftFoot" node="0>0|2|1" />
  <i3dMapping id="player_rightFoot" node="0>0|2|2" />
  <i3dMapping id="joint_root" node="0>0|3" />
  <i3dMapping id="joint_back" node="0>0|3|0" />
  <i3dMapping id="left_baseNode" node="0>0|3|0|0" />
  <i3dMapping id="joint_left" node="0>0|3|0|0|0" />
  <i3dMapping id="joint2_0" node="0>0|3|0|0|0|0" />
  <i3dMapping id="joint3_0" node="0>0|3|0|0|0|0|0" />
  <i3dMapping id="right_baseNode" node="0>0|3|0|1" />
  <i3dMapping id="joint_right" node="0>0|3|0|1|0" />
  <i3dMapping id="joint2_1" node="0>0|3|0|1|0|0" />
  <i3dMapping id="joint3_1" node="0>0|3|0|1|0|0|0" />
  <i3dMapping id="empty" node="0>0|4" />
  <i3dMapping id="attacherJoint" node="0>0|5" />
  <i3dMapping id="trailerAttacherJointBackStock" node="0>0|5|0" />
  <i3dMapping id="trafficCollisionTrigger" node="0>0|6" />
  <i3dMapping id="real_lights" node="0>1" />
  <i3dMapping id="brakeLight" node="0>1|0" />
  <i3dMapping id="LowBeamLow" node="0>1|1" />
  <i3dMapping id="edit" node="0>2" />
  <i3dMapping id="Collection" node="0>3" />
  <i3dMapping id="Cyberquad" node="0>3|0" />
  <i3dMapping id="WheelFrontRight" node="0>3|1" />
  <i3dMapping id="Wheel front right.001" node="0>3|1|0" />
  <i3dMapping id="Wheel front right.002" node="0>3|1|1" />
  <i3dMapping id="WheelFrontLeft" node="0>3|2" />
  <i3dMapping id="Wheel front left.001" node="0>3|2|0" />
  <i3dMapping id="Wheel front left.002" node="0>3|2|1" />
  <i3dMapping id="Rear axle" node="0>3|3" />
  <i3dMapping id="Chain" node="0>3|4" />
  <i3dMapping id="Cyberquad.001" node="0>3|5" />
  <i3dMapping id="strap" node="0>3|6" />
  <i3dMapping id="Cyberquad.003" node="0>3|7" />
  <i3dMapping id="Cyberquad.004" node="0>3|8" />
  <i3dMapping id="Cyberquad.006" node="0>3|9" />
  <i3dMapping id="Cyberquad.007" node="0>3|10" />
  <i3dMapping id="handleBar" node="0>3|11" />
  <i3dMapping id="leftArm" node="0>3|11|0" />
  <i3dMapping id="rightArm" node="0>3|11|1" />
  <i3dMapping id="Rear axle.001" node="0>3|12" />
  <i3dMapping id="rearStatic" node="0>3|13" />
  <i3dMapping id="frontStatic" node="0>3|14" />
  <i3dMapping id="WheelRearLeft" node="0>3|15" />
  <i3dMapping id="Wheel rear left.002" node="0>3|15|0" />
  <i3dMapping id="WheelRearLeft2" node="0>3|15|1" />
  <i3dMapping id="WheelRearRight" node="0>3|16" />
  <i3dMapping id="Wheel rear right.002" node="0>3|16|0" />
  <i3dMapping id="WheelRearRight2" node="0>3|16|1" />
</i3dMappings>
</vehicle>
