﻿<?xml version="1.0" encoding="utf-8" standalone="no"?>
<vehicle type="dynamicMountAttacherTrailer">
	<storeData>
	    <name>CH-5523</name>	
        <specs>
            <combination>Truck, Dolly</combination>	
        </specs>		
        <functions>
            <function>$l10n_function_lowLoader</function>
            <function>$l10n_function_semiTrailer</function>			
        </functions>
        <image>store.dds</image>
        <price>17000</price>
        <lifetime>600</lifetime>
        <rotation>0</rotation>
        <brand>LIZARD</brand>
        <category>lowloaders</category>
        <vertexBufferMemoryUsage>2589248</vertexBufferMemoryUsage>
        <indexBufferMemoryUsage>353070</indexBufferMemoryUsage>
        <textureMemoryUsage>4369696</textureMemoryUsage>
        <instanceVertexBufferMemoryUsage>0</instanceVertexBufferMemoryUsage>
        <instanceIndexBufferMemoryUsage>0</instanceIndexBufferMemoryUsage>		
    </storeData>
	
	<base>
        <typeDesc>$l10n_typeDesc_lowLoader</typeDesc>
        <filename>ch.i3d</filename>
        <size width="3.7" length="11"/>
		<components>
            <component centerOfMass="0 0.3 -1.8" solverIterationCount="40" mass="6000"/>
            <component solverIterationCount="20" mass="500"/>
            <component solverIterationCount="20" mass="500"/>
            <joint component1="1" component2="2" node="fixL" rotLimit="5 0 0" rotLimitSpring="4000 0 0" rotLimitDamping="75 0 0" transLimit="0 0 0" breakable="false"/>
            <joint component1="1" component2="3" node="fixR" rotLimit="5 0 0" rotLimitSpring="4000 0 0" rotLimitDamping="75 0 0" transLimit="0 0 0" breakable="false"/>	
        </components>
        <schemaOverlay attacherJointPosition="0 0">
            <default name="DEFAULT_IMPLEMENT"/>
            <selected name="DEFAULT_IMPLEMENT_SELECTED"/>
        </schemaOverlay>
    </base>

    <wheels>
        <wheelConfigurations>
            <wheelConfiguration name="$l10n_ID_304" price="0">
                <wheels>
                    <wheel filename="wheels/diski.xml" configId="back" isLeft="true" hasTireTracks="false" hasParticles="false">
						<physics rotSpeed="0" restLoad="4.0" repr="wheel03" driveNode="drive03" forcePointRatio="0.12" initialCompression="6" suspTravel="0.13" spring="72" damper="140" transRatio="1" frictionScale="1.45"/>
						<additionalWheel filename="wheels/diski.xml" configId="dual" isLeft="true" offset="0.082" />		
                    </wheel>
                    <wheel filename="wheels/diski.xml" configId="back" isLeft="false" hasTireTracks="false" hasParticles="false">
						<physics rotSpeed="0" restLoad="4.0" repr="wheel04" driveNode="drive04" forcePointRatio="0.12" initialCompression="6" suspTravel="0.13"	spring="72" damper="140" transRatio="1" frictionScale="1.45"/>
						<additionalWheel filename="wheels/diski.xml" configId="dual" isLeft="false" offset="0.082" />						
                    </wheel>
                    <wheel filename="wheels/diski.xml" configId="back" isLeft="true" hasTireTracks="true" hasParticles="true">
						<physics rotSpeed="0" restLoad="4.0" repr="wheel05" driveNode="drive05" forcePointRatio="0.12" initialCompression="6" suspTravel="0.13"	spring="72" damper="140"  transRatio="1" frictionScale="1.45"/>
						<additionalWheel filename="wheels/diski.xml" configId="dual" isLeft="true" offset="0.082" />		
                        <wheelChock 				  filename="$data/shared/assets/wheelChocks/wheelChock02.i3d" parkingNode="wheelChock1" offset="0.38 0 0"  color="0.1 0.1 0.1 6" />	
                        <wheelChock isInverted="true" filename="$data/shared/assets/wheelChocks/wheelChock02.i3d" parkingNode="wheelChock2" offset="-0.38 0 0" color="0.1 0.1 0.1 6" />							
                    </wheel>
                    <wheel filename="wheels/diski.xml" configId="back" isLeft="false" hasTireTracks="true" hasParticles="true">
						<physics rotSpeed="0" restLoad="4.0" repr="wheel06" driveNode="drive06" forcePointRatio="0.12" initialCompression="6" suspTravel="0.13"	spring="72" damper="140"  transRatio="1" frictionScale="1.45"/>
						<additionalWheel filename="wheels/diski.xml" configId="dual" isLeft="false" offset="0.082" />						
                    </wheel>
                </wheels>
				</wheelConfiguration>
        </wheelConfigurations>
    </wheels>

    <attachable>
        <inputAttacherJoints>
            <inputAttacherJoint node="attacherJoint" jointType="semitrailer" >
            </inputAttacherJoint>					
        </inputAttacherJoints>
        <support animationName="moveSupport" />		
        <airConsumer usage="200"/>
        <brakeForce>0.5</brakeForce>		
    </attachable>

	<attacherJoints>
		<attacherJointConfigurations>	
			<attacherJointConfiguration name="$l10n_configuration_valueDefault" price="0">		
            </attacherJointConfiguration>			
			<attacherJointConfiguration name="$l10n_configuration_trailerAttacherBack" price="500">		
			<attacherJoint node="attacher2" jointType="trailer" lowerRotLimit="10 64 55" upperRotationOffset="0" allowsJointLimitMovement="false" canTurnOnImplement="false">
				<schema position="1 0" rotation="0" invertX="false"/>
			</attacherJoint>
                <objectChange node="attacher_vis" visibilityActive="true" visibilityInactive="false"/>			
            </attacherJointConfiguration>				
        </attacherJointConfigurations>		
        <sounds>
            <attach template="ATTACH_01" linkNode="chz_main" />
        </sounds>
    </attacherJoints>
	
    <connectionHoses>
        <hose inputAttacherJointIndices="1" type="electric" node="electricS" length="3.0" diameter="0.016" minDeltaY="-0.45" straighteningFactor="1.5">
            <objectChange node="electricConnect" visibilityActive="true" visibilityInactive="false"/>
            <objectChange node="electricS_cab" 	rotationActive="0 0 0" 	 rotationInactive="-90 0 0"/>
        </hose>
        <hose inputAttacherJointIndices="1" type="airDoubleYellow" node="airYellowS" length="3.0" diameter="0.02" minDeltaY="-0.45" straighteningFactor="1.5">
            <objectChange node="airYConnect" 	visibilityActive="true"  visibilityInactive="false"/>
            <objectChange node="airYellowS_cab" rotationActive="0 0 0"   rotationInactive="-95 0 0"/>
        </hose>
        <hose inputAttacherJointIndices="1" type="airDoubleRed" node="airRedS" length="3.0" diameter="0.02" minDeltaY="-0.45" straighteningFactor="1.5">
            <objectChange node="airRConnect" 	visibilityActive="true"  visibilityInactive="false"/>
            <objectChange node="airRedS_cab" 	rotationActive="0 0 0"   rotationInactive="-95 0 0"/>
        </hose>
        <target attacherJointIndices="1" type="electric" node="electricB">
		    <objectChange node="electricB_cab" rotationActive="0 0 0" rotationInactive="-90 0 0"/>
		</target>
    </connectionHoses>

    <lights>
        <sharedLight linkNode="LightRedL"	filename="$data/shared/assets/lights/lizard/rearLightCircleRed_01.xml" />		
        <sharedLight linkNode="LightRedR"	filename="$data/shared/assets/lights/lizard/rearLightCircleRed_01.xml" />	
        <sharedLight linkNode="LightOrangeL" filename="$data/shared/assets/lights/lizard/rearLightCircleOrange_01_left.xml" />
        <sharedLight linkNode="LightOrangeR" filename="$data/shared/assets/lights/lizard/rearLightCircleOrange_01_right.xml" />

        <reverseLights> 
			<reverseLight   shaderNode="lightStatic"  	   intensity="2"/>
			<reverseLight   shaderNode="innerPartStatic"  intensity="12"/>			
        </reverseLights>
		
        <realLights>
            <high>			
				<turnLightLeft  node="turnLightLeft"/>		
                <turnLightRight node="turnLightRight"/>					
                <brakeLight 	node="breakLights"/>
                <reverseLight   node="reverseLightr" />			
            </high>
        </realLights>

        <sounds>
            <switchLight template="SWITCH_01" 		 linkNode="chz_main" />
            <turnLight 	 template="SWITCH_TURNLIGHT" linkNode="chz_main" />
        </sounds>
    </lights>

	<dynamicMountAttacher triggerNode="dynamicMountTrigger" rootNode="chz_main" jointNode="chz_main" forceAcceleration="500" forceLimitScale="2" />

    <animations>
        <animation name="moveSupport">
            <part node="supp_coll"  	startTime="0.05" endTime="0.45" startTrans="0 0.85 2.653" endTrans="0 0.24 2.653" />		
            <part node="joint_supp" 	startTime="0.05" endTime="0.80" startTrans="0 0.87 2.924" endTrans="0 0.57 2.924" />
        </animation>
        <animation name="folding">
            <part node="rampSprings" startTime="0" endTime="0.05" visibility="true"/>
            <part node="rampSprings" startTime="0.05" endTime="0.1" visibility="false"/>
        </animation>		
    </animations>

	<foldable>
        <foldingParts posDirectionText="action_foldOBJECT" negDirectionText="action_unfoldOBJECT"  startMoveDirection="-1">
            <foldingPart animationName="folding" speedScale="1"/>
        </foldingParts>
    </foldable>

	<cylindered>
        <movingTools>
			<movingTool node="joint_planka" foldMinLimit="0.99" playSound="true">
                <controls axis="AXIS_FRONTLOADER_ARM2" invertAxis="true" mouseSpeedFactor="0.5" iconName="TOP_DOOR_ROTATE" />
                <rotation rotSpeed="100" rotAcceleration="160" rotMax="0" rotMin="-92" rotationAxis="1"/>
                <dependentMovingTool node="joint_rampa" speedScale="1" />				
            </movingTool>		
			<movingTool node="joint_rampa">
                <rotation rotSpeed="100" rotAcceleration="160" rotMax="0" rotMin="-92" rotationAxis="1"/>
            </movingTool>	

        </movingTools>
        <movingParts>
            <movingPart node="most_first" 	referencePoint="most_first_fix"   referenceFrame="wheel04"	isActiveDirty="true" scaleZ="true"   playSound="false" />
            <movingPart node="most_second" 	referencePoint="most_second_fix"  referenceFrame="wheel06"	isActiveDirty="true" scaleZ="true"   playSound="false" />
        </movingParts>
		<sounds>
            <hydraulic template="DEFAULT_HYDRAULIC_SOUND" />
        </sounds>
    </cylindered>

    <foliageBending>
        <bendingNode minX="-1.65" maxX="1.65" minZ="-5.6" maxZ="3.5" yOffset="0.6" />
        <bendingNode minX="-1.2"  maxX="1.2"  minZ="-1.0" maxZ="2.0" yOffset="0.4" />				
    </foliageBending>

	<wearable wearDuration="600" workMultiplier="2" fieldMultiplier="1.5"/>
    <washable dirtDuration="60" washDuration="1" workMultiplier="3" fieldMultiplier="2"/>
	
    <ai>
        <needsLowering value="false"/>	
        <allowTurnBackward value="false" />
    </ai>	

	<designConfigurations>
		<designConfiguration name="$l10n_configuration_valueDefault" price="0" >
				<objectChange node="nastil" visibilityActive="false"/>	
				<objectChange node="wings" visibilityActive="true"/>	
				<objectChange node="warningsigns" visibilityActive="false"/>					
                <objectChange node="col_nastil_bott" compoundChildActive="false"/>	
        </designConfiguration>
        <designConfiguration name="$l10n_configuration_nowings" price="0" >
				<objectChange node="wings" visibilityActive="false"/>	
				<objectChange node="nastil" visibilityActive="false"/>		
				<objectChange node="warningsigns" visibilityActive="true"/>					
                <objectChange node="col_nastil_bott" compoundChildActive="false"/>	
        </designConfiguration>
        <designConfiguration name="$l10n_configuration_wide" price="2000" >
				<objectChange node="wings" visibilityActive="false"/>		
				<objectChange node="nastil" visibilityActive="true"/>		
				<objectChange node="warningsigns" visibilityActive="true"/>						
                <objectChange node="col_nastil_bott" compoundChildActive="true"/>	
        </designConfiguration>		
    </designConfigurations>	
	
	<baseMaterial>
		<material name="tral_m" baseNode="body_new">
			<shaderParameter name="colorMat0" value="0.007 0.058 0.202"/>
			<shaderParameter name="colorMat1" value="0.007 0.058 0.202"/>			
		</material>
		<material name="tral_m" baseNode="nastil_vis">
			<shaderParameter name="colorMat0" value="0.007 0.058 0.202"/>
			<shaderParameter name="colorMat1" value="0.007 0.058 0.202"/>	
		</material>
		<material name="tral_m" baseNode="wings">
			<shaderParameter name="colorMat0" value="0.007 0.058 0.202"/>
			<shaderParameter name="colorMat1" value="0.007 0.058 0.202"/>	
		</material>		
		<material name="rifl_mat" baseNode="perf1">
			<shaderParameter name="colorMat0" value="0.007 0.058 0.202"/>
			<shaderParameter name="colorMat1" value="0.007 0.058 0.202"/>
		</material>
		<material name="rifl_mat" baseNode="perf2">
			<shaderParameter name="colorMat0" value="0.007 0.058 0.202"/>
			<shaderParameter name="colorMat1" value="0.007 0.058 0.202"/>
		</material>
		<material name="rifl_mat" baseNode="perf3">
			<shaderParameter name="colorMat0" value="0.007 0.058 0.202"/>
			<shaderParameter name="colorMat1" value="0.007 0.058 0.202"/>
		</material>		
		<material name="wheelChockSupport_mat" baseNode="ChockBase1">
			<shaderParameter name="colorMat0" value="0.007 0.058 0.202"/>
		</material>				
		<material name="atta_mat" baseNode="attacher_vis">
			<shaderParameter name="colorMat0" value="0.007 0.058 0.202"/>
		</material>			
		
	</baseMaterial>
	 
	<baseMaterialConfigurations useDefaultColors="true" price="1500">
		<material name="tral_m"   shaderParameter="colorMat0"/>
		<material name="tral_m"   shaderParameter="colorMat1"/>		
		<material name="rifl_mat" shaderParameter="colorMat0"/>
		<material name="rifl_mat" shaderParameter="colorMat1"/>	
		<material name="atta_mat" shaderParameter="colorMat0"/>					
		<material name="wheelChockSupport_mat" shaderParameter="colorMat0"/>			
        <baseMaterialConfiguration name="$l10n_ARMY" color="0.035 0.035 0.015"/>		
	</baseMaterialConfigurations>

	<rimColorConfigurations useDefaultColors="true" price="500">
    	<rimColorConfiguration name="$l10n_configuration_valueDefault" color="0.048 0.049 0.050" material="6" />		
	</rimColorConfigurations>	

	<i3dMappings>
		<i3dMapping id="fixL" 				   node="0>6|0" />
		<i3dMapping id="fixR" 				   node="0>6|1" />
        <i3dMapping id="wheel03" 			   node="1>0" />	
        <i3dMapping id="wheel04" 			   node="2>0" />			
        <i3dMapping id="wheel05" 			   node="1>1" />	
        <i3dMapping id="wheel06" 			   node="2>1" />	
        <i3dMapping id="drive03" 			   node="1>0|0" />	
        <i3dMapping id="drive04" 			   node="2>0|0" />	 
        <i3dMapping id="drive05" 			   node="1>1|0" />	
        <i3dMapping id="drive06" 			   node="2>1|0" />	
		<i3dMapping id="attacherJoint" 		   node="0>3|0" />
        <i3dMapping id="electricS" 			   node="0>7|0|0" />	
        <i3dMapping id="airYellowS" 		   node="0>7|1|0" />			
        <i3dMapping id="airRedS" 			   node="0>7|2|0" />	
        <i3dMapping id="electricS_cab" 		   node="0>7|0|1" />	
        <i3dMapping id="airYellowS_cab" 	   node="0>7|1|1" />	
        <i3dMapping id="airRedS_cab" 		   node="0>7|2|1" />			
        <i3dMapping id="electricConnect" 	   node="0>7|0|3" />			
        <i3dMapping id="airYConnect" 		   node="0>7|1|2" />	
        <i3dMapping id="airRConnect" 		   node="0>7|2|2" />	 
		<i3dMapping id="turnLightLeft" 		   node="0>4|5|1|0" />
		<i3dMapping id="turnLightRight" 	   node="0>4|5|1|1" />
		<i3dMapping id="breakLights" 		   node="0>4|5|0|0" />
		<i3dMapping id="chz_main" 			   node="0>" />
		<i3dMapping id="supp_coll" 			   node="0>1|1" />
		<i3dMapping id="joint_supp" 		   node="0>1|0" />
		<i3dMapping id="dynamicMountTrigger"   node="0>8" />
		<i3dMapping id="nastil" 			   node="0>5|1" />
		<i3dMapping id="wings" 				   node="0>5|0|0" />		
        <i3dMapping id="most_first" 		   node="2>0|1" />	
        <i3dMapping id="most_second" 		   node="2>1|1" />	
        <i3dMapping id="most_first_fix" 	   node="1>0|1" />	
        <i3dMapping id="most_second_fix" 	   node="1>1|1" />		
		<i3dMapping id="joint_planka" 		   node="0>0|1|0" />
		<i3dMapping id="joint_rampa" 		   node="0>0|1|0|0" />		
		<i3dMapping id="rampSprings"   		   node="0>5|6" />
		<i3dMapping id="col_nastil_bott" 	   node="0>5|1|1" />
		<i3dMapping id="body_new" 			   node="0>0|2" />
		<i3dMapping id="perf1" 				   node="0>5|7" />
		<i3dMapping id="perf2" 				   node="0>0|1|0|0|4" />
		<i3dMapping id="perf3" 				   node="0>0|1|0|0|5" />
		<i3dMapping id="ChockBase1" 		   node="0>5|8|0" />
		<i3dMapping id="ChockBase2" 		   node="0>5|8|1" />		
		<i3dMapping id="wheelChock1" 		   node="0>5|8|0|1" />
		<i3dMapping id="wheelChock2" 		   node="0>5|8|1|1" />
        <i3dMapping id="LightRedL" 	   		   node="0>4|0" />	
        <i3dMapping id="LightRedR" 	 		   node="0>4|1" />
        <i3dMapping id="LightOrangeL" 		   node="0>4|2" />	
        <i3dMapping id="LightOrangeR" 	 	   node="0>4|3" />	
		<i3dMapping id="warningsigns" 		   node="0>5|5" />		
        <i3dMapping id="reverseLightr" 		   node="0>4|5|2|0" />	
		<i3dMapping id="lightStatic" 		   node="0>4|4|0|1" />
		<i3dMapping id="innerPartStatic" 	   node="0>4|4|0|0" />		
		<i3dMapping id="attacher2" 		   	   node="0>3|1" />
		<i3dMapping id="attacher_vis" 	   	   node="0>3|2" />			
		<i3dMapping id="nastil_vis" 		   node="0>5|1|0" />		
		<i3dMapping id="electricB" 		   	   node="0>3|2|0|0" />
		<i3dMapping id="electricB_cab" 	   	   node="0>3|2|0|1" />				
	</i3dMappings>
</vehicle>
