<?xml version="1.0" encoding="utf-8" standalone="no"?>
<modDesc descVersion="53">
    <author>Karl911</author>
    <version>1.1.0.0</version>
    <title>
        <en>LIZARD CH-5523</en>	
    </title>
      <description>
        <en>
<![CDATA[Lizard CH-5523.
2 axles semi-trailer to transport vehicles quick and safe.

- price: 17,000;
- enhanced fixation;
- mouse controlled ramps
- body and rims color configuration;
- wide decking for oversized machinery (option);
- suspension animation.

v.1.1.0.0 Changelog:
- Improved stability of the semi-trailer
- Added rear hitch
- Added back light
- Reinforced fixation
- Changed the default color to Army Green
- Added warning tape for Wide decking.
]]>
</en>

<de>
<![CDATA[Lizard CH-5523.
2-Achsen-Sattelauflieger zum schnellen und sicheren Transport von Fahrzeugen.

- Preis: 17.000;
- verbesserte Fixierung;
- Mausgesteuerte Rampen
- Farbkonfiguration von Karosserie und Felgen;
- Verbreiterung  für übergroße Maschinen (Option);
- Befestigungsanimation.

v.1.1.0.0 Changelog:
- Verbesserte Stabilität des Sattelaufliegers
- Hintere Anhängekupplung hinzugefügt
- Rücklicht hinzugefügt
- Verstärkte Fixierung
- Standardfarbe zu Armeegrün geändert
- Warnband für Verbreiterung hinzugefügt.
]]>
</de>

<ru>
<![CDATA[Lizard CH-5523.
Двухосный полуприцеп для быстрой и безопасной перевозки автотранспорта.

- Цена: 17000;
- Улучшенная фиксация;
- Пандусы, управляемые мышью
- Выбор цвета корпуса и колесных дисков;
- Широкий настил для крупногабаритных машин (опция);
- Анимация подвески.

v.1.1.0.0 Список изменений:
- Улучшена устойчиаость прицепа
- Добавлен заднее прицепное устройство
- Добавлен задний свет
- Усилена фиксация транспорта на трале
- Изменен начальный цвет на защитный
- Добавлена габаритная лента для широкого настила.
]]>
</ru>
    </description>
    <iconFilename>icon_ch5523.dds</iconFilename>
    <multiplayer supported="true"/>
    <l10n>	
        <text name="ID_304">          				<en>ID-304</en>           				<de>ID-304</de>        			<ru>ИД-304</ru>        				</text>		
        <text name="ch">            				<en>LIZARD CH-5523</en>          		<de>LIZARD CH-5523</de>     	<ru>LIZARD CH-5523</ru>        		</text>		
 		<text name="configuration_nowings">			<en>Without fenders</en>       			<de>Ohne Kotflügel</de>			<ru>Без крыльев</ru>				</text>			
		<text name="configuration_wide">			<en>Wide decking</en>           		<de>Verbreiterung</de>			<ru>Широкий настил</ru>				</text>		
        <text name="ARMY">            				<en>Army Green</en>            			<de>Armeegrün</de>				<ru>Защитный</ru>        			</text>		
    </l10n>

    <storeItems>
        <storeItem rootNode="vehicle" xmlFilename="ch.xml"/>
    </storeItems>	

</modDesc>
