<?xml version="1.0" encoding="utf-8" standalone="no" ?>
<wheel>
    <default>
        <physics radius="0.33" width="0.21" mass="0.034" tireType="offRoad" frictionScale="1.60" maxLongStiffness="8" maxLatStiffness="100" maxLatStiffnessLoad="2" />
        <tire filename="$data/shared/wheels/lizard/atv/_27x9_14.i3d" nodeLeft="0|0" nodeRight="0|0" maxDeformation="0.03" isCareWheel="true" tireTrackAtlasIndex="0" />
        <outerRim filename="$data/shared/wheels/rims/rim001.i3d" node="0|0" widthAndDiam="6 18" />
        <innerRim filename="$data/shared/wheels/rims/rim001.i3d" nodeLeft="2|0" nodeRight="2|1" widthAndDiam="11 18" />
    </default>
    <configurations>
        <configuration id="mahindra" >
            <innerRim filename="$data/shared/wheels/rims/mahindra/x9_14.i3d" />
        </configuration>
    </configurations>
</wheel>
