﻿<?xml version="1.0" encoding="utf-8" standalone="no" ?>
<modDesc descVersion="40">
    <author>MyGameSteam</author>
    <version>1.0.0.0</version>
    <title>
        <en>Snow Plow</en>
    </title>
    <description>
        <en><![CDATA[
		Snow Plow:     - Price: 1,450 $
					   
						
						
						
						]]></en>
    </description>
    <iconFilename>plow.dds</iconFilename>
    <multiplayer supported="true"/>
    <storeItems>
        
		 <storeItem xmlFilename="plow.xml"/>
    </storeItems>
	
	
	<specializations>
        <specialization name="snowPlow" className="SnowPlow" filename="src/SnowPlow.lua"/>
    </specializations>
	
	
	
	<extraSourceFiles>
        <sourceFile filename="src/SeasonsAvailabilityCheck.lua"/>
    </extraSourceFiles>
	
	<brands>
		<brand name="Hummer" title="Hummer" image="logo.dds" />
	</brands>
	
	<vehicleTypes>
        <type name="Plow" className="Vehicle" filename="$dataS/scripts/vehicles/Vehicle.lua">
            <specialization name="baseMaterial"/>
            <specialization name="tipOccluder"/>
            <specialization name="foliageBending"/>
            <specialization name="washable"/>
            <specialization name="wearable"/>
            <specialization name="dynamicallyLoadedParts"/>
            <specialization name="animatedVehicle"/>
            <specialization name="cylindered"/>
            <specialization name="mountable"/>
            <specialization name="wheels"/>
            <specialization name="slopeCompensation"/>
            <specialization name="speedRotatingParts"/>
            <specialization name="attachable"/>
            <specialization name="lights"/>
            <specialization name="powerTakeOffs"/>
            <specialization name="powerConsumer"/>
            <specialization name="suspensions"/>
            <specialization name="aiImplement"/>
            <specialization name="connectionHoses"/>
            <specialization name="attacherJoints"/>
            <specialization name="foldable"/>
            <specialization name="cylinderedFoldable"/>
            <specialization name="fillUnit"/>
            <specialization name="fillVolume"/>
            <specialization name="cover"/>
            <specialization name="snowPlow"/>
        </type>
    </vehicleTypes>
	
	
	
</modDesc>
