﻿<?xml version="1.0" encoding="utf-8" standalone="no" ?>
<vehicle type="Plow">
    <annotation>Copyright (C) GIANTS Software GmbH, All Rights Reserved.</annotation>

    <storeData>
        <name>Snow Plow</name>
        <specs>
            <workingWidth>3.0</workingWidth>
        </specs>
        <functions>
            <function>$l10n_function_leveler</function>
        </functions>
        <image>plow.dds</image>
        <price>1450</price>
        <lifetime>600</lifetime>
        <rotation>0</rotation>
        <brand>Hummer</brand>
        <category>misc</category>
        <vertexBufferMemoryUsage>299540</vertexBufferMemoryUsage>
        <indexBufferMemoryUsage>75588</indexBufferMemoryUsage>
        <textureMemoryUsage>1922544</textureMemoryUsage>
        <instanceVertexBufferMemoryUsage>0</instanceVertexBufferMemoryUsage>
        <instanceIndexBufferMemoryUsage>0</instanceIndexBufferMemoryUsage>
    </storeData>

    <base>
        <typeDesc>$l10n_typeDesc_leveler</typeDesc>
        <filename>plow.i3d</filename>
        <size width="4.5" length="1.5" />
        <components>
            <component centerOfMass="0 0.3 0" solverIterationCount="20" mass="630" />
        </components>
        <schemaOverlay attacherJointPosition="0 0">
            <default name="DEFAULT_IMPLEMENT"/>
            <selected name="DEFAULT_IMPLEMENT_SELECTED"/>
        </schemaOverlay>
    </base>
	
	 

    <attachable>
        <inputAttacherJoints>
            <inputAttacherJoint node="0>0|0" jointType="skidSteer"/>
        </inputAttacherJoints>		
		<support animationName="moveSupport"/>
    </attachable>

    <animations>
        <animation name="moveSupport">
            <part node="0>2|10" startTime="0" endTime="0.2" startTrans="0.094 0.328 -0.228" endTrans="0.094 0.184 -0.228" />
            <part node="0>3|0" startTime="0" endTime="0.2" startTrans="0 0.27 -0.193" endTrans="0 0.037 -0.193" />
        </animation>
    </animations>

    <fillUnit>
        <fillUnitConfigurations>
            <fillUnitConfiguration>
                <fillUnits>
                    <fillUnit unit="$l10n_unit_literShort" fillTypeCategories="bulk windrow" capacity="8000" showInShop="false"/>
                </fillUnits>
            </fillUnitConfiguration>
        </fillUnitConfigurations>
    </fillUnit>
	<snowPlow fillUnitIndex="1" pickUpDirection="1">
        <nodes>
            <node node="0>2|12|0|6" rotDependentNode="0>2|12|0" rotThreshold="9" width="3" minDropWidth="3" maxDropWidth="4" tipOffset="0.45"/>
        </nodes>

        <effects>
            <effectNode effectNode="0>2|12|0|5|5" materialType="unloading" materialTypeId="1" maxBending="0.8"/>
            <effectNode effectClass="ParticleEffect" effectNode="0>2|12|0|5|0" particleType="SNOW" emitCountScale="2" worldSpace="false"/>
            <effectNode effectClass="ParticleEffect" effectNode="0>2|12|0|5|1" particleType="SNOW_CHUNKS" emitCountScale="2" worldSpace="false"/>
            <effectNode effectClass="ParticleEffect" effectNode="0>2|12|0|5|2" particleType="SNOW_BIG_CHUNKS" emitCountScale="1" worldSpace="false"/>
            <effectNode effectClass="ParticleEffect" effectNode="0>2|12|0|5|3" particleType="SNOW_SMOKE" emitCountScale="10"/>
            <effectNode effectClass="ParticleEffect" effectNode="0>2|12|0|5|4" particleType="SNOW_SMOKE" emitCountScale="5"/>
        </effects>

        <sounds>
            <work file="sounds/snowplow.ogg" innerRadius="5.0" outerRadius="50.0" fadeOut="0.1">
                <volume indoor="0.5" outdoor="1.5" >
                    <modifier type="SPEED" value="0.50" modifiedValue="0.0" />
                    <modifier type="SPEED" value="5.00" modifiedValue="1.0" />
                </volume>
                <pitch indoor="1.0" outdoor="1.0" >
                    <modifier type="SPEED" value="0.00" modifiedValue="0.8" />
                    <modifier type="SPEED" value="10.0" modifiedValue="1.05" />
                </pitch>
                <lowpassGain indoor="0.7" outdoor="1.0" />
            </work>
        </sounds>
    </snowPlow>
    <!-- <leveler fillUnitIndex="1" >
        <levelerNode node="0>2|12|0|4|0" width="1.7" minDropWidth="1.0" maxDropWidth="1.5" minDropHeight="0.02" maxDropHeight="1.167" minDropDirOffset="0.6" maxDropDirOffset="0.6" />
        <pickUpDirection>1</pickUpDirection>
        <effects>
            <effectNode effectNode="0>2|12|0|4|1|0" effectClass="LevelerEffect" materialType="leveler" materialTypeId="1" fadeTime="0.5" speed="-1" maxHeight="1.167" />
        </effects>
    </leveler> -->
	
	<cylindered>
        <movingTools>
            <movingTool node="0>2|12">
                <controls axis="AXIS_FRONTLOADER_ARM" invertAxis="true"/>
                <rotation rotSpeed="25" rotAcceleration="35" rotMax="15" rotMin="-12" rotationAxis="1"/>  
                <dependentMovingTool node="0>6" speedScale="1" />
				<dependentPart node="0>2|7" />
				<dependentPart node="0>2|5" />
				<dependentPart node="0>2|6" />
            </movingTool>
            <movingTool node="0>2|12|0">
				<controls axis="AXIS_FRONTLOADER_TOOL" invertAxis="false" invertMouseAxis="false" speedFactor="0.8"/>
                <rotation rotSpeed="25" rotAcceleration="35" rotMax="25" rotMin="-25" rotationAxis="2"/>
                <dependentMovingTool node="0>6|0" speedScale="1" />
				<dependentPart node="0>2|5" />
				<dependentPart node="0>2|6" />
			</movingTool>
            <movingTool node="0>6">
                <rotation rotSpeed="25" rotAcceleration="35" rotMax="10" rotMin="-10" rotationAxis="1"/>  
            </movingTool>
            <movingTool node="0>6|0">
                <rotation rotSpeed="25" rotAcceleration="35" rotMax="25" rotMin="-25" rotationAxis="2"/>
			</movingTool>
        </movingTools>
		<movingParts>
			<movingPart node="0>2|7" referencePoint="0>2|12|2" referenceFrame="0>2|12|2">
                <translatingPart node="0>2|7|0" />
            </movingPart>
			<movingPart node="0>2|5" referencePoint="0>2|12|0|2" referenceFrame="0>2|12|0|2">
                <translatingPart node="0>2|5|0" />
            </movingPart>
			<movingPart node="0>2|6" referencePoint="0>2|12|0|3" referenceFrame="0>2|12|0|3">
                <translatingPart node="0>2|6|0" />
            </movingPart>
        </movingParts>
        <sounds>
            <hydraulic template="DEFAULT_HYDRAULIC_SOUND" linkNode="0>"/>
        </sounds>
    </cylindered>
    <foliageBending>
        <bendingNode minX="-1.9" maxX="1.9" minZ="-0.4" maxZ="0.4" yOffset="0.1" />
    </foliageBending>
	
	<baseMaterial>
        <material name="body" baseNode="0>2|12|0|0|5|0|0">
            <shaderParameter name="colorMat2" value="SHARED_GREY2"/>
        </material>
       
    </baseMaterial>
    <dischargeable requiresTipOcclusionArea="false"/>
    <baseMaterialConfigurations price="1000" useDefaultColors="true" defaultColorIndex="0">
        <baseMaterialConfiguration name="New Silver" color="SHARED_GREY2" material="27"/>
        <baseMaterialConfiguration name="Scarlet Red"  color="CASEIH_RED1" material="27"/>
        <baseMaterialConfiguration name="Pearl White"  color="STOLL_WHITE2" material="27"/>
        <baseMaterialConfiguration name="Gun Metal"  color="SHARED_GREY5" material="27"/>
        <baseMaterialConfiguration name="Blaze Orange"  color="FLIEGL_ORANGE1" material="27"/>
        <baseMaterialConfiguration name="Nitro Blue"  color="NEWHOLLAND_BLUE1" material="27"/>
        <baseMaterialConfiguration name="Deep Blue"  color="HATZENBICHLER_DARKBLUE1" material="27"/>
        <baseMaterialConfiguration name="Deer Green"  color="JOHNDEERE_GREEN1" material="27"/>
        <baseMaterialConfiguration name="Deer Yellow"  color="JOHNDEERE_YELLOW1" material="27"/>
        <baseMaterialConfiguration name="SILVER"        color="SHARED_GREY2"        material="27" price="2000"/>
        <baseMaterialConfiguration name="CHARCOAL"      color="SHARED_GREY5"        material="27" price="2000"/>
        <baseMaterialConfiguration name="LINE X"        color="0.016 0.016 0.016"   material="25" price="2000"/>
        <baseMaterialConfiguration name="BLACK CHERRY"  color="0.010 0 0 1"         material="27" price="2000"/>
        <baseMaterialConfiguration name="ICONIK BLUE"   color="FENDT_VIOLET1"       material="27" price="2000"/>
        <baseMaterialConfiguration name="TURQUOISE"     color="GOLDHOFER_GREEN1"    material="27" price="2000"/>
        <baseMaterialConfiguration name="MIDNIGHT BLUE" color="0.001 0 0.015 1"     material="27" price="2000"/>
        <baseMaterialConfiguration name="BURNT ORANGE"  color="0.5 0.08 0.0046 1"   material="27" price="2000"/>
        <baseMaterialConfiguration name="CHROME"        color="SHARED_WHITE2"       material="2" price="2500"/>
        <baseMaterialConfiguration name="GOLD"          color="KRONE_YELLOW1"       material="2" price="2500"/>
        <baseMaterialConfiguration name="BLACK CHROME"  color="SHARED_BLACK2"       material="2" price="2500"/>
        <baseMaterialConfiguration name="RED CHROME"    color="CASEIH_RED1"         material="2" price="2500"/>
        <baseMaterialConfiguration name="BLUE CHROME"   color="NEWHOLLAND_BLUE1"    material="2" price="2500"/>
        <baseMaterialConfiguration name="GREEN CHROME"  color="KRONE_GREEN1"        material="2" price="2500"/>
        <baseMaterialConfiguration name="YELLOW CHROME" color="JOHNDEERE_YELLOW1"   material="2" price="2500"/>
        <baseMaterialConfiguration name="ORANGE CHROME" color="STARA_ORANGE"        material="2" price="2500"/>
        <baseMaterialConfiguration name="STAINLESS"     color="SHARED_WHITE2"       material="3" price="2000"/>
        <baseMaterialConfiguration name="GOLD CANDY"    color="KRONE_YELLOW1"       material="3" price="2000"/>
        <baseMaterialConfiguration name="BLACK CANDY"   color="SHARED_BLACK2"       material="3" price="2000"/>
        <baseMaterialConfiguration name="RED CANDY"     color="CASEIH_RED1"         material="3" price="2000"/>
        <baseMaterialConfiguration name="BLUE CANDY"    color="NEWHOLLAND_BLUE1"    material="3" price="2000"/>
        <baseMaterialConfiguration name="GREEN CANDY"   color="KRONE_GREEN1"        material="3" price="2000"/>
        <baseMaterialConfiguration name="YELLOW CANDY"  color="JOHNDEERE_YELLOW1"   material="3" price="2000"/>
        <baseMaterialConfiguration name="ORANGE CANDY"  color="STARA_ORANGE"        material="3" price="2000"/>
        <baseMaterialConfiguration name="WHITE METALIC"     color="SHARED_WHITE2"       material="27" price="1500"/>
        <baseMaterialConfiguration name="TAN METALIC "      color="KRONE_YELLOW1"       material="27" price="1500"/>
        <baseMaterialConfiguration name="BLACK METALIC"     color="SHARED_BLACK2"       material="27" price="1500"/>
        <baseMaterialConfiguration name="RED METALIC"       color="CASEIH_RED1"         material="27" price="1500"/>
        <baseMaterialConfiguration name="BLUE METALIC"      color="NEWHOLLAND_BLUE1"    material="27" price="1500"/>
        <baseMaterialConfiguration name="GREEN METALIC"     color="KRONE_GREEN1"        material="27" price="1500"/>
        <baseMaterialConfiguration name="YELLOW METALIC"    color="JOHNDEERE_YELLOW1"   material="27" price="1500"/>
        <baseMaterialConfiguration name="ORANGE METALIC"    color="STARA_ORANGE"        material="27" price="1500"/>
        <baseMaterialConfiguration name="WHITE MATTE"   color="SHARED_WHITE2"       material="1" price="1250"/>
        <baseMaterialConfiguration name="TAN MATTE"     color="KRONE_YELLOW1"       material="1" price="1250"/>
        <baseMaterialConfiguration name="BLACK MATTE"   color="SHARED_BLACK2"       material="1" price="1250"/>
        <baseMaterialConfiguration name="RED MATTE"     color="CASEIH_RED1"         material="1" price="1250"/>
        <baseMaterialConfiguration name="BLUE MATTE"    color="NEWHOLLAND_BLUE1"    material="1" price="1250"/>
        <baseMaterialConfiguration name="GREEN MATTE"   color="KRONE_GREEN1"        material="1" price="1250"/>
        <baseMaterialConfiguration name="YELLOW MATTE"  color="JOHNDEERE_YELLOW1"   material="1" price="1250"/>
        <baseMaterialConfiguration name="ORANGE MATTE"  color="STARA_ORANGE"        material="1" price="1250"/>
        <baseMaterialConfiguration name="KRONE GREEN"       color="KRONE_GREEN1"            material="0" price="1000"/>
        <baseMaterialConfiguration name="KRONE YELLOW"      color="KRONE_YELLOW1"           material="0" price="1000"/>
        <baseMaterialConfiguration name="CLAAS"             color="0.4 0.6 0.02 1.0"        material="0" price="1000"/>
        <baseMaterialConfiguration name="CLAAS US"          color="0.800 0.443 0.008 1.0"   material="0" price="1000"/>
        <baseMaterialConfiguration name="NEWHOLLAND YELLOW" color="NEWHOLLAND_YELLOW1"      material="0" price="1000"/>
        <baseMaterialConfiguration name="BROWN"             color="SHARED_BROWN1"           material="0" price="1000"/>
        <baseMaterialConfiguration name="CYAN"              color="KOMATSU_CYAN"            material="0" price="1000"/>
        <baseMaterialConfiguration name="HUSQVARNA"         color="HUSQVARNA_ORANGE1"       material="0" price="1000"/>
        <baseMaterialConfiguration name="Black Chrome" color="SHARED_BLACK2" material="2" />
        <baseMaterialConfiguration name="Chrome" color="SHARED_WHITE2" material="2"/>
        <baseMaterialConfiguration name="Silver Metallic" color="ITRUNNER_WHITE1" material="27"/>
        <baseMaterialConfiguration name="Blue Metallic" color="FLIEGL_BLUE1" material="27" />
        <baseMaterialConfiguration name="Purple Metallic" color="LIZARD_PURPLE1" material="27" />
        <baseMaterialConfiguration name="Orange Metallic" color="FIAT_ORANGEPAINT" material="27" />
        <baseMaterialConfiguration name="Black Metallic" color="FIAT_BLACKPAINT"  material="27" />
	    <material name="body" shaderParameter="colorMat2" />
   </baseMaterialConfigurations>

    <wearable wearDuration="480" workMultiplier="5" fieldMultiplier="2"/>
    <washable dirtDuration="90" washDuration="1" workMultiplier="6" fieldMultiplier="2"/>
	
	<i3dMappings>
		<i3dMapping id="highBeamHigh" node="0>4|1"/>
        <i3dMapping id="frontLightLow" node="0>4|0"/> 
        <i3dMapping id="turnlightLeftFront" node="0>4|2"/>
        <i3dMapping id="turnLightRightFront" node="0>4|3"/>
		
	    <i3dMapping id="defaultLightStatic1" node="0>1|2"/>					
		<i3dMapping id="lowBeamLightStatic" node="0>1|1"/>
        <i3dMapping id="highBeamLightStatic" node="0>1|0"/>
        <i3dMapping id="turnlightLeftStatic" node="0>1|3"/>
        <i3dMapping id="turnlightRightStatic" node="0>1|4"/> 
	</i3dMappings>
</vehicle>
