<?xml version="1.0" encoding="UTF-8" standalone="yes" ?>
<l10n>
    <texts>
        <text name="ui_precisionFarming_header" text="Agriculture de précision"/>
        <text name="ui_precisionFarming_laboratory" text="Laboratoire"/>
        <text name="ui_precisionFarming_laboratory_analyse" text="Le laboratoire analyse %d échantillons de sol."/>
        <text name="ui_precisionFarming_laboratory_idle" text="Aucun échantillon de sol à analyser actuellement."/>
        <text name="ui_precisionFarming_economicAnalysis" text="Analyse économique"/>
        <text name="ui_precisionFarming_economicAnalysisHeaderField" text="Champ %d (%.2f ha)"/>
        <text name="ui_precisionFarming_economicAnalysisHeaderAdditionalField" text="Champ supplémentaire (%.2f ha)"/>
        <text name="ui_precisionFarming_economicAnalysisHeaderValuesPeriod" text="Valeurs depuis dernière réinitialisation"/>
        <text name="ui_precisionFarming_economicAnalysisHeaderValuesTotal" text="Valeurs totales"/>
        <text name="ui_precisionFarming_economicAnalysisButtonPeriod" text="Afficher valeurs depuis réinitialisation"/>
        <text name="ui_precisionFarming_economicAnalysisButtonTotal" text="Afficher valeurs totales"/>
        <text name="ui_precisionFarming_economicAnalysisTotal" text="Total"/>
        <text name="ui_precisionFarming_economicAnalysisReset" text="Réinitialiser"/>
        <text name="ui_precisionFarming_economicAnalysisSoilSamples" text="Échantillons de sol :"/>
        <text name="ui_precisionFarming_economicAnalysisLime" text="Chaux :"/>
        <text name="ui_precisionFarming_economicAnalysisFertilizer" text="Engrais minéral :"/>
        <text name="ui_precisionFarming_economicAnalysisLiquidFertilizer" text="Engrais liquide :"/>
        <text name="ui_precisionFarming_economicAnalysisManure" text="Fumier :"/>
        <text name="ui_precisionFarming_economicAnalysisLiquidManure" text="Lisier :"/>
        <text name="ui_precisionFarming_economicAnalysisSeeds" text="Semences :"/>
        <text name="ui_precisionFarming_economicAnalysisFuel" text="Carburant :"/>
        <text name="ui_precisionFarming_economicAnalysisVehicleMaintenance" text="Entretien des véhicules :"/>
        <text name="ui_precisionFarming_economicAnalysisAIHelperCosts" text="Ouvrier de l'IA :"/>
        <text name="ui_precisionFarming_economicAnalysisYield" text="Rendement :"/>
        <text name="ui_precisionFarming_economicAnalysisTotalCosts" text="Coûts totaux"/>
        <text name="ui_precisionFarming_economicAnalysisTotalEarnings" text="Revenus totaux"/>
        <text name="ui_precisionFarming_help" text="Aide"/>
        <text name="ui_precisionFarming_resetYield" text="Effacer carte du rendement sur champ %d"/>
        <text name="ui_precisionFarming_resetYieldAdditionalField" text="Effacer carte du rendement sur champ supplémentaire"/>
        <text name="ui_precisionFarming_fieldBuyInfo_header" text="Informations du champ"/>
        <text name="ui_precisionFarming_fieldBuyInfo_soilDis" text="Distribution du sol"/>
        <text name="ui_precisionFarming_fieldBuyInfo_yieldPot" text="Rendement potentiel escompté"/>
        <text name="precisionFarming_firstStart" text="Vous venez d'installer le mode Agriculture de précision. Ce mode ajoute plus de réalisme et des aspects de l'agriculture réelle dans Farming Simulator.

Nous avons ajouté plusieurs pages au menu Aide pour tout vous expliquer. Voulez-vous y accéder maintenant ?"/>
        <text name="precisionFarming_helpHeader" text="Agriculture de précision"/>
        <text name="precisionFarming_helpTitle_01" text="Général"/>
        <text name="precisionFarming_helpText_01_part01" text="Ce mode Agriculture de précision ajoute plus de réalisme et des aspects de l'agriculture réelle dans Farming Simulator. L'accent y est mis sur les différents types de sol, qui affectent chacun la croissance de vos cultures.

Ce mode ajoute une carte spécifiquement conçue pour vous donner de nouvelles informations détaillées sur le sol à différents points du terrain. Vous pouvez accéder à cette carte via un onglet à côté de la carte du monde dans le menu.


"/>
        <text name="precisionFarming_helpText_01_part02" text=""/>
        <text name="precisionFarming_helpText_01_part03" text="This EIT Food activity has received funding from the European Institute of Innovation and Technology (EIT), a body of the European Union, under Horizon2020, the EU Framework Programme for Research and Innovation.

EIT Food is Europe’s leading agri-food innovation initiative, with the aim to create a sustainable and future-proof food sector. The initiative is made up of a consortium of key industry players, start-ups, research centres and universities from across Europe. EIT Food aims to collaborate closely with consumers to develop new knowledge and technology-based products and services that will ultimately deliver a healthier and more sustainable lifestyle for all European citizens."/>
        <text name="precisionFarming_helpTitle_02" text="Types de sol"/>
        <text name="precisionFarming_helpText_02_part01" text="Ce mode classe le sol en quatre types différents. Chaque type de sol a ses propres caractéristiques qui influencent la croissance des cultures et, au final, le rendement. Ainsi, chaque type de sol requiert un traitement spécial afin de l'exploiter le mieux possible."/>
        <text name="precisionFarming_helpText_02_part02" text="Types de sol :
- Sable glaiseux
- Glaise sableuse
- Glaise
- Argile limoneuse "/>
        <text name="precisionFarming_helpTitle_03" text="Échantillonnage du sol"/>
        <text name="precisionFarming_helpText_03_part01" text="Pour déterminer où se trouve quel type de sol dans le champ, vous devez d'abord analyser le sol. Pour ce faire, vous pouvez utiliser une unité d'échantillonnage des sols, comme l'ISARIA SCOUT, disponible au magasin. Conduisez jusqu'à différents points du champ avec l'unité d'échantillonnage des sols. Prélevez plusieurs échantillons de sol jusqu'à ce que le champ apparaisse complètement en rouge foncé sur la carte du sol. Cette couleur indique où des échantillons ont déjà été prélevés."/>
        <text name="precisionFarming_helpText_03_part02" text="Ensuite, vous pouvez envoyer ces échantillons de sol au laboratoire pour y être analysés. Quelques minutes plus tard, les résultats apparaissent sur la carte du sol. De plus, vous pouvez à présent aussi voir la carte du pH et de l'azote."/>
        <text name="precisionFarming_helpTitle_04" text="Valeurs de pH"/>
        <text name="precisionFarming_helpText_04_part01" text="À côté de la carte du sol se trouve la carte des valeurs de pH. Cette dernière indique si le sol est plus acide ou basique. La valeur de pH doit toujours se situer dans la plage cible optimale selon le type de sol.

Valeurs de pH cibles par type de sol :
- Sable glaiseux : 6,0
- Glaise sableuse : 6,5
- Glaise : 6,75
- Argile limoneuse : 7,0"/>
        <text name="precisionFarming_helpText_04_part02" text="La valeur de pH peut être augmentée en chaulant le champ. Cette opération est recommandée toutes les trois récoltes. Par défaut, l'épandeur de chaux aligne automatiquement le taux d'application sur le taux requis pour atteindre le niveau de pH cible optimal, mais vous avez aussi l'option de le contrôler manuellement. Si la valeur du pH n'atteint pas le niveau optimal, le rendement diminue. Selon le type de sol, le niveau de pH diminue après chaque récolte."/>
        <text name="precisionFarming_helpTitle_05" text="Valeur d'azote"/>
        <text name="precisionFarming_helpText_05_part01" text="À côté de la carte du pH se trouve la carte de l'azote. Cette dernière indique le niveau actuel d'azote dans le sol. Le niveau d'azote optimal dépend de la culture plantée et du type de sol. En marchant sur le champ et en regardant les &quot;informations du champ&quot;, vous pouvez voir les niveaux d'azote actuels et cibles d'un point spécifique du champ."/>
        <text name="precisionFarming_helpText_05_part02" text="Le niveau d'azote peut-être augmenté en ajoutant soit de l'engrais, soit du fumier. Du lisier ou du fumier augmenteront le niveau d'azote d'une valeur fixe en fonction du type de sol. Il est recommandé de réaliser cette opération avant de préparer le champ pour le prochain semis. Les engrais liquides et minéraux ajustent le niveau d'azote automatiquement selon les besoins de la culture, si celle-ci est déjà plantée. Cette opération doit être réalisée dans les premiers stades de croissance, après avoir semer la culture. Il est toujours possible de contrôler manuellement le taux d'application."/>
        <text name="precisionFarming_helpTitle_06" text="Carte du rendement"/>
        <text name="precisionFarming_helpText_06_part01" text="Dans la carte du rendement, vous pouvez observer le rendement sur des points spécifiques du champ. Cela peut vous permettre ensuite d'analyser le champ."/>
        <text name="precisionFarming_helpText_06_part02" text=""/>
        <text name="precisionFarming_helpTitle_07" text="Analyse économique"/>
        <text name="precisionFarming_helpText_07_part01" text="Pour profiter d'une analyse économique de chaque champ, vous pouvez cliquez sur chacun d'eux sur la page &quot;Agriculture de précision&quot;. Une fenêtre s'ouvrira alors, indiquant les coûts, les revenus et le solde total du champ."/>
        <text name="precisionFarming_helpText_07_part02" text="Vous pouvez soit voir les valeurs totales du champ, soit voir une statistique depuis la dernière réinitialisation. Cela vous permet de suivre les données sur plusieurs récoltes."/>
        <text name="precisionFarming_helpTitle_08" text="Station RTK"/>
        <text name="precisionFarming_helpText_08_part01" text="Deux nouveaux bâtiments coiffés d'une antenne RTK sont disponibles au magasin. Cette antenne fournit un meilleur signal GPS pour les ouvriers."/>
        <text name="precisionFarming_helpText_08_part02" text="Tant que l'un de ces nouveaux bâtiments est placé sur la carte, la précision des ouvriers augmente et ils travaillent jusqu'à 11 % plus vite qu'avant."/>
        <text name="ui_mapOverviewSoilPA" text="Types de sol"/>
        <text name="ui_mapOverviewYieldPA" text="Rendement"/>
        <text name="ui_mapOverviewPHPA" text="pH"/>
        <text name="ui_mapOverviewNitrogen" text="Azote"/>
        <text name="typeDesc_soilSampler" text="unité d'échantillonnage du sol"/>
        <text name="function_soilSampler" text="Avec une unité d'échantillonnage des sols, vous pouvez prélever des échantillons de sol pour obtenir des informations plus détaillées sur un champ et les travaux à y entreprendre."/>
        <text name="action_takeSoilSample" text="Prélever un échantillon de sol"/>
        <text name="action_sendSoilSamples" text="Envoyer les échantillons de sol à l'analyse"/>
        <text name="info_numSamplesTaken" text="Échantillons de sol prélevés : %d"/>
        <text name="info_samplesSend" text="Les échantillons de sol sont à présent envoyés au laboratoire pour analyse. Vous verrez bientôt les résultats sur la carte des types de sol."/>
        <text name="info_samplesAnalysed" text="Échantillons de sol analysés"/>
        <text name="pa_fieldInfo_soil" text="Sol"/>
        <text name="pa_fieldInfo_phValue" text="Valeur de pH"/>
        <text name="pa_fieldInfo_nValue" text="Azote"/>
        <text name="pa_fieldInfo_perfect" text="Parfait"/>
        <text name="pa_fieldInfo_good" text="Bon"/>
        <text name="pa_fieldInfo_ok" text="Moyen"/>
        <text name="pa_fieldInfo_bad" text="Mauvais"/>
        <text name="ui_precisionFarming_soilType_1" text="Sable glaiseux"/>
        <text name="ui_precisionFarming_soilType_2" text="Glaise sableuse"/>
        <text name="ui_precisionFarming_soilType_3" text="Glaise"/>
        <text name="ui_precisionFarming_soilType_4" text="Argile limoneuse"/>
        <text name="pa_sampledArea" text="Échantillon de sol prélevés"/>
        <text name="ui_precisionFarming_outdatedData" text="Données obsolètes"/>
        <text name="shopItem_rtkStation" text="Bâtiment avec station de base RTK"/>
        <text name="shopItem_garageRtkStation" text="Abri avec station de base RTK"/>
        <text name="function_rtkStation" text="Cette station offre à vos véhicules un meilleur signal GPS, ce qui permet à vos ouvriers contrôlés par l'IA de conduire avec plus de précision et de travailler plus rapidement."/>
        <text name="hudExtension_headline_ph_lime" text="Valeurs de pH - Application de chaux"/>
        <text name="hudExtension_headline_n_solidFertilizer" text="Azote - Application d'engrais minéral"/>
        <text name="hudExtension_headline_n_liquidFertilizer" text="Azote - Application d'engrais liquide"/>
        <text name="hudExtension_headline_n_slurryTanker" text="Azote - Application de lisier"/>
        <text name="hudExtension_headline_n_manureSpreader" text="Azote - Application de fumier"/>
        <text name="hudExtension_actualValue" text="Actuel
%s"/>
        <text name="hudExtension_newValue" text="Nouveau : %s"/>
        <text name="hudExtension_targetReached" text="Cible atteinte
%s"/>
        <text name="hudExtension_applicationRate" text="Taux d'application :"/>
        <text name="hudExtension_soilType" text="Sol : %s"/>
        <text name="hudExtension_unknown" text="Inconnu"/>
        <text name="hudExtension_automaticShort" text="auto."/>
        <text name="hudExtension_description_limeAuto" text="Augmentation du pH à la valeur optimale pour &quot;%s&quot; (%s)"/>
        <text name="hudExtension_description_limeManual" text="Affichage de la valeur de pH optimale pour &quot;%s&quot; (%s)"/>
        <text name="hudExtension_description_slurryAuto" text="Application de lisier selon le potentiel de rendement du sol (%s)"/>
        <text name="hudExtension_description_manureAuto" text="Application de fumier selon le potentiel de rendement du sol (%s)"/>
        <text name="hudExtension_description_fertilizerAutoFruit" text="Augmentation du niveau d'azote à la valeur optimale pour &quot;%s&quot; sur %s"/>
        <text name="hudExtension_description_fertilizerAutoNoFruit" text="Aucune culture sélectionnée. Semez d'abord pour de meilleurs résultats. Application de la valeur par défaut pour &quot;%s&quot;."/>
        <text name="hudExtension_description_fertilizerManualFruit" text="Affichage de la valeur optimale pour &quot;%s&quot; sur %s"/>
        <text name="hudExtension_description_fertilizerManualNoFruit" text="Aucune culture sélectionnée. Semez d'abord pour voir l'engrais recommandé. "/>
        <text name="hudExtension_description_noFertilizerRequired" text="La culture n'a pas besoin d'engrais supplémentaire."/>
        <text name="hudExtension_invalidValues" text="Aucune valeur encore détectée"/>
        <text name="action_toggleSprayAmountAutoModePos" text="Activer le taux d'application automatique"/>
        <text name="action_toggleSprayAmountAutoModeNeg" text="Désactiver le taux d'application automatique"/>
        <text name="action_toggleSprayAmountManual" text="Changer le taux d'application"/>
        <text name="soilStates_replaced" text="Voir Agriculture de précision"/>
        <text name="input_JD_PA_SPRAY_AMOUNT_1" text="Augmenter la quantité vaporisée"/>
        <text name="input_JD_PA_SPRAY_AMOUNT_2" text="Réduire la quantité vaporisée"/>
        <text name="input_JD_PA_SPRAY_AMOUNT_MODE" text="Activer/Désactiver la quantité vaporisée auto."/>
    </texts>
</l10n>
