<?xml version="1.0" encoding="UTF-8" standalone="yes" ?>
<l10n>
    <texts>
        <text name="ui_precisionFarming_header" text="精準農業"/>
        <text name="ui_precisionFarming_laboratory" text="實驗室"/>
        <text name="ui_precisionFarming_laboratory_analyse" text="實驗室正在分析%d土壤樣本。"/>
        <text name="ui_precisionFarming_laboratory_idle" text="目前沒有土壤樣本可供分析。"/>
        <text name="ui_precisionFarming_economicAnalysis" text="經濟分析"/>
        <text name="ui_precisionFarming_economicAnalysisHeaderField" text="田地%d（%.2f公頃）"/>
        <text name="ui_precisionFarming_economicAnalysisHeaderAdditionalField" text="額外田地（%.2f公頃）"/>
        <text name="ui_precisionFarming_economicAnalysisHeaderValuesPeriod" text="自上次重設後的數值"/>
        <text name="ui_precisionFarming_economicAnalysisHeaderValuesTotal" text="總數值"/>
        <text name="ui_precisionFarming_economicAnalysisButtonPeriod" text="顯示重設後的數值"/>
        <text name="ui_precisionFarming_economicAnalysisButtonTotal" text="顯示總數值"/>
        <text name="ui_precisionFarming_economicAnalysisTotal" text="總數"/>
        <text name="ui_precisionFarming_economicAnalysisReset" text="重設"/>
        <text name="ui_precisionFarming_economicAnalysisSoilSamples" text="土壤樣本："/>
        <text name="ui_precisionFarming_economicAnalysisLime" text="石灰："/>
        <text name="ui_precisionFarming_economicAnalysisFertilizer" text="無機肥料："/>
        <text name="ui_precisionFarming_economicAnalysisLiquidFertilizer" text="液體肥料："/>
        <text name="ui_precisionFarming_economicAnalysisManure" text="堆肥："/>
        <text name="ui_precisionFarming_economicAnalysisLiquidManure" text="水肥："/>
        <text name="ui_precisionFarming_economicAnalysisSeeds" text="種子："/>
        <text name="ui_precisionFarming_economicAnalysisFuel" text="燃料："/>
        <text name="ui_precisionFarming_economicAnalysisVehicleMaintenance" text="機具維護："/>
        <text name="ui_precisionFarming_economicAnalysisAIHelperCosts" text="人工智慧幫手："/>
        <text name="ui_precisionFarming_economicAnalysisYield" text="產量："/>
        <text name="ui_precisionFarming_economicAnalysisTotalCosts" text="總花費"/>
        <text name="ui_precisionFarming_economicAnalysisTotalEarnings" text="總收益"/>
        <text name="ui_precisionFarming_help" text="說明"/>
        <text name="ui_precisionFarming_resetYield" text="清除田地%d上的產量圖"/>
        <text name="ui_precisionFarming_resetYieldAdditionalField" text="清除額外田地上的產量圖"/>
        <text name="ui_precisionFarming_fieldBuyInfo_header" text="田地資訊"/>
        <text name="ui_precisionFarming_fieldBuyInfo_soilDis" text="土壤分布"/>
        <text name="ui_precisionFarming_fieldBuyInfo_yieldPot" text="預期的潛在產量"/>
        <text name="precisionFarming_firstStart" text="您剛剛已安裝精準農業模組。
這款模組在《Farming Simulator》中加入了更多真實農耕的實際情況。
我們在「說明選單」中添加了一些新的頁面來解釋所有內容。
想要現在打開嗎？"/>
        <text name="precisionFarming_helpHeader" text="精準農業"/>
        <text name="precisionFarming_helpTitle_01" text="一般"/>
        <text name="precisionFarming_helpText_01_part01" text="這款精準農業模組在《Farming Simulator》中加入了更多真實農耕的實際情況。
主要是針對不同的土壤類型，類型不同會影響農作物的生長。
該模組新增了一張概覽地圖，專門提供相關地圖上特定地點新的、更詳細的土壤資訊。
可透過選單中世界地圖旁邊的標籤進入該地圖。


"/>
        <text name="precisionFarming_helpText_01_part02" text=""/>
        <text name="precisionFarming_helpText_01_part03" text="This EIT Food activity has received funding from the European Institute of Innovation and Technology (EIT), a body of the European Union, under Horizon2020, the EU Framework Programme for Research and Innovation.

EIT Food is Europe’s leading agri-food innovation initiative, with the aim to create a sustainable and future-proof food sector. The initiative is made up of a consortium of key industry players, start-ups, research centres and universities from across Europe. EIT Food aims to collaborate closely with consumers to develop new knowledge and technology-based products and services that will ultimately deliver a healthier and more sustainable lifestyle for all European citizens."/>
        <text name="precisionFarming_helpTitle_02" text="土壤類型"/>
        <text name="precisionFarming_helpText_02_part01" text="這款模組將地面分為四種類型的土壤。
各個土壤類型都有自己的特點，會影響作物的生長，最終影響產量的數量。
因此，每種土壤類型都需要進行特殊處理，才能從田地獲得最大的產量。"/>
        <text name="precisionFarming_helpText_02_part02" text="土壤類型：
- 壤質砂土
- 砂質壤土
- 壤土
- 粉質粘土 "/>
        <text name="precisionFarming_helpTitle_03" text="土壤採樣"/>
        <text name="precisionFarming_helpText_03_part01" text="要想確定哪種土壤類型位於田地的什麼位置，必須先分析土壤。
這可以透過ISARIA SCOUT這類的土壤採樣設備來完成，在商店裡就能買到。
利用土壤採樣裝置開到田地的多個位置。
多次採集土壤樣本，直到土壤圖上全部蓋滿深紅色的田地。
這種顏色表示已經採集過樣本的地方。"/>
        <text name="precisionFarming_helpText_03_part02" text="之後就可以將土壤樣本送到實驗室進行分析。
幾分鐘後，您會在土壤圖上看到結果。
此外，您現在還可以看到pH值和Nitrogen圖。"/>
        <text name="precisionFarming_helpTitle_04" text="pH值"/>
        <text name="precisionFarming_helpText_04_part01" text="在土壤圖的旁邊，您可以找到pH值圖。
這會表明土壤的酸鹼度。根據土壤類型，pH值應該隨時處於最佳目標範圍內。

每種土壤類型的目標pH值：
- 壤質砂土：6.0
- 砂質壤土：6.5
- 壤土：6.75
- 粉質粘土：7.0"/>
        <text name="precisionFarming_helpText_04_part02" text="可以藉由限制田地來提高pH值。
建議每隔三次收割進行一次。預設情況下，石灰撒佈機會自動調整施灌率，
使其達到最佳pH值目標水準所需的比率，但也可以選擇手動控制。
如果pH值未處於最佳水準，產量就會下降。
根據土壤類型的不同，每次收割後pH值都會下降。"/>
        <text name="precisionFarming_helpTitle_05" text="Nitrogen值"/>
        <text name="precisionFarming_helpText_05_part01" text="在pH值圖的旁邊，您可以找到Nitrogen圖。
這會顯示目前地面的Nitrogen含量。最佳Nitrogen含量取決於種植的作物和土壤類型。
在田地走一走，查看「田地資訊顯示」，
您就可以看到田地某個特定位置的目前和目標Nitrogen含量。"/>
        <text name="precisionFarming_helpText_05_part02" text="可以藉由肥料或堆肥來提高Nitrogen含量。
水肥或堆肥會根據土壤類型增加固定值的Nitrogen含量。建議在下一次播種前做好田地準備工作。
無機和液體肥料在已經種植作物的情況下，會根據作物需求自動調整Nitrogen含量。
應在作物播種後的第一個生長狀態內進行。隨時可以手動控制施灌率。"/>
        <text name="precisionFarming_helpTitle_06" text="產量圖"/>
        <text name="precisionFarming_helpText_06_part01" text="在產量圖中，您可以看到田地特定位置的產量。
之後可以用來分析田地。"/>
        <text name="precisionFarming_helpText_06_part02" text=""/>
        <text name="precisionFarming_helpTitle_07" text="經濟分析"/>
        <text name="precisionFarming_helpText_07_part01" text="點擊「精準農業」頁面中的各塊田地即可獲取每塊田地的經濟分析。
這將打開一個視窗，列出該田地的成本、收益和結餘總數。"/>
        <text name="precisionFarming_helpText_07_part02" text="你可以查看該田地的總數值，也可以統計上次按下重置按鈕後的統計資料。
這為您提供了追蹤多項採收資料的可行性。"/>
        <text name="precisionFarming_helpTitle_08" text="RTK站"/>
        <text name="precisionFarming_helpText_08_part01" text="商店裡推出兩棟新建築，上面附有RTK（實時動態技術）天線。
這種天線可以替幫手提供更好的GPS訊號。"/>
        <text name="precisionFarming_helpText_08_part02" text="只要在地圖上放置一棟新建築，幫手的精確度就會提高，且工作速度會比以往快11%。"/>
        <text name="ui_mapOverviewSoilPA" text="土壤類型"/>
        <text name="ui_mapOverviewYieldPA" text="產量"/>
        <text name="ui_mapOverviewPHPA" text="pH"/>
        <text name="ui_mapOverviewNitrogen" text="Nitrogen"/>
        <text name="typeDesc_soilSampler" text="土壤採樣裝置"/>
        <text name="function_soilSampler" text="有了土壤採樣裝置，您就可以採集土壤樣本，為今後的工作步驟提供關於田地更詳細的資訊。"/>
        <text name="action_takeSoilSample" text="採集土壤樣本"/>
        <text name="action_sendSoilSamples" text="將土壤樣本送去分析"/>
        <text name="info_numSamplesTaken" text="採集的土壤樣本：%d"/>
        <text name="info_samplesSend" text="土壤樣本現在被送往實驗室進行分析。您很快就會在土壤類型圖上看到結果。"/>
        <text name="info_samplesAnalysed" text="已分析土壤樣本"/>
        <text name="pa_fieldInfo_soil" text="土壤"/>
        <text name="pa_fieldInfo_phValue" text="pH值"/>
        <text name="pa_fieldInfo_nValue" text="Nitrogen"/>
        <text name="pa_fieldInfo_perfect" text="優"/>
        <text name="pa_fieldInfo_good" text="佳"/>
        <text name="pa_fieldInfo_ok" text="可"/>
        <text name="pa_fieldInfo_bad" text="劣"/>
        <text name="ui_precisionFarming_soilType_1" text="壤質砂土"/>
        <text name="ui_precisionFarming_soilType_2" text="砂質壤土"/>
        <text name="ui_precisionFarming_soilType_3" text="壤土"/>
        <text name="ui_precisionFarming_soilType_4" text="粉質粘土"/>
        <text name="pa_sampledArea" text="採集的土壤樣本"/>
        <text name="ui_precisionFarming_outdatedData" text="過期資料"/>
        <text name="shopItem_rtkStation" text="附實時動態技術基地站的建築"/>
        <text name="shopItem_garageRtkStation" text="附實時動態技術基地站的小木屋"/>
        <text name="function_rtkStation" text="此站會為您的機具提供更好的GPS訊號。這有助於您的人工智慧幫手更精確地駕駛，更快地完成工作。"/>
        <text name="hudExtension_headline_ph_lime" text="pH值 - 石灰施灌"/>
        <text name="hudExtension_headline_n_solidFertilizer" text="Nitrogen - 無機肥料施灌"/>
        <text name="hudExtension_headline_n_liquidFertilizer" text="Nitrogen - 液體肥料施灌"/>
        <text name="hudExtension_headline_n_slurryTanker" text="Nitrogen - 水肥施灌"/>
        <text name="hudExtension_headline_n_manureSpreader" text="Nitrogen - 堆肥施灌"/>
        <text name="hudExtension_actualValue" text="目前
%s"/>
        <text name="hudExtension_newValue" text="最新：%s"/>
        <text name="hudExtension_targetReached" text="已達目標
%s"/>
        <text name="hudExtension_applicationRate" text="施灌率："/>
        <text name="hudExtension_soilType" text="土壤：%s"/>
        <text name="hudExtension_unknown" text="未知"/>
        <text name="hudExtension_automaticShort" text="自動"/>
        <text name="hudExtension_description_limeAuto" text="提高「%s」的pH至最佳值（%s）"/>
        <text name="hudExtension_description_limeManual" text="顯示「%s」的最佳pH值（%s）"/>
        <text name="hudExtension_description_slurryAuto" text="根據土壤的可能產量（%s）施灌水肥量"/>
        <text name="hudExtension_description_manureAuto" text="根據土壤的可能產量（%s）施灌堆肥量"/>
        <text name="hudExtension_description_fertilizerAutoFruit" text="在「%s」上的「%s」Nitrogen含量提高至最佳值"/>
        <text name="hudExtension_description_fertilizerAutoNoFruit" text="未發現作物。先播種，以便達到最佳效果。套用「%s」的預設值。"/>
        <text name="hudExtension_description_fertilizerManualFruit" text="在「%s」上顯示「%s」的最佳值"/>
        <text name="hudExtension_description_fertilizerManualNoFruit" text="未發現作物。先播種即可查看施肥建議。 "/>
        <text name="hudExtension_description_noFertilizerRequired" text="作物不需要額外的肥料。"/>
        <text name="hudExtension_invalidValues" text="尚未檢測到數值"/>
        <text name="action_toggleSprayAmountAutoModePos" text="啟用自動施灌率"/>
        <text name="action_toggleSprayAmountAutoModeNeg" text="停用自動施灌率"/>
        <text name="action_toggleSprayAmountManual" text="變更施灌率"/>
        <text name="soilStates_replaced" text="查看精準農業"/>
        <text name="input_JD_PA_SPRAY_AMOUNT_1" text="提高噴灑量"/>
        <text name="input_JD_PA_SPRAY_AMOUNT_2" text="減少噴灑量"/>
        <text name="input_JD_PA_SPRAY_AMOUNT_MODE" text="切換自動噴灑量"/>
    </texts>
</l10n>
