<?xml version="1.0" encoding="UTF-8" standalone="yes" ?>
<l10n>
    <texts>
        <text name="ui_precisionFarming_header" text="Precision Farming"/>
        <text name="ui_precisionFarming_laboratory" text="Laboratory"/>
        <text name="ui_precisionFarming_laboratory_analyse" text="The laboratory is analysing %d soil samples."/>
        <text name="ui_precisionFarming_laboratory_idle" text="Currently no soil samples to analyse."/>
        <text name="ui_precisionFarming_economicAnalysis" text="Economic Analysis"/>
        <text name="ui_precisionFarming_economicAnalysisHeaderField" text="Field %d (%.2f ha)"/>
        <text name="ui_precisionFarming_economicAnalysisHeaderAdditionalField" text="Additional Field (%.2f ha)"/>
        <text name="ui_precisionFarming_economicAnalysisHeaderValuesPeriod" text="Values Since Last Reset"/>
        <text name="ui_precisionFarming_economicAnalysisHeaderValuesTotal" text="Total Values"/>
        <text name="ui_precisionFarming_economicAnalysisButtonPeriod" text="Show Values Since Reset"/>
        <text name="ui_precisionFarming_economicAnalysisButtonTotal" text="Show Total Values"/>
        <text name="ui_precisionFarming_economicAnalysisTotal" text="Total"/>
        <text name="ui_precisionFarming_economicAnalysisReset" text="Reset"/>
        <text name="ui_precisionFarming_economicAnalysisSoilSamples" text="Soil Samples:"/>
        <text name="ui_precisionFarming_economicAnalysisLime" text="Lime:"/>
        <text name="ui_precisionFarming_economicAnalysisFertilizer" text="Mineral Fertilizer:"/>
        <text name="ui_precisionFarming_economicAnalysisLiquidFertilizer" text="Liquid Fertilizer:"/>
        <text name="ui_precisionFarming_economicAnalysisManure" text="Manure:"/>
        <text name="ui_precisionFarming_economicAnalysisLiquidManure" text="Slurry:"/>
        <text name="ui_precisionFarming_economicAnalysisSeeds" text="Seeds:"/>
        <text name="ui_precisionFarming_economicAnalysisFuel" text="Fuel:"/>
        <text name="ui_precisionFarming_economicAnalysisVehicleMaintenance" text="Vehicle Maintenance:"/>
        <text name="ui_precisionFarming_economicAnalysisAIHelperCosts" text="AI Helper:"/>
        <text name="ui_precisionFarming_economicAnalysisYield" text="Yield:"/>
        <text name="ui_precisionFarming_economicAnalysisTotalCosts" text="Total Costs"/>
        <text name="ui_precisionFarming_economicAnalysisTotalEarnings" text="Total Earnings"/>
        <text name="ui_precisionFarming_help" text="Help"/>
        <text name="ui_precisionFarming_resetYield" text="Clear Yield Map on Field %d"/>
        <text name="ui_precisionFarming_resetYieldAdditionalField" text="Clear Yield Map on additional Field"/>
        <text name="ui_precisionFarming_fieldBuyInfo_header" text="Field Info"/>
        <text name="ui_precisionFarming_fieldBuyInfo_soilDis" text="Soil Distribution"/>
        <text name="ui_precisionFarming_fieldBuyInfo_yieldPot" text="Expected Yield Potential"/>
        <text name="precisionFarming_firstStart" text="You've just installed the Precision Farming Mod. This mod adds more realism and aspects of real farming into Farming Simulator.

We've added some new pages to the Help Menu to explain everything. Do you want to open them now?"/>
        <text name="precisionFarming_helpHeader" text="Precision Farming"/>
        <text name="precisionFarming_helpTitle_01" text="General"/>
        <text name="precisionFarming_helpText_01_part01" text="This Precision Farming mod adds more realism and aspects of real farming into Farming Simulator. The main focus is on different soil types, which influence the growth of the crops.

The mod adds an overview map which is dedicated to new, more detailed information about the soil at specific spots on the map. This map can be accessed via the tab next to the world map in the menu.



"/>
        <text name="precisionFarming_helpText_01_part02" text=""/>
        <text name="precisionFarming_helpText_01_part03" text="This EIT Food activity has received funding from the European Institute of Innovation and Technology (EIT), a body of the European Union, under Horizon2020, the EU Framework Programme for Research and Innovation.

EIT Food is Europe’s leading agri-food innovation initiative, with the aim to create a sustainable and future-proof food sector. The initiative is made up of a consortium of key industry players, start-ups, research centres and universities from across Europe. EIT Food aims to collaborate closely with consumers to develop new knowledge and technology-based products and services that will ultimately deliver a healthier and more sustainable lifestyle for all European citizens."/>
        <text name="precisionFarming_helpTitle_02" text="Soil Types"/>
        <text name="precisionFarming_helpText_02_part01" text="This mod divides the ground into four types of soil. Each individual soil type has its own characteristic, which influences the crop growth and ultimately the yield amount.

Therefore, every soil type needs a special treatment to get the maximum yield from the field."/>
        <text name="precisionFarming_helpText_02_part02" text="Soil Types:
  - Loamy Sand
  - Sandy Loam
  - Loam
  - Silty Clay
"/>
        <text name="precisionFarming_helpTitle_03" text="Soil Sampling"/>
        <text name="precisionFarming_helpText_03_part01" text="To determine which soil type is located where on the field, you have to analyze the soil first. This can be done with a soil sampling device, such as the ISARIA SCOUT, which is available in the shop.

Drive to multiple spots on the field with the soil sampling device. Take numerous soil samples until the field is fully covered dark red on the soil map. This colour indicates where samples have already been taken."/>
        <text name="precisionFarming_helpText_03_part02" text="After that you can send the soil samples to the laboratory for analysis. A few minutes later you'll see the results on the soil map. Additionally, you now can also see the pH and Nitrogen map."/>
        <text name="precisionFarming_helpTitle_04" text="pH Value"/>
        <text name="precisionFarming_helpText_04_part01" text="Next to the soil map you can find the pH value map. This indicates the acidity or basicity of the soil. The pH value should always be in the optimal target range depending on the soil type.

Target pH values per soil type:
  - Loamy Sand: 6.0
  - Sandy Loam: 6.5
  - Loam: 6.75
  - Silty Clay: 7.0"/>
        <text name="precisionFarming_helpText_04_part02" text="The pH value can be increased by liming the field. This is recommended every third harvest. By default, the lime spreader automatically adjusts the application rate to the rate required to reach the optimal pH target level, but there is also an option to control it manually.

If the pH value is not at the optimal level the yield decreases. Depending on the soil type, the pH level decreases after every harvest."/>
        <text name="precisionFarming_helpTitle_05" text="Nitrogen Value"/>
        <text name="precisionFarming_helpText_05_part01" text="Next to the pH map you can find the nitrogen map. This indicates the current level of nitrogen in the ground. The optimal level of nitrogen depends on the planted crop and the soil type.

By walking on the field and having a look at the 'Field Info Display', you can see the current and target nitrogen levels of a specific spot on the field."/>
        <text name="precisionFarming_helpText_05_part02" text="The nitrogen level can be increased by applying either fertilizer or manure.

Slurry or manure will increase the nitrogen level by a fixed value depending on the soil type. It is recommended to do this before preparing the field for the next sowing.

Mineral and liquid fertilizer adjusts the nitrogen level automatically to the crop requirements, if the crop is already planted. This should be done within the first growth states, after sowing the crop.

It's always possible to control the application rate manually."/>
        <text name="precisionFarming_helpTitle_06" text="Yield Map"/>
        <text name="precisionFarming_helpText_06_part01" text="In the yield map you can see the yield at specific spots on the field. This can be used to analyse the field afterwards."/>
        <text name="precisionFarming_helpText_06_part02" text=""/>
        <text name="precisionFarming_helpTitle_07" text="Economic Analysis"/>
        <text name="precisionFarming_helpText_07_part01" text="The get an economic analysis of each field, you can click on each field in the 'Precision Farming' page. This will open a window that lists the costs, earnings and total balance of the field."/>
        <text name="precisionFarming_helpText_07_part02" text="You can either view the total values of the field or have a statistic since the last time the reset button was pressed. This gives you the possibilty to track data over multiple harvests."/>
        <text name="precisionFarming_helpTitle_08" text="RTK Station"/>
        <text name="precisionFarming_helpText_08_part01" text="There are two new buildings available in the shop which have a RTK antenna on top. This antenna provides a better GPS signal for the helpers."/>
        <text name="precisionFarming_helpText_08_part02" text="As long as one of the new buildings is placed on the map, the accuracy of the helpers is increased and they work up to 11% faster than before."/>
        <text name="ui_mapOverviewSoilPA" text="Soiltypes"/>
        <text name="ui_mapOverviewYieldPA" text="Yield"/>
        <text name="ui_mapOverviewPHPA" text="pH"/>
        <text name="ui_mapOverviewNitrogen" text="Nitrogen"/>
        <text name="typeDesc_soilSampler" text="soil sampling unit"/>
        <text name="function_soilSampler" text="With a soil sampling unit you can take soil samples to have more detailed information about a field for future working steps."/>
        <text name="action_takeSoilSample" text="Take soil sample"/>
        <text name="action_sendSoilSamples" text="Send soil samples for analysis"/>
        <text name="info_numSamplesTaken" text="Soil samples taken: %d"/>
        <text name="info_samplesSend" text="The soil samples are now sent to a laboratory for analysis. You will see the results on the soil types map soon."/>
        <text name="info_samplesAnalysed" text="Soil Samples analysed"/>
        <text name="pa_fieldInfo_soil" text="Soil"/>
        <text name="pa_fieldInfo_phValue" text="pH Value"/>
        <text name="pa_fieldInfo_nValue" text="Nitrogen"/>
        <text name="pa_fieldInfo_perfect" text="Perfect"/>
        <text name="pa_fieldInfo_good" text="Good"/>
        <text name="pa_fieldInfo_ok" text="Ok"/>
        <text name="pa_fieldInfo_bad" text="Bad"/>
        <text name="ui_precisionFarming_soilType_1" text="Loamy Sand"/>
        <text name="ui_precisionFarming_soilType_2" text="Sandy Loam"/>
        <text name="ui_precisionFarming_soilType_3" text="Loam"/>
        <text name="ui_precisionFarming_soilType_4" text="Silty Clay"/>
        <text name="pa_sampledArea" text="Soil Sample Taken"/>
        <text name="ui_precisionFarming_outdatedData" text="Outdated Data"/>
        <text name="shopItem_rtkStation" text="Building with RTK Base Station"/>
        <text name="shopItem_garageRtkStation" text="Shed with RTK Base Station"/>
        <text name="function_rtkStation" text="This station provides your vehicles with a better GPS signal. This helps your AI helpers to drive more precise and do their work faster."/>
        <text name="hudExtension_headline_ph_lime" text="pH Value - Lime Application"/>
        <text name="hudExtension_headline_n_solidFertilizer" text="Nitrogen - Mineral Fertilizer Application"/>
        <text name="hudExtension_headline_n_liquidFertilizer" text="Nitrogen - Liquid Fertilizer Application"/>
        <text name="hudExtension_headline_n_slurryTanker" text="Nitrogen - Slurry Application"/>
        <text name="hudExtension_headline_n_manureSpreader" text="Nitrogen - Manure Application"/>
        <text name="hudExtension_actualValue" text="Current
%s"/>
        <text name="hudExtension_newValue" text="New: %s"/>
        <text name="hudExtension_targetReached" text="Target Reached
%s"/>
        <text name="hudExtension_applicationRate" text="Application Rate:"/>
        <text name="hudExtension_soilType" text="Soil: %s"/>
        <text name="hudExtension_unknown" text="Unknown"/>
        <text name="hudExtension_automaticShort" text="auto."/>
        <text name="hudExtension_description_limeAuto" text="Increasing pH to optimal value for '%s' (%s)"/>
        <text name="hudExtension_description_limeManual" text="Showing optimal pH value for '%s' (%s)"/>
        <text name="hudExtension_description_slurryAuto" text="Applying slurry amount depending on soil yield potential (%s)"/>
        <text name="hudExtension_description_manureAuto" text="Applying manure amount depending on soil yield potential (%s)"/>
        <text name="hudExtension_description_fertilizerAutoFruit" text="Increasing Nitrogen level to optimal value for '%s' on '%s'"/>
        <text name="hudExtension_description_fertilizerAutoNoFruit" text="No crop detected. Seed first for best result. Apply default value for '%s'."/>
        <text name="hudExtension_description_fertilizerManualFruit" text="Showing optimal value for '%s' on '%s'"/>
        <text name="hudExtension_description_fertilizerManualNoFruit" text="No crop detected. Seed first to see fertilizing recommendation. "/>
        <text name="hudExtension_description_noFertilizerRequired" text="Crop does not require additional fertilizer."/>
        <text name="hudExtension_invalidValues" text="No values detected yet"/>
        <text name="action_toggleSprayAmountAutoModePos" text="Activate automatic application rate"/>
        <text name="action_toggleSprayAmountAutoModeNeg" text="Deactivate automatic application rate"/>
        <text name="action_toggleSprayAmountManual" text="Change application rate"/>
        <text name="soilStates_replaced" text="See Precision Farming"/>
        <text name="input_JD_PA_SPRAY_AMOUNT_1" text="Increase Spray Amount"/>
        <text name="input_JD_PA_SPRAY_AMOUNT_2" text="Decrease Spray Amount"/>
        <text name="input_JD_PA_SPRAY_AMOUNT_MODE" text="Toggle automatic spray amount"/>
    </texts>
</l10n>
