﻿<?xml version="1.0" encoding="utf-8" standalone="no" ?>
<vehicle type="spreader">
    <annotation>ImpTS</annotation>

    <storeData>
        <name>Snow Melter</name>
        <specs>
            <combination>SynTrac</combination>
        </specs>
        <functions>
            <function>$l10n_function_snowMelter</function>
        </functions>
        <image>store_snowMelter.dds</image>
        <price>15000</price>
        <lifetime>600</lifetime>
        <rotation>0</rotation>
        <brand>SYNTRAC</brand>
        <category>misc</category>
    </storeData>

    <base>
        <typeDesc>$l10n_typeDesc_snowMelter</typeDesc>
        <filename>vehicles/Fertilizer_S.i3d</filename>
        <size width="3.5" length="3.5" />
        <speedLimit value="25" />
        <components>
            <component centerOfMass="0 1 -0.5" solverIterationCount="15" mass="600" />
			<component centerOfMass="0 0.0 0"  solverIterationCount="15" mass="50" />
            <joint component1="1" component2="2" node="RPB_Schuerze_1"  rotLimit="6 3 0" transLimit="0 0 0"/>
        </components>
        <schemaOverlay attacherJointPosition="0 0">
            <default name="DEFAULT_IMPLEMENT"/>
            <selected name="DEFAULT_IMPLEMENT_SELECTED"/>
            <turnedOn name="DEFAULT_IMPLEMENT_ON"/>
            <turnedOnSelected name="DEFAULT_IMPLEMENT_SELECTED_ON"/>
        </schemaOverlay>
    </base>

    <powerConsumer ptoRpm="450" neededMaxPtoPower="10"/>

    <lights>
        <realLights>
            <high>
                <light node="backLightsHigh1" lightTypes="0" />
                <turnLightLeft node="turnLightLeftBack" />
                <turnLightRight node="turnLightRightBack" />
            </high>
        </realLights>

        <!-- Multilights -->
		<sharedLight linkNode="Backlamp_L" node="0" lightTypes="0 3" filename="$data\shared\assets\lights\lizard\rear3ChamberLight_04_left.xml">
		</sharedLight>
		<sharedLight linkNode="Backlamp_R" node="0" lightTypes="0 3" filename="$data\shared\assets\lights\lizard\rear3ChamberLight_04_right.xml">
		</sharedLight>
    </lights>

    <workAreas>
        <workArea type="sprayer" functionName="processSprayerArea" disableBackwards="false" requiresGroundContact="false" sprayType="1" ignoresFrozenSoil="true">
            <area startNode="workAreaStart" widthNode="workAreaWidth" heightNode="workAreaHeight" />
		</workArea>
    </workAreas>

    <attachable>
        <inputAttacherJoints>
			<inputAttacherJoint node="attacherjoint_F" jointType="telehandler" >
				<objectChange node="ref_UI_H" visibilityActive="true"  visibilityInactive="false" translationActive="0.714 1.300 1.124" rotationActive="-20 -80 0"/>
			</inputAttacherJoint>
			<inputAttacherJoint node="attacherjoint_H" jointType="skidSteer" >
				<objectChange node="ref_UI_H" visibilityActive="true"  visibilityInactive="false" translationActive="-0.714 1.300 1.124" translationInactive="-20 80 0" rotationActive="-20 80 0" rotationInactive="-20 80 0" />
			</inputAttacherJoint>
		</inputAttacherJoints>
		<support animationName="moveSupport"/>
    </attachable>

    <fillUnit>
        <fillUnitConfigurations>
            <fillUnitConfiguration name="$l10n_configuration_valueDefault" price="0" >
                <fillUnits>
                    <unloading width="11" offset="0 0 0" />
                    <fillUnit unit="$l10n_unit_literShort" fillTypes="snow" capacity="20000" >
                        <exactFillRootNode node="exactFillRootNode" />
						<dashboard displayType="ANIMATION" valueType="fillLevel" animName="FillLevel"/>
                    </fillUnit>
                </fillUnits>
            </fillUnitConfiguration>
        </fillUnitConfigurations>
    </fillUnit>

    <fillVolume>
        <fillVolumeConfigurations>
            <fillVolumeConfiguration>
                <volumes>
                    <volume node="fillVolume" maxDelta="0.0" fillUnitIndex="1" maxAllowedHeapAngle="10"/>
                </volumes>
            </fillVolumeConfiguration>
        </fillVolumeConfigurations>
    </fillVolume>
	
    <sprayer fillUnitIndex="1">
        <usageScales scale="5" workingWidth="8"/>
        
        <animationNodes>
            <animationNode node="ref_Streurad_L"  rotSpeed="-1500" turnOnFadeTime="0.5" turnOffFadeTime="3" />
			<animationNode node="ref_Streurad_M"  rotSpeed="-1500" turnOnFadeTime="0.5" turnOffFadeTime="3" />
            <animationNode node="ref_Streurad_R"  rotSpeed="1500" turnOnFadeTime="0.5" turnOffFadeTime="3" />
			<animationNode node="ref_Schnecke"  rotSpeed="60" turnOnFadeTime="0.5" turnOffFadeTime="3" />
			<animationNode node="Rotor_L"  rotSpeed="-150" turnOnFadeTime="0.5" turnOffFadeTime="3" />
            <animationNode node="Rotor_R"  rotSpeed="150" turnOnFadeTime="0.5" turnOffFadeTime="3" />
        </animationNodes>

        <effects>
            <effectNode effectNode="effectNodeSalt" delay="0" materialType="spreader" fadeTime="2" materialTypeId="1" />
        </effects>

        <ai>
		    <areaMarkers leftNode="areaMarkerLeft_L" rightNode="areaMarkerRight_L" backNode="areaMarkerBack" />
		    <sizeMarkers leftNode="sizeMarkerLeft" rightNode="sizeMarkerRight" backNode="sizeMarkerBack" />
        </ai>

        <objectChange node="Workwidht_8m" visibilityActive="true" />
        <objectChange node="UI_text_Salt" visibilityActive="true" />
        <objectChange node="UI_text_Lime" visibilityActive="false"/>
        <objectChange node="UI_text_Fertilizer" visibilityActive="false"/>
    </sprayer>
	
	<shovel>
        <shovelNode node="workAreaStart" fillUnitIndex="1" loadInfoIndex="1" width="6" length="0.5" needsMovement="true" needsActivation="true" maxPickupAngle="105"/>
    </shovel>

    <turnOnVehicle>
        <sounds>
            <work template="DEFAULT_SPREADER" linkNode="Col_Main" />
        </sounds>
    </turnOnVehicle>

    <cover>
        <coverConfigurations>
            <coverConfiguration>
                <cover openAnimation="toggleCover" fillUnitIndices="1" />
            </coverConfiguration>
        </coverConfigurations>
    </cover>

    <ai>
        <needsLowering value="false" />        
    </ai>
	
	<cylindered>
		
		<movingTools>
			<!-- workwidht --> 
			<movingTool node="adjust_workAreaWidth" playSound="true">
				<controls axis="AXIS_FRONTLOADER_ARM2" invertAxis="true" mouseSpeedFactor="0.4" iconName="CRANE_ARM2_TRANSLATE" />
                <translation transSpeed="3" transAcceleration="10" transMax="-2.5" transMin="-13.9" translationAxis="1" />
                <dependentMovingTool node="adjust_workAreaHeight" speedScale="-1"/>
				<dependentMovingTool node="adjust_workAreaWidth_L" speedScale="1"/>
				<dependentMovingTool node="adjust_workAreaHeight_L" speedScale="-1"/>
				<dependentMovingTool node="adjust_effect" speedScale="-1"/>
				<dependentAnimation name="UI_Workwidht_12" translationAxis="1" minValue="-2.5" maxValue="-13.9" invert="false"/>
				<dependentAnimation name="UI_Workwidht_24" translationAxis="1" minValue="-2.5" maxValue="-13.9" invert="false"/>
            </movingTool>
			<movingTool node="adjust_workAreaHeight">
                <translation transSpeed="3" transAcceleration="10" transMin="2.5" transMax="13.9" startTrans="13.9" translationAxis="1" />
            </movingTool>
			<movingTool node="adjust_workAreaWidth_L">
                <translation transSpeed="1.89" transAcceleration="10" transMin="-8.7" transMax="-1.5" startTrans="-8.7" translationAxis="1" />
				<!-- <dependentAnimation name="UI_Workwidht_12" translationAxis="1" minValue="-1.5" maxValue="-8.7" invert="false"/> -->
            </movingTool>
			<movingTool node="adjust_workAreaHeight_L">
                <translation transSpeed="1.89" transAcceleration="10" transMin="1.5" transMax="8.7" startTrans="8.7" translationAxis="1" />
            </movingTool>
			<movingTool node="adjust_effect">
                <rotation rotSpeed="3.8" rotAcceleration="250" rotMax="0" rotMin="-15" startRot="0" />
            </movingTool>
			<!-- workAngle -->
			<movingTool node="ref_WorkAngle" >
				<controls axis="AXIS_FRONTLOADER_TOOL5" invertAxis="true" mouseSpeedFactor="0.4" iconName="CRANE_ARM2_ROTATE_TOOL" />
                <rotation rotSpeed="30" rotAcceleration="250" rotMax="15" rotMin="-15" />
				<dependentMovingTool node="UI_WorkAngle" speedScale="1"/>
            </movingTool>
			<movingTool node="UI_WorkAngle">
                <rotation rotSpeed="30" rotAcceleration="250" rotMax="15" rotMin="-15" startRot="0" />
            </movingTool>
		
			<!-- Support -->         
			<movingTool node="ref_support_F">
				<dependentPart node="Zyl_Support"/>
				<dependentPart node="Pipes_support"/>
			</movingTool>
			<!-- Plane -->  
			<movingTool node="anim_PLane_LK">
				<dependentPart node="B_PlaneL_2"/>
				<dependentPart node="B_PlaneL_3"/>
				<dependentPart node="B_PlaneL_4"/>
				<dependentPart node="B_PlaneL_5"/>
			</movingTool>
			<movingTool node="anim_PLane_RK">
				<dependentPart node="B_PlaneR_2"/>
				<dependentPart node="B_PlaneR_3"/>
				<dependentPart node="B_PlaneR_4"/>
				<dependentPart node="B_PlaneR_5"/>
			</movingTool>
		</movingTools>
		
		<movingParts>
			<!-- support -->
			<movingPart node="Zyl_Support" referencePoint="ref_supportHydr" referenceFrame="ref_Zyl">
				<translatingPart node="Kolben_Support"/>
			</movingPart>
			<movingPart node="workAreaWidth"   referenceFrame="adjust_workAreaWidth" moveToReferenceFrame="true" isActiveDirty="true" />
			<movingPart node="workAreaHeight"   referenceFrame="adjust_workAreaHeight" moveToReferenceFrame="true" isActiveDirty="true" />
			<movingPart node="workAreaWidth_L"   referenceFrame="adjust_workAreaWidth_L" moveToReferenceFrame="true" isActiveDirty="true" />
			<movingPart node="workAreaHeight_L"   referenceFrame="adjust_workAreaHeight_L" moveToReferenceFrame="true" isActiveDirty="true" />
			<movingPart node="areaMarkerLeft"   referenceFrame="adjust_workAreaWidth" moveToReferenceFrame="true" isActiveDirty="true" />
			<movingPart node="areaMarkerRight"   referenceFrame="adjust_workAreaHeight" moveToReferenceFrame="true" isActiveDirty="true" />
			<movingPart node="areaMarkerLeft_L"   referenceFrame="adjust_workAreaWidth_L" moveToReferenceFrame="true" isActiveDirty="true" />
			<movingPart node="areaMarkerRight_L"   referenceFrame="adjust_workAreaHeight_L" moveToReferenceFrame="true" isActiveDirty="true" />
			
			<!-- other -->
			<movingPart node="B_Pipe_1"   referenceFrame="RPB_PipeOut" moveToReferenceFrame="true"/>
			<movingPart node="B_Pipe_2"   referenceFrame="RPB_Pipes_2" moveToReferenceFrame="true"/>
			<movingPart node="B_Schuerze_1"   referenceFrame="RPB_Schuerze_1" moveToReferenceFrame="true"/>
			<movingPart node="B_Schuerze_2"   referenceFrame="RPB_Schuerze_2" moveToReferenceFrame="true" isActiveDirty="true" />
			
			<movingPart node="B_PlaneL_1"   referenceFrame="RPB_Plane_L1" moveToReferenceFrame="true"/>
			<movingPart node="B_PlaneL_2"   referenceFrame="RPB_Plane_L2" moveToReferenceFrame="true"/>
			<movingPart node="B_PlaneL_3"   referenceFrame="RPB_Plane_L3" moveToReferenceFrame="true"/>
			<movingPart node="B_PlaneL_4"   referenceFrame="RPB_Plane_L4" moveToReferenceFrame="true"/>
			<movingPart node="B_PlaneL_5"   referenceFrame="RPB_Plane_L5" moveToReferenceFrame="true"/>
			
			<movingPart node="B_PlaneR_1"   referenceFrame="RPB_Plane_R1" moveToReferenceFrame="true"/>
			<movingPart node="B_PlaneR_2"   referenceFrame="RPB_Plane_R2" moveToReferenceFrame="true"/>
			<movingPart node="B_PlaneR_3"   referenceFrame="RPB_Plane_R3" moveToReferenceFrame="true"/>
			<movingPart node="B_PlaneR_4"   referenceFrame="RPB_Plane_R4" moveToReferenceFrame="true"/>
			<movingPart node="B_PlaneR_5"   referenceFrame="RPB_Plane_R5" moveToReferenceFrame="true"/>
			
		</movingParts>
		
		<sounds>
            <hydraulic template="DEFAULT_HYDRAULIC_SOUND" linkNode="Col_Main"/>
        </sounds>
		
    </cylindered>
	
	<animations>
        <animation name="moveSupport">
            <part node="ref_support_F" startTime="0" endTime="3" startRot="0 0 0" endRot="35 0 0" />
			<part node="ref_support_H" startTime="0" endTime="3" startTrans="0 0.182 -1.283" endTrans="0 -0.37 -1.283"/>
			<part node="ref_UI" startTime="0" endTime="2.9" visibility="true"/>
			<part node="ref_UI" startTime="2.91" endTime="3" visibility="false"/>
        </animation>
		
		<animation name="toggleCover">
            <part node="anim_PLane_LK" startTime="0" endTime="5" startRot="0 0 0" endRot="0 0 -160" />
            <part node="anim_PLane_LM" startTime="0" endTime="5" startRot="0 0 0" endRot="0 0 -165" />
			<part node="anim_PLane_RK" startTime="0" endTime="5" startRot="0 0 0" endRot="0 0 160" />
            <part node="anim_PLane_RM" startTime="0" endTime="5" startRot="0 0 0" endRot="0 0 165" />
			<part node="Cover_close" startTime="0" endTime="1" visibility="true" />
			<part node="Cover_close" startTime="1" endTime="5" visibility="false" />
			<part node="Cover_open" startTime="0" endTime="2" visibility="false" />
			<part node="Cover_open" startTime="2" endTime="5" visibility="true" />
        </animation>
		
		<animation name="UI_Workwidht_24">
            <part node="Z04" startTime="0.0" endTime="0.01" visibility="true" />
			<part node="Z04" startTime="0.01" endTime="1.0" visibility="false" />
			<part node="Z06" startTime="0.0" endTime="0.01" visibility="false" />
			<part node="Z06" startTime="0.01" endTime="0.1" visibility="true" />
			<part node="Z06" startTime="0.1" endTime="1.0" visibility="false" />
			<part node="Z08" startTime="0.0" endTime="0.1" visibility="false" />
			<part node="Z08" startTime="0.1" endTime="0.2" visibility="true" />
			<part node="Z08" startTime="0.2" endTime="1.0" visibility="false" />
			<part node="Z10" startTime="0.0" endTime="0.2" visibility="false" />
			<part node="Z10" startTime="0.2" endTime="0.3" visibility="true" />
			<part node="Z10" startTime="0.3" endTime="1.0" visibility="false" />
			<part node="Z12" startTime="0.0" endTime="0.3" visibility="false" />
			<part node="Z12" startTime="0.3" endTime="0.4" visibility="true" />
			<part node="Z12" startTime="0.4" endTime="1.0" visibility="false" />
			<part node="Z14" startTime="0.0" endTime="0.4" visibility="false" />
			<part node="Z14" startTime="0.4" endTime="0.5" visibility="true" />
			<part node="Z14" startTime="0.5" endTime="1.0" visibility="false" />
			<part node="Z16" startTime="0.0" endTime="0.5" visibility="false" />
			<part node="Z16" startTime="0.5" endTime="0.6" visibility="true" />
			<part node="Z16" startTime="0.6" endTime="1.0" visibility="false" />
			<part node="Z18" startTime="0.0" endTime="0.6" visibility="false" />
			<part node="Z18" startTime="0.6" endTime="0.7" visibility="true" />
			<part node="Z18" startTime="0.7" endTime="1.0" visibility="false" />
			<part node="Z20" startTime="0.0" endTime="0.7" visibility="false" />
			<part node="Z20" startTime="0.7" endTime="0.8" visibility="true" />
			<part node="Z20" startTime="0.8" endTime="1.0" visibility="false" />
			<part node="Z22" startTime="0.0" endTime="0.8" visibility="false" />
			<part node="Z22" startTime="0.8" endTime="0.9" visibility="true" />
			<part node="Z22" startTime="0.9" endTime="1.0" visibility="false" />
			<part node="Z24" startTime="0.0" endTime="0.9" visibility="false" />
			<part node="Z24" startTime="0.9" endTime="1.0" visibility="true" />
			<part node="m2_scaler" startTime="0.0" endTime="0.1" startTrans="0.001 0.041 -0.051" endTrans="0.001 0.041 -0.229"/>
			<part node="m2_scaler" startTime="0.1" endTime="0.1001" startTrans="0.001 0.041 -0.229" endTrans="0.001 0.041 -0.051"/>
			<part node="m2_scaler" startTime="0.1001" endTime="0.2" startTrans="0.001 0.041 -0.051" endTrans="0.001 0.041 -0.229"/>
			<part node="m2_scaler" startTime="0.2" endTime="0.2001" startTrans="0.001 0.041 -0.229" endTrans="0.001 0.041 -0.051"/>
			<part node="m2_scaler" startTime="0.2001" endTime="0.3" startTrans="0.001 0.041 -0.051" endTrans="0.001 0.041 -0.229"/>
			<part node="m2_scaler" startTime="0.3" endTime="0.3001" startTrans="0.001 0.041 -0.229" endTrans="0.001 0.041 -0.051"/>
			<part node="m2_scaler" startTime="0.3001" endTime="0.4" startTrans="0.001 0.041 -0.051" endTrans="0.001 0.041 -0.229"/>
			<part node="m2_scaler" startTime="0.4" endTime="0.4001" startTrans="0.001 0.041 -0.229" endTrans="0.001 0.041 -0.051"/>
			<part node="m2_scaler" startTime="0.4001" endTime="0.5" startTrans="0.001 0.041 -0.051" endTrans="0.001 0.041 -0.229"/>
			<part node="m2_scaler" startTime="0.5" endTime="0.5001" startTrans="0.001 0.041 -0.229" endTrans="0.001 0.041 -0.051"/>
			<part node="m2_scaler" startTime="0.5001" endTime="0.6" startTrans="0.001 0.041 -0.051" endTrans="0.001 0.041 -0.229"/>
			<part node="m2_scaler" startTime="0.6" endTime="0.6001" startTrans="0.001 0.041 -0.229" endTrans="0.001 0.041 -0.051"/>
			<part node="m2_scaler" startTime="0.6001" endTime="0.7" startTrans="0.001 0.041 -0.051" endTrans="0.001 0.041 -0.229"/>
			<part node="m2_scaler" startTime="0.7" endTime="0.7001" startTrans="0.001 0.041 -0.229" endTrans="0.001 0.041 -0.051"/>
			<part node="m2_scaler" startTime="0.7001" endTime="0.8" startTrans="0.001 0.041 -0.051" endTrans="0.001 0.041 -0.229"/>
			<part node="m2_scaler" startTime="0.8" endTime="0.8001" startTrans="0.001 0.041 -0.229" endTrans="0.001 0.041 -0.051"/>
			<part node="m2_scaler" startTime="0.8001" endTime="0.9" startTrans="0.001 0.041 -0.051" endTrans="0.001 0.041 -0.229"/>
			<part node="m2_scaler" startTime="0.9" endTime="0.9001" startTrans="0.001 0.041 -0.229" endTrans="0.001 0.041 -0.051"/>
			<part node="m2_scaler" startTime="0.9001" endTime="1.0" startTrans="0.001 0.041 -0.051" endTrans="0.001 0.041 -0.229"/>
		</animation>
		<animation name="UI_Workwidht_12">
            <part node="ZL02" startTime="0.0" endTime="0.01" visibility="true" />
			<part node="ZL02" startTime="0.01" endTime="1.0" visibility="false" />
			<part node="ZL03" startTime="0.0" endTime="0.01" visibility="false" />
			<part node="ZL03" startTime="0.01" endTime="0.1" visibility="true" />
			<part node="ZL03" startTime="0.1" endTime="1.0" visibility="false" />
			<part node="ZL04" startTime="0.0" endTime="0.1" visibility="false" />
			<part node="ZL04" startTime="0.1" endTime="0.2" visibility="true" />
			<part node="ZL04" startTime="0.2" endTime="1.0" visibility="false" />
			<part node="ZL05" startTime="0.0" endTime="0.2" visibility="false" />
			<part node="ZL05" startTime="0.2" endTime="0.3" visibility="true" />
			<part node="ZL05" startTime="0.3" endTime="1.0" visibility="false" />
			<part node="ZL06" startTime="0.0" endTime="0.3" visibility="false" />
			<part node="ZL06" startTime="0.3" endTime="0.4" visibility="true" />
			<part node="ZL06" startTime="0.4" endTime="1.0" visibility="false" />
			<part node="ZL07" startTime="0.0" endTime="0.4" visibility="false" />
			<part node="ZL07" startTime="0.4" endTime="0.5" visibility="true" />
			<part node="ZL07" startTime="0.5" endTime="1.0" visibility="false" />
			<part node="ZL08" startTime="0.0" endTime="0.5" visibility="false" />
			<part node="ZL08" startTime="0.5" endTime="0.6" visibility="true" />
			<part node="ZL08" startTime="0.6" endTime="1.0" visibility="false" />
			<part node="ZL09" startTime="0.0" endTime="0.6" visibility="false" />
			<part node="ZL09" startTime="0.6" endTime="0.7" visibility="true" />
			<part node="ZL09" startTime="0.7" endTime="1.0" visibility="false" />
			<part node="ZL10" startTime="0.0" endTime="0.7" visibility="false" />
			<part node="ZL10" startTime="0.7" endTime="0.8" visibility="true" />
			<part node="ZL10" startTime="0.8" endTime="1.0" visibility="false" />
			<part node="ZL11" startTime="0.0" endTime="0.8" visibility="false" />
			<part node="ZL11" startTime="0.8" endTime="0.9" visibility="true" />
			<part node="ZL11" startTime="0.9" endTime="1.0" visibility="false" />
			<part node="ZL12" startTime="0.0" endTime="0.9" visibility="false" />
			<part node="ZL12" startTime="0.9" endTime="1.0" visibility="true" />
			<part node="mL1_scaler" startTime="0.0" endTime="0.1" startTrans="0.001 0.041 -0.051" endTrans="0.001 0.041 -0.229"/>
			<part node="mL1_scaler" startTime="0.1" endTime="0.1001" startTrans="0.001 0.041 -0.229" endTrans="0.001 0.041 -0.051"/>
			<part node="mL1_scaler" startTime="0.1001" endTime="0.2" startTrans="0.001 0.041 -0.051" endTrans="0.001 0.041 -0.229"/>
			<part node="mL1_scaler" startTime="0.2" endTime="0.2001" startTrans="0.001 0.041 -0.229" endTrans="0.001 0.041 -0.051"/>
			<part node="mL1_scaler" startTime="0.2001" endTime="0.3" startTrans="0.001 0.041 -0.051" endTrans="0.001 0.041 -0.229"/>
			<part node="mL1_scaler" startTime="0.3" endTime="0.3001" startTrans="0.001 0.041 -0.229" endTrans="0.001 0.041 -0.051"/>
			<part node="mL1_scaler" startTime="0.3001" endTime="0.4" startTrans="0.001 0.041 -0.051" endTrans="0.001 0.041 -0.229"/>
			<part node="mL1_scaler" startTime="0.4" endTime="0.4001" startTrans="0.001 0.041 -0.229" endTrans="0.001 0.041 -0.051"/>
			<part node="mL1_scaler" startTime="0.4001" endTime="0.5" startTrans="0.001 0.041 -0.051" endTrans="0.001 0.041 -0.229"/>
			<part node="mL1_scaler" startTime="0.5" endTime="0.5001" startTrans="0.001 0.041 -0.229" endTrans="0.001 0.041 -0.051"/>
			<part node="mL1_scaler" startTime="0.5001" endTime="0.6" startTrans="0.001 0.041 -0.051" endTrans="0.001 0.041 -0.229"/>
			<part node="mL1_scaler" startTime="0.6" endTime="0.6001" startTrans="0.001 0.041 -0.229" endTrans="0.001 0.041 -0.051"/>
			<part node="mL1_scaler" startTime="0.6001" endTime="0.7" startTrans="0.001 0.041 -0.051" endTrans="0.001 0.041 -0.229"/>
			<part node="mL1_scaler" startTime="0.7" endTime="0.7001" startTrans="0.001 0.041 -0.229" endTrans="0.001 0.041 -0.051"/>
			<part node="mL1_scaler" startTime="0.7001" endTime="0.8" startTrans="0.001 0.041 -0.051" endTrans="0.001 0.041 -0.229"/>
			<part node="mL1_scaler" startTime="0.8" endTime="0.8001" startTrans="0.001 0.041 -0.229" endTrans="0.001 0.041 -0.051"/>
			<part node="mL1_scaler" startTime="0.8001" endTime="0.9" startTrans="0.001 0.041 -0.051" endTrans="0.001 0.041 -0.229"/>
			<part node="mL1_scaler" startTime="0.9" endTime="0.9001" startTrans="0.001 0.041 -0.229" endTrans="0.001 0.041 -0.051"/>
			<part node="mL1_scaler" startTime="0.9001" endTime="1.0" startTrans="0.001 0.041 -0.051" endTrans="0.001 0.041 -0.229"/>
		</animation>
		
		<animation name="FillLevel">
            <part node="Fill_01" startTime="0" endTime="0.1" visibility="false" />
			<part node="Fill_02" startTime="0" endTime="0.4" visibility="false" />
			<part node="Fill_03" startTime="0" endTime="0.8" visibility="false" />
			<part node="Fill_04" startTime="0" endTime="1.2" visibility="false" />
			<part node="Fill_05" startTime="0" endTime="1.6" visibility="false" />
			<part node="Fill_06" startTime="0" endTime="2.0" visibility="false" />
			<part node="Fill_07" startTime="0" endTime="2.4" visibility="false" />
			<part node="Fill_08" startTime="0" endTime="2.8" visibility="false" />
			<part node="Fill_09" startTime="0" endTime="3.2" visibility="false" />
			<part node="Fill_10" startTime="0" endTime="3.6" visibility="false" />
			<part node="Fill_11" startTime="0" endTime="4.0" visibility="false" />
			<part node="Fill_12" startTime="0" endTime="4.4" visibility="false" />
			<part node="Fill_13" startTime="0" endTime="4.8" visibility="false" />
			<part node="Fill_14" startTime="0" endTime="5.2" visibility="false" />
			<part node="Fill_15" startTime="0" endTime="5.6" visibility="false" />
			<part node="Fill_16" startTime="0" endTime="6.0" visibility="false" />
			<part node="Fill_17" startTime="0" endTime="6.4" visibility="false" />
			<part node="Fill_18" startTime="0" endTime="6.8" visibility="false" />
			<part node="Fill_19" startTime="0" endTime="7.2" visibility="false" />
			<part node="Fill_20" startTime="0" endTime="7.6" visibility="false" />
			<part node="Fill_21" startTime="0" endTime="8.0" visibility="false" />
			<part node="Fill_22" startTime="0" endTime="8.4" visibility="false" />
			<part node="Fill_23" startTime="0" endTime="8.8" visibility="false" />
			<part node="Fill_24" startTime="0" endTime="9.2" visibility="false" />
			<part node="Fill_25" startTime="0" endTime="9.6" visibility="false" />
			
			<part node="Fill_01" startTime="0.11" endTime="0.4" visibility="true" />
			<part node="Fill_02" startTime="0.41" endTime="0.8" visibility="true" />
			<part node="Fill_03" startTime="0.81" endTime="1.2" visibility="true" />
			<part node="Fill_04" startTime="1.21" endTime="1.6" visibility="true" />
			<part node="Fill_05" startTime="1.61" endTime="2.0" visibility="true" />
			<part node="Fill_06" startTime="2.01" endTime="2.4" visibility="true" />
			<part node="Fill_07" startTime="2.41" endTime="2.8" visibility="true" />
			<part node="Fill_08" startTime="2.81" endTime="3.2" visibility="true" />
			<part node="Fill_09" startTime="3.21" endTime="3.6" visibility="true" />
			<part node="Fill_10" startTime="3.61" endTime="2.0" visibility="true" />
			<part node="Fill_11" startTime="4.01" endTime="4.4" visibility="true" />
			<part node="Fill_12" startTime="4.41" endTime="4.8" visibility="true" />
			<part node="Fill_13" startTime="4.81" endTime="5.2" visibility="true" />
			<part node="Fill_14" startTime="5.21" endTime="5.6" visibility="true" />
			<part node="Fill_15" startTime="5.61" endTime="6.0" visibility="true" />
			<part node="Fill_16" startTime="6.01" endTime="6.4" visibility="true" />
			<part node="Fill_17" startTime="6.41" endTime="6.8" visibility="true" />
			<part node="Fill_18" startTime="6.81" endTime="7.2" visibility="true" />
			<part node="Fill_19" startTime="7.21" endTime="7.6" visibility="true" />
			<part node="Fill_20" startTime="7.61" endTime="8.0" visibility="true" />
			<part node="Fill_21" startTime="8.01" endTime="8.4" visibility="true" />
			<part node="Fill_22" startTime="8.41" endTime="8.8" visibility="true" />
			<part node="Fill_23" startTime="8.81" endTime="9.2" visibility="true" />
			<part node="Fill_24" startTime="9.21" endTime="9.6" visibility="true" />
			<part node="Fill_25" startTime="9.61" endTime="10" visibility="true" />
        </animation>
    </animations>
	
	<designConfigurations>
        <designConfiguration name="$l10n_None" price="0">
			<objectChange node="Konfi_Ferti" visibilityActive="false"/>
			<objectChange node="Prototyp" visibilityActive="false"/>
			<objectChange node="Konfi_Salt" visibilityActive="true"/>
			<objectChange node="Winterdienst" visibilityActive="true"/>
			<objectChange node="ref_Streurad_L" visibilityActive="false"/>
			<objectChange node="ref_Streurad_M" visibilityActive="true"/>
			<objectChange node="ref_Streurad_R" visibilityActive="false"/>
			<objectChange node="Workwidht_8m" visibilityActive="false"/>
			<objectChange node="Workwidht_12m" visibilityActive="false"/>
			<objectChange node="Workwidht_24m" visibilityActive="false"/>
			<objectChange node="UI_text_Salt" visibilityActive="true"/>
			<objectChange node="Saltiangle" visibilityActive="false"/>
			<objectChange node="effectNodeFerti" visibilityActive="false"/>
			<objectChange node="effectNodeLime" visibilityActive="false"/>
			<objectChange node="effectNodeLimeParticleSmoke" visibilityActive="false"/>
			<objectChange node="effectNodeSalt" visibilityActive="false"/>
        </designConfiguration>
    </designConfigurations>

    <baseMaterial>
        <material name="decal_Spreader_color" baseNode="Vis_Main">
            <shaderParameter name="colorMat0" value="0.050 0.050 0.070 16"/>
			<shaderParameter name="colorMat1" value="1 1 1 8"/>
			<shaderParameter name="colorMat2" value="1.000 0.050 0.025 16"/>
			<shaderParameter name="colorMat3" value="0.050 0.050 1.000 1"/>
			<shaderParameter name="colorMat4" value="0.040 0.040 0.040 16"/>
			<shaderParameter name="colorMat5" value="0.090 0.090 0.090 16"/>
			<shaderParameter name="colorMat6" value="0.050 0.050 0.070 16"/>
			<shaderParameter name="colorMat7" value="0.10 1.00 1.00 1.0"/>
        </material>
		<material name="Plane_mat" baseNode="Plane_L">
            <shaderParameter name="colorMat0" value="0.050 0.050 0.070 16"/>
			<shaderParameter name="colorMat1" value="1 1 1 8"/>
			<shaderParameter name="colorMat2" value="1.000 0.050 0.025 16"/>
			<shaderParameter name="colorMat3" value="0.050 0.050 1.000 1"/>
			<shaderParameter name="colorMat4" value="0.040 0.040 0.040 16"/>
			<shaderParameter name="colorMat5" value="0.090 0.090 0.090 16"/>
			<shaderParameter name="colorMat6" value="0.050 0.050 0.070 16"/>
			<shaderParameter name="colorMat7" value="0.10 1.00 1.00 1.0"/>
        </material>
		<material name="Plane_mat" baseNode="Plane_R">
            <shaderParameter name="colorMat0" value="0.050 0.050 0.070 16"/>
			<shaderParameter name="colorMat1" value="1 1 1 8"/>
			<shaderParameter name="colorMat2" value="1.000 0.050 0.025 16"/>
			<shaderParameter name="colorMat3" value="0.050 0.050 1.000 1"/>
			<shaderParameter name="colorMat4" value="0.040 0.040 0.040 16"/>
			<shaderParameter name="colorMat5" value="0.090 0.090 0.090 16"/>
			<shaderParameter name="colorMat6" value="0.050 0.050 0.070 16"/>
			<shaderParameter name="colorMat7" value="0.10 1.00 1.00 1.0"/>
        </material>
    </baseMaterial>
	<!-- P1 red -->
	<baseMaterialConfigurations price="1500" useDefaultColors="false" defaultColorIndex="0">
        <baseMaterialConfiguration color="1.000 0.050 0.025"/> <!-- red -->
		<baseMaterialConfiguration color="0.050 0.050 0.070"/> <!-- dark -->
		<baseMaterialConfiguration color="1.000 0.250 0.000"/> <!-- orange -->
		<material name="decal_Spreader_color" shaderParameter="colorMat2" />
    </baseMaterialConfigurations>
	<!-- P2 Plane -->
	<designMaterialConfigurations price="500" useDefaultColors="false" defaultColorIndex="0">
		<designMaterialConfiguration color="0.800 0.800 0.800"/> <!-- grey -->
		<designMaterialConfiguration color="1.000 0.050 0.025"/> <!-- red -->
		<designMaterialConfiguration color="1.000 0.250 0.000"/> <!-- orange -->
		<designMaterialConfiguration color="0.100 0.100 1.000"/> <!-- blue -->
		<designMaterialConfiguration color="0.050 0.050 0.070"/> <!-- dark -->
		<material name="Plane_mat" shaderParameter="colorMat3" />
	</designMaterialConfigurations>

    <foliageBending>
        <bendingNode minX="-1.2" maxX="1.2" minZ="-1" maxZ="0" yOffset="0" />
    </foliageBending>

    <wearable wearDuration="480" workMultiplier="5" fieldMultiplier="2"/>
    <washable dirtDuration="90" washDuration="1" workMultiplier="4" fieldMultiplier="2"/>
	
	<dynamicallyLoadedParts>
		<dynamicallyLoadedPart node="0" linkNode="LP_Monitor_H" filename="parts/Monitor1x.i3d" />
	</dynamicallyLoadedParts>

    <i3dMappings>
        <i3dMapping id="Col_Main" node="0>" />
        <i3dMapping id="attacherjoint_F" node="0>0|0" />
        <i3dMapping id="attacherjoint_H" node="0>0|1" />
        <i3dMapping id="ref_support_F" node="0>0|2" />
        <i3dMapping id="ref_supportHydr" node="0>0|2|2" />
        <i3dMapping id="ref_support_H" node="0>0|3" />
        <i3dMapping id="ref_Zyl" node="0>0|4" />
        <i3dMapping id="Zyl_Support" node="0>0|4|0" />
        <i3dMapping id="Kolben_Support" node="0>0|4|0|0" />
        <i3dMapping id="RPB_Pipes_2" node="0>0|4|0|1" />
        <i3dMapping id="RPB_PipeOut" node="0>1|0" />
        <i3dMapping id="RPB_Schuerze_1" node="0>1|1" />
        <i3dMapping id="sizeMarkerLeft" node="0>1|2|0|0" />
        <i3dMapping id="sizeMarkerRight" node="0>1|2|0|1" />
        <i3dMapping id="sizeMarkerBack" node="0>1|2|0|2" />
        <i3dMapping id="ref_WorkAngle" node="0>2" />
        <i3dMapping id="workArea" node="0>2|0" />
        <i3dMapping id="ref_workAreaStart" node="0>2|0|0" />
        <i3dMapping id="workAreaStart" node="0>2|0|0|0" />
        <i3dMapping id="areaMarkerBack" node="0>2|0|0|1" />
        <i3dMapping id="ref_workAreaWidth" node="0>2|0|1" />
        <i3dMapping id="adjust_workAreaWidth" node="0>2|0|1|0" />
        <i3dMapping id="workAreaWidth" node="0>2|0|1|0|0" />
        <i3dMapping id="areaMarkerRight" node="0>2|0|1|0|1" />
        <i3dMapping id="ref_workAreaHeight" node="0>2|0|2" />
        <i3dMapping id="adjust_workAreaHeight" node="0>2|0|2|0" />
        <i3dMapping id="workAreaHeight" node="0>2|0|2|0|0" />
        <i3dMapping id="areaMarkerLeft" node="0>2|0|2|0|1" />
        <i3dMapping id="workArea_L" node="0>2|1" />
        <i3dMapping id="ref_workAreaStart_L" node="0>2|1|0" />
        <i3dMapping id="workAreaStart_L" node="0>2|1|0|0" />
        <i3dMapping id="ref_workAreaWidth_L" node="0>2|1|1" />
        <i3dMapping id="adjust_workAreaWidth_L" node="0>2|1|1|0" />
        <i3dMapping id="workAreaWidth_L" node="0>2|1|1|0|0" />
        <i3dMapping id="areaMarkerRight_L" node="0>2|1|1|0|1" />
        <i3dMapping id="ref_workAreaHeight_L" node="0>2|1|2" />
        <i3dMapping id="adjust_workAreaHeight_L" node="0>2|1|2|0" />
        <i3dMapping id="workAreaHeight_L" node="0>2|1|2|0|0" />
        <i3dMapping id="areaMarkerLeft_L" node="0>2|1|2|0|1" />
        <i3dMapping id="adjust_effect" node="0>2|2|0" />
        <i3dMapping id="effectNodeFerti" node="0>2|2|0|0" />
        <i3dMapping id="effectNodeLime" node="0>2|2|0|1" />
        <i3dMapping id="effectNodeLimeParticleSmoke" node="0>2|2|0|2" />
        <i3dMapping id="effectNodeSalt" node="0>2|2|0|3" />
        <i3dMapping id="ref_UI" node="0>3" />
        <i3dMapping id="ref_UI_F" node="0>3|0" />
        <i3dMapping id="ref_UI_H" node="0>3|1" />
        <i3dMapping id="LP_Monitor_H" node="0>3|1|0" />
        <i3dMapping id="ref_Disp_Ferti" node="0>3|1|1" />
        <i3dMapping id="Cover_close" node="0>3|1|1|0" />
        <i3dMapping id="Cover_open" node="0>3|1|1|1" />
        <i3dMapping id="Fill_01" node="0>3|1|1|2|0" />
        <i3dMapping id="Fill_02" node="0>3|1|1|2|1" />
        <i3dMapping id="Fill_03" node="0>3|1|1|2|2" />
        <i3dMapping id="Fill_04" node="0>3|1|1|2|3" />
        <i3dMapping id="Fill_05" node="0>3|1|1|2|4" />
        <i3dMapping id="Fill_06" node="0>3|1|1|2|5" />
        <i3dMapping id="Fill_07" node="0>3|1|1|2|6" />
        <i3dMapping id="Fill_08" node="0>3|1|1|2|7" />
        <i3dMapping id="Fill_09" node="0>3|1|1|2|8" />
        <i3dMapping id="Fill_10" node="0>3|1|1|2|9" />
        <i3dMapping id="Fill_11" node="0>3|1|1|2|10" />
        <i3dMapping id="Fill_12" node="0>3|1|1|2|11" />
        <i3dMapping id="Fill_13" node="0>3|1|1|2|12" />
        <i3dMapping id="Fill_14" node="0>3|1|1|2|13" />
        <i3dMapping id="Fill_15" node="0>3|1|1|2|14" />
        <i3dMapping id="Fill_16" node="0>3|1|1|2|15" />
        <i3dMapping id="Fill_17" node="0>3|1|1|2|16" />
        <i3dMapping id="Fill_18" node="0>3|1|1|2|17" />
        <i3dMapping id="Fill_19" node="0>3|1|1|2|18" />
        <i3dMapping id="Fill_20" node="0>3|1|1|2|19" />
        <i3dMapping id="Fill_21" node="0>3|1|1|2|20" />
        <i3dMapping id="Fill_22" node="0>3|1|1|2|21" />
        <i3dMapping id="Fill_23" node="0>3|1|1|2|22" />
        <i3dMapping id="Fill_24" node="0>3|1|1|2|23" />
        <i3dMapping id="Fill_25" node="0>3|1|1|2|24" />
        <i3dMapping id="UI_WorkAngle" node="0>3|1|1|3" />
        <i3dMapping id="Fertiangle" node="0>3|1|1|3|0" />
        <i3dMapping id="Saltiangle" node="0>3|1|1|3|1" />
        <i3dMapping id="Workwidht_8m" node="0>3|1|1|4" />
        <i3dMapping id="ZS3" node="0>3|1|1|4|0" />
        <i3dMapping id="ZS4" node="0>3|1|1|4|1" />
        <i3dMapping id="ZS5" node="0>3|1|1|4|2" />
        <i3dMapping id="ZS6" node="0>3|1|1|4|3" />
        <i3dMapping id="ZS7" node="0>3|1|1|4|4" />
        <i3dMapping id="ZS8" node="0>3|1|1|4|5" />
        <i3dMapping id="mS1_scaler" node="0>3|1|1|4|6" />
        <i3dMapping id="Workwidht_12m" node="0>3|1|1|5" />
        <i3dMapping id="ZL02" node="0>3|1|1|5|0" />
        <i3dMapping id="ZL03" node="0>3|1|1|5|1" />
        <i3dMapping id="ZL04" node="0>3|1|1|5|2" />
        <i3dMapping id="ZL05" node="0>3|1|1|5|3" />
        <i3dMapping id="ZL06" node="0>3|1|1|5|4" />
        <i3dMapping id="ZL07" node="0>3|1|1|5|5" />
        <i3dMapping id="ZL08" node="0>3|1|1|5|6" />
        <i3dMapping id="ZL09" node="0>3|1|1|5|7" />
        <i3dMapping id="ZL10" node="0>3|1|1|5|8" />
        <i3dMapping id="ZL11" node="0>3|1|1|5|9" />
        <i3dMapping id="ZL12" node="0>3|1|1|5|10" />
        <i3dMapping id="mL1_scaler" node="0>3|1|1|5|11" />
        <i3dMapping id="Workwidht_24m" node="0>3|1|1|6" />
        <i3dMapping id="Z04" node="0>3|1|1|6|0" />
        <i3dMapping id="Z06" node="0>3|1|1|6|1" />
        <i3dMapping id="Z08" node="0>3|1|1|6|2" />
        <i3dMapping id="Z10" node="0>3|1|1|6|3" />
        <i3dMapping id="Z12" node="0>3|1|1|6|4" />
        <i3dMapping id="Z14" node="0>3|1|1|6|5" />
        <i3dMapping id="Z16" node="0>3|1|1|6|6" />
        <i3dMapping id="Z18" node="0>3|1|1|6|7" />
        <i3dMapping id="Z20" node="0>3|1|1|6|8" />
        <i3dMapping id="Z22" node="0>3|1|1|6|9" />
        <i3dMapping id="Z24" node="0>3|1|1|6|10" />
        <i3dMapping id="m2_scaler" node="0>3|1|1|6|11" />
        <i3dMapping id="Rotor_L" node="0>3|1|1|7|0" />
        <i3dMapping id="Rotor_R" node="0>3|1|1|7|1" />
        <i3dMapping id="graphics" node="0>3|1|1|9" />
        <i3dMapping id="UI_text_Lime" node="0>3|1|1|12" />
        <i3dMapping id="UI_text_Fertilizer" node="0>3|1|1|13" />
        <i3dMapping id="UI_text_Salt" node="0>3|1|1|14" />
        <i3dMapping id="LP_Monitor_F" node="0>3|1|2" />
        <i3dMapping id="fillVolume" node="0>4|0" />
        <i3dMapping id="exactFillRootNode" node="0>4|1" />
        <i3dMapping id="Pipes_support" node="0>5|0" />
        <i3dMapping id="B_Pipe_1" node="0>5|1" />
        <i3dMapping id="B_Pipe_2" node="0>5|1|0" />
        <i3dMapping id="Plane_L" node="0>5|2" />
        <i3dMapping id="B_PlaneL_1" node="0>5|3" />
        <i3dMapping id="B_PlaneL_2" node="0>5|3|0" />
        <i3dMapping id="B_PlaneL_3" node="0>5|3|0|0" />
        <i3dMapping id="B_PlaneL_4" node="0>5|3|0|0|0" />
        <i3dMapping id="B_PlaneL_5" node="0>5|3|0|0|0|0" />
        <i3dMapping id="Plane_R" node="0>5|4" />
        <i3dMapping id="B_PlaneR_1" node="0>5|5" />
        <i3dMapping id="B_PlaneR_2" node="0>5|5|0" />
        <i3dMapping id="B_PlaneR_3" node="0>5|5|0|0" />
        <i3dMapping id="B_PlaneR_4" node="0>5|5|0|0|0" />
        <i3dMapping id="B_PlaneR_5" node="0>5|5|0|0|0|0" />
        <i3dMapping id="B_Schuerze_1" node="0>5|7" />
        <i3dMapping id="B_Schuerze_2" node="0>5|7|0" />
        <i3dMapping id="ref_Streurad_L" node="0>6|0" />
        <i3dMapping id="Streurad_L" node="0>6|0|0" />
        <i3dMapping id="ref_Streurad_M" node="0>6|1" />
        <i3dMapping id="Streurad_M" node="0>6|1|0" />
        <i3dMapping id="ref_Streurad_R" node="0>6|2" />
        <i3dMapping id="Streurad_R" node="0>6|2|0" />
        <i3dMapping id="ref_Schnecke" node="0>6|3" />
        <i3dMapping id="Schnecke" node="0>6|3|0" />
        <i3dMapping id="anim_PLane_LK" node="0>7|0" />
        <i3dMapping id="anim_PLane_LKb" node="0>7|0|0" />
        <i3dMapping id="RPB_Plane_L2" node="0>7|0|0|0" />
        <i3dMapping id="RPB_Plane_L3" node="0>7|0|1" />
        <i3dMapping id="anim_PLane_LM" node="0>7|1" />
        <i3dMapping id="anim_PLane_LMb" node="0>7|1|0" />
        <i3dMapping id="RPB_Plane_L4" node="0>7|1|0|0" />
        <i3dMapping id="RPB_Plane_L5" node="0>7|1|1" />
        <i3dMapping id="anim_PLane_RK" node="0>7|2" />
        <i3dMapping id="anim_PLane_RKb" node="0>7|2|0" />
        <i3dMapping id="RPB_Plane_R2" node="0>7|2|0|0" />
        <i3dMapping id="RPB_Plane_R3" node="0>7|2|1" />
        <i3dMapping id="anim_PLane_RM" node="0>7|3" />
        <i3dMapping id="anim_PLane_RMb" node="0>7|3|0" />
        <i3dMapping id="RPB_Plane_R4" node="0>7|3|0|0" />
        <i3dMapping id="RPB_Plane_R5" node="0>7|3|1" />
        <i3dMapping id="RPB_Plane_L1" node="0>7|4" />
        <i3dMapping id="RPB_Plane_R1" node="0>7|5" />
        <i3dMapping id="Backlamp_L" node="0>8|0|0" />
        <i3dMapping id="Backlamp_R" node="0>8|0|1" />
        <i3dMapping id="backLightsHigh1" node="0>8|1|0" />
        <i3dMapping id="backLightsHigh2" node="0>8|1|0|0" />
        <i3dMapping id="turnLightLeftBack" node="0>8|2|0" />
        <i3dMapping id="turnLightRightBack" node="0>8|2|1" />
        <i3dMapping id="Konfi_Ferti" node="0>9|3" />
        <i3dMapping id="Prototyp" node="0>9|3|3" />
        <i3dMapping id="Konfi_Salt" node="0>9|4" />
        <i3dMapping id="Winterdienst" node="0>9|4|3" />
        <i3dMapping id="Vis_Main" node="0>9|8" />
        <i3dMapping id="Col_Schuerze" node="1>" />
        <i3dMapping id="RPB_Schuerze_2" node="1>0" />
    </i3dMappings>
</vehicle>
