<?xml version="1.0" encoding="utf-8" standalone="no"?>
<vehicle type="spreader">
    <annotation>Copyright (C) GIANTS Software GmbH, All Rights Reserved.</annotation>

    <storeData>
        <name>Snow Melter</name>
        <functions>
            <function>$l10n_function_snowMelter</function>
        </functions>
        <image>store_TS215.png</image>
        <price>10000</price>
        <lifetime>600</lifetime>
        <rotation>0</rotation>
        <shopHeight>2.2</shopHeight>
        <brand>HAUER</brand>
        <category>misc</category>
        <vertexBufferMemoryUsage>0</vertexBufferMemoryUsage>
        <indexBufferMemoryUsage>0</indexBufferMemoryUsage>
        <textureMemoryUsage>0</textureMemoryUsage>
        <instanceVertexBufferMemoryUsage>0</instanceVertexBufferMemoryUsage>
        <instanceIndexBufferMemoryUsage>0</instanceIndexBufferMemoryUsage>
    </storeData>

    <base>
        <typeDesc>$l10n_typeDesc_snowMelter</typeDesc>
        <filename>vehicles/TS215.i3d</filename>
        <size width="2" length="2"/>
        <speedLimit value="25"/>
        <components>
            <component centerOfMass="0 0.2 0" solverIterationCount="10" mass="250"/>
        </components>
        <schemaOverlay attacherJointPosition="0 0">
            <default name="DEFAULT_IMPLEMENT"/>
            <selected name="DEFAULT_IMPLEMENT_SELECTED"/>
            <turnedOn name="DEFAULT_IMPLEMENT_ON"/>
            <turnedOnSelected name="DEFAULT_IMPLEMENT_SELECTED_ON"/>
        </schemaOverlay>
    </base>

    <powerConsumer ptoRpm="450" neededMaxPtoPower="10"/>

    <lights>
        <sharedLight linkNode="rearLightCircleWhite_02" filename="$data/shared/assets/lights/lizard/rearLightCircleWhite_02.xml"/>
        <sharedLight linkNode="rearLightCircleWhite_03" filename="$data/shared/assets/lights/lizard/rearLightCircleWhite_02.xml"/>
        <sharedLight linkNode="sideMarker_04Red" filename="$data/shared/assets/lights/lizard/sideMarker_04Red.xml"/>
        <sharedLight linkNode="sideMarker_04Red1" filename="$data/shared/assets/lights/lizard/sideMarker_04Red.xml"/>
    </lights>

    <workAreas>
        <workArea type="sprayer" functionName="processSprayerArea" disableBackwards="false" requiresGroundContact="false" sprayType="1" ignoresFrozenSoil="true">
            <area startNode="workAreaStart" widthNode="workAreaWidth" heightNode="workAreaHeight"/>
        </workArea>
    </workAreas>

    <attachable>
        <inputAttacherJoints>
            <inputAttacherJoint node="attacherJoint" jointType="implement" topReferenceNode="topReferenceNode" lowerRotLimitScale="0 0 0" upperRotationOffset="2" lowerTransLimitScale="0 0 0" needsLowering="false">
                <distanceToGround lower="0.2" upper="0.75"/>
            </inputAttacherJoint>
        </inputAttacherJoints>
        <support animationName="moveSupport"/>
    </attachable>

    <fillUnit>
        <fillUnitConfigurations>
            <fillUnitConfiguration>
                <fillUnits>
                    <unloading width="7" offset="0 0 0"/>
                    <fillUnit unit="$l10n_unit_literShort" fillTypes="snow" capacity="10000">
                        <exactFillRootNode node="exactFillRootNode"/>
                    </fillUnit>
                </fillUnits>
            </fillUnitConfiguration>
        </fillUnitConfigurations>
    </fillUnit>

    <fillVolume>
        <fillVolumeConfigurations>
            <fillVolumeConfiguration>
                <volumes>
                    <volume node="fillVolume" maxDelta="0.1" maxAllowedHeapAngle="10" fillUnitIndex="1"/>
                </volumes>
            </fillVolumeConfiguration>
        </fillVolumeConfigurations>
    </fillVolume>

    <sprayer fillUnitIndex="1">
        <usageScales scale="4" workingWidth="8"/>
        <animationNodes>
            <animationNode node="rotor1" rotSpeed="1250" turnOnFadeTime="0.5" turnOffFadeTime="1"/>
            <animationNode node="auger" rotSpeed="250" turnOnFadeTime="0.5" turnOffFadeTime="1"/>
        </animationNodes>
    </sprayer>

    <dischargeable requiresTipOcclusionArea="false"/>

    <shovel>
        <shovelNode node="pickUpNode" fillUnitIndex="1" loadInfoIndex="1" width="8" length="0.5" needsMovement="true" maxPickupAngle="105"/>
    </shovel>

    <turnOnVehicle>
        <sounds>
            <work template="DEFAULT_SPREADER" linkNode="ts215_main_component1"/>
        </sounds>
    </turnOnVehicle>

    <cover>
        <coverConfigurations>
            <coverConfiguration>
                <cover openAnimation="toggleCover" openOnBuy="false" fillUnitIndices="1"/>
            </coverConfiguration>
        </coverConfigurations>
    </cover>

    <ai>
        <needsLowering value="false"/>
    </ai>

    <cylindered>
        <movingTools>
            <movingTool node="ts215_vis" playSound="true">
                <controls axis="AXIS_FRONTLOADER_TOOL2" invertAxis="false" mouseSpeedFactor="1.2" iconName="GRABBER_ROTATE_Y"/>
                <rotation rotSpeed="15" rotAcceleration="80" rotMax="0" rotMin="-77" rotationAxis="1"/>
                <dependentPart node="hydraulic"/>
            </movingTool>
        </movingTools>
        <movingParts>
            <movingPart node="hydraulic" referencePoint="hydraulicRef" referenceFrame="hydraulicRef">
                <translatingPart node="hydraulicPunch"/>
            </movingPart>
        </movingParts>
        <sounds>
            <hydraulic template="DEFAULT_HYDRAULIC_SOUND" linkNode="ts215_main_component1"/>
        </sounds>
    </cylindered>

    <connectionHoses>
        <hose inputAttacherJointIndices="1" type="hydraulicIn" node="hydraulicIn01" length="1.5" diameter="0.02" straighteningFactor="1.5">
            <objectChange node="hydraulicIn01_detached" visibilityActive="false" visibilityInactive="true"/>
        </hose>
        <hose inputAttacherJointIndices="1" type="hydraulicOut" node="hydraulicOut01" length="1.5" diameter="0.02" straighteningFactor="1.5">
            <objectChange node="hydraulicOut01_detached" visibilityActive="false" visibilityInactive="true"/>
        </hose>
    </connectionHoses>
	
    <animations>
        <animation name="moveSupport">
            <part node="supportArm" startTime="0" endTime="0.5" startRot="0 0 0" endRot="-112.5 0 0"/>
        </animation>
        <animation name="toggleCover">
            <part node="cover" startTime="0" endTime="0.02" visibility="true"/>
            <part node="cover" startTime="0.02" endTime="0.04" visibility="false"/>
        </animation>
    </animations>

    <foliageBending>
        <bendingNode minX="-0.8" maxX="0.8" minZ="-0.6" maxZ="0.6" yOffset="0.1"/>
    </foliageBending>

    <wearable wearDuration="480" workMultiplier="5" fieldMultiplier="2"/>
    <washable dirtDuration="90" washDuration="1" workMultiplier="4" fieldMultiplier="2"/>

    <i3dMappings>
        <i3dMapping id="ts215_main_component1" node="0>" />
        <i3dMapping id="attacherJoint" node="0>0|0|0" />
        <i3dMapping id="topReferenceNode" node="0>0|0|1" />
        <i3dMapping id="hydraulicRef" node="0>0|0|2" />
        <i3dMapping id="ts215_vis" node="0>0|1" />
        <i3dMapping id="supportArm" node="0>0|1|0|0" />
        <i3dMapping id="rearLightCircleWhite_02" node="0>0|1|1|0" />
        <i3dMapping id="sideMarker_04Red" node="0>0|1|1|1" />
        <i3dMapping id="sideMarker_04Red1" node="0>0|1|1|2" />
        <i3dMapping id="rearLightCircleWhite_03" node="0>0|1|1|3" />
        <i3dMapping id="rotor1" node="0>0|1|2|0" />
        <i3dMapping id="cover" node="0>0|1|2|1" />
        <i3dMapping id="auger" node="0>0|1|2|2|0" />
        <i3dMapping id="exactFillRootNode" node="0>0|1|3|0" />
        <i3dMapping id="fillVolume" node="0>0|1|3|1" />
        <i3dMapping id="pickUpNode" node="0>0|1|3|2" />
        <i3dMapping id="workAreaStart" node="0>0|1|4|0" />
        <i3dMapping id="workAreaWidth" node="0>0|1|4|1" />
        <i3dMapping id="workAreaHeight" node="0>0|1|4|2" />
        <i3dMapping id="hydraulic" node="0>0|1|6|0" />
        <i3dMapping id="hydraulicPunch" node="0>0|1|6|0|0" />
        <i3dMapping id="hydraulicIn01" node="0>0|1|7|0" />
        <i3dMapping id="hydraulicIn01_detached" node="0>0|1|7|0|0" />
        <i3dMapping id="hydraulicOut01" node="0>0|1|7|1" />
        <i3dMapping id="hydraulicOut01_detached" node="0>0|1|7|1|0" />
    </i3dMappings>
</vehicle>
